seed,FUSION_ALIGNED,OPTICAL_ONLY,SAR_ALIGNED_ONLY,fusion_minus_optical
0,0.6856060606060606,0.6439393939393939,0.553030303030303,0.04166666666666663
1,0.6837121212121212,0.6439393939393939,0.5738636363636364,0.03977272727272729
2,0.6420454545454546,0.6647727272727273,0.553030303030303,-0.022727272727272707
3,0.6420454545454546,0.6439393939393939,0.553030303030303,-0.0018939393939393367
4,0.600378787878788,0.6856060606060606,0.553030303030303,-0.0852272727272726
5,0.7064393939393939,0.7064393939393939,0.553030303030303,0.0
6,0.7064393939393939,0.6856060606060607,0.553030303030303,0.02083333333333326
7,0.6647727272727273,0.600378787878788,0.5757575757575757,0.06439393939393934
8,0.6856060606060606,0.6628787878787878,0.553030303030303,0.022727272727272707
9,0.6837121212121212,0.6647727272727273,0.553030303030303,0.018939393939393923
10,0.7045454545454546,0.600378787878788,0.5757575757575757,0.10416666666666663
11,0.6856060606060606,0.6647727272727273,0.5757575757575757,0.02083333333333326
12,0.6837121212121212,0.6647727272727273,0.5757575757575757,0.018939393939393923
13,0.6420454545454546,0.6212121212121212,0.5340909090909091,0.02083333333333337
14,0.6837121212121212,0.6420454545454546,0.5321969696969697,0.04166666666666663
15,0.6647727272727273,0.6439393939393939,0.5321969696969697,0.02083333333333337
16,0.6647727272727273,0.6647727272727273,0.553030303030303,0.0
17,0.6439393939393939,0.6439393939393939,0.5738636363636364,0.0
18,0.662878787878788,0.6212121212121213,0.553030303030303,0.04166666666666663
19,0.6856060606060606,0.6856060606060607,0.5738636363636364,-1.1102230246251565e-16
