pilot_id,class4,zone,OPT_gndvi_2023-02-17,OPT_ndmi_2023-02-17,OPT_ndre_2023-02-17,OPT_ndvi_2023-02-17,OPT_gndvi_2023-05-23,OPT_ndmi_2023-05-23,OPT_ndre_2023-05-23,OPT_ndvi_2023-05-23,OPT_gndvi_2023-07-17,OPT_ndmi_2023-07-17,OPT_ndre_2023-07-17,OPT_ndvi_2023-07-17,OPT_gndvi_2023-09-10,OPT_ndmi_2023-09-10,OPT_ndre_2023-09-10,OPT_ndvi_2023-09-10,OPT_gndvi_2023-10-10,OPT_ndmi_2023-10-10,OPT_ndre_2023-10-10,OPT_ndvi_2023-10-10,SARFULL_vv_gamma0_db_mean,SARFULL_vv_gamma0_db_median,SARFULL_vv_gamma0_db_std,SARFULL_vv_gamma0_db_p10,SARFULL_vv_gamma0_db_p90,SARFULL_vv_gamma0_db_amp80,SARFULL_vh_gamma0_db_mean,SARFULL_vh_gamma0_db_median,SARFULL_vh_gamma0_db_std,SARFULL_vh_gamma0_db_p10,SARFULL_vh_gamma0_db_p90,SARFULL_vh_gamma0_db_amp80,SARFULL_vh_vv_ratio_db_mean,SARFULL_vh_vv_ratio_db_median,SARFULL_vh_vv_ratio_db_std,SARFULL_vh_vv_ratio_db_p10,SARFULL_vh_vv_ratio_db_p90,SARFULL_vh_vv_ratio_db_amp80,SARFULL_vh_gamma0_db_Q1_median,SARFULL_vh_gamma0_db_Q2_median,SARFULL_vh_gamma0_db_Q3_median,SARFULL_vh_gamma0_db_Q4_median,SARFULL_vh_vv_ratio_db_Q1_median,SARFULL_vh_vv_ratio_db_Q2_median,SARFULL_vh_vv_ratio_db_Q3_median,SARFULL_vh_vv_ratio_db_Q4_median,SARFULL_vv_gamma0_db_Q1_median,SARFULL_vv_gamma0_db_Q2_median,SARFULL_vv_gamma0_db_Q3_median,SARFULL_vv_gamma0_db_Q4_median
P001,VINEYARD,Imola,0.5809244811534882,-0.0063206288032233,0.335027664899826,0.5515434741973877,0.6523846685886383,0.2887738794088363,0.4491048157215118,0.7891224920749664,0.5640988647937775,-0.0012783707352355,0.3711341619491577,0.5686265826225281,0.523291826248169,-0.0540838874876499,0.2783266603946686,0.4593379497528076,0.5175472497940063,-0.0569671839475631,0.2456745952367782,0.4295178949832916,-10.079396696315117,-9.98556892797789,1.02155857276034,-11.34688704793894,-8.951530180484564,2.3953568674543764,-15.256295172488983,-15.299811433006067,1.0044047087456351,-16.317933603693287,-14.08246572420019,2.235467879493097,-5.176898476173866,-5.224254576020933,0.4473472827650723,-5.687026300596951,-4.570864434189307,1.1161618664076443,-15.851327080068767,-14.313615836494442,-15.162668313569275,-15.309568859330948,-5.540659340704495,-5.234182276752043,-5.329302539363604,-4.741824565946585,-11.27239229439648,-9.555535342670805,-9.82276802117785,-10.35127992118284
P002,VINEYARD,Imola,0.593999445438385,0.0149511527270078,0.3408306241035461,0.5695896148681641,0.5786144733428955,0.0707141980528831,0.3352841734886169,0.6057463884353638,0.5663747191429138,0.0359954349696636,0.3764346837997436,0.5651669502258301,0.4809234142303467,-0.1240267902612686,0.2196570485830307,0.3625926375389099,0.4695762395858764,-0.1345514357089996,0.206414058804512,0.3516303598880768,-10.827504929014696,-10.72069485894766,1.0497393604648821,-12.013140006146212,-9.347023010093045,2.6661169960531677,-13.829783903173633,-13.842776641927365,0.6547793325865834,-14.545362031054756,-12.945921062365485,1.5994409686892705,-3.00227897415894,-2.9520248730622116,0.9297432743079996,-4.2707074020992675,-1.9725673401565513,2.298140061942716,-13.762090141181073,-13.698759229330125,-14.11560179030004,-14.36027788499375,-2.426664142275832,-2.8055202293094252,-3.777781122534917,-2.9520248730622116,-11.628441111467389,-10.649656347699919,-10.46700676392368,-11.754809559998897
P003,VINEYARD,Imola,0.6012901961803436,0.0547404568642377,0.3666462004184723,0.6024558544158936,0.664350837469101,0.208758145570755,0.4659960865974426,0.7722074389457703,0.694881796836853,0.2451072111725807,0.5563755333423615,0.7855854034423828,0.6864099204540253,0.0840743146836757,0.4417925924062729,0.6976416409015656,0.6148931980133057,-0.0154879232868552,0.3551489263772964,0.5618691146373749,-9.679254495045168,-9.558313480861894,1.1792097940520814,-11.062817982334085,-8.260790109503576,2.802027872830509,-14.972554801053121,-14.866469834261158,1.0970436346227432,-16.69015448084157,-13.868056159536305,2.8220983213052655,-5.293300306007954,-5.357420030619817,0.5423350995673997,-5.966163081073469,-4.622083927567045,1.3440791535064234,-15.232496269325113,-14.255324776212495,-14.130540154827456,-15.428501967697937,-5.724189064610984,-5.286272084987896,-5.3509230293495325,-4.9073413006455855,-9.560511597144371,-9.133498028557263,-9.30282711257849,-10.24155285796027
P004,VINEYARD,Imola,0.5062152147293091,0.0183597803115844,0.305411159992218,0.451615497469902,0.3893083781003952,0.0459107104688882,0.2103281989693641,0.3671273440122604,0.5833823382854462,0.1417241618037223,0.4067679643630981,0.5690300762653351,0.4767268449068069,0.0302211381494998,0.2467978000640869,0.3734809011220932,0.4812996238470077,0.000302438478684,0.2303008213639259,0.3656892031431198,-8.769649046416498,-9.023545999687778,1.18599489801671,-9.853667256945293,-7.3735693851733,2.480097871771993,-15.337377933348566,-15.406353706473002,1.2779691013232644,-17.00024917559317,-13.468820597166127,3.5314285784270414,-6.56772888693207,-6.608069755327831,0.8365854800410252,-7.55712154757341,-5.526563959704926,2.0305575878684845,-15.262103998952256,-14.643255632058512,-15.247774619249745,-15.828570593217473,-6.913710243338621,-6.398504942554391,-5.665153720522192,-7.300930639220331,-8.56965412745286,-8.24475068950412,-9.361542046600444,-9.302123488435814
P005,VINEYARD,Castel_Bolognese,0.4949404895305633,-0.0497676134109497,0.2788528203964233,0.4634094685316086,0.3922973275184631,0.0331037994474172,0.2168174013495445,0.3736479431390762,0.4510905295610428,0.0833307430148124,0.3066794872283935,0.4500863999128341,0.4284462332725525,0.0215341104194521,0.2491013780236244,0.3726448565721512,0.505483865737915,0.0708526894450187,0.2858018726110458,0.4618941396474838,-8.957186519530842,-8.905783490521781,1.0694855790468527,-10.574662052095356,-7.621080121098814,2.953581930996542,-14.001258470790296,-13.9360443297937,0.899437882649701,-14.711662912151178,-12.953587093488606,1.7580758186625722,-5.044071951259452,-5.120001816255575,0.8557695687031025,-5.913936075104021,-3.9684563748500974,1.945479700253924,-13.724874796739831,-13.677587925652695,-14.427932283827571,-14.25990659358851,-4.2276776799991245,-5.3142236791282755,-5.8728481557795735,-4.838846266357143,-8.926553140131496,-8.616859541193552,-8.423466460426969,-9.331420838367848
P006,VINEYARD,Castel_Bolognese,0.5803433656692505,-0.0417285487055778,0.3245060443878174,0.5365325808525085,0.6815993189811707,0.208346351981163,0.5146987438201904,0.7774659395217896,0.7149552702903748,0.3422190845012665,0.6224458813667297,0.7769493460655212,0.662287712097168,0.2206729054450988,0.5410504341125488,0.6999967098236084,0.676048755645752,0.0881542041897773,0.4519863724708557,0.6741190552711487,-8.6712002716277,-8.782211610538477,1.2976432787505956,-10.010980410563448,-7.245037343888006,2.765943066675442,-14.587656095749708,-14.572556775600198,1.0802102126089834,-15.743151108801452,-13.25229833883513,2.490852769966322,-5.916455824122008,-5.902338448005043,0.6320548356895106,-6.71877818064231,-5.2460065828958635,1.4727715977464468,-15.599919340157468,-14.047035577545907,-14.631780583642016,-14.448781221145252,-5.356067464624656,-5.860833994119705,-6.199725863732178,-5.853651059344761,-9.495185948801131,-8.615578849632078,-8.749630809038877,-8.325542887461156
P007,VINEYARD,Castel_Bolognese,0.4330302774906158,-0.1126009635627269,0.2261181250214576,0.3499747067689895,0.5589938461780548,0.1553781479597091,0.3769539147615433,0.6320996582508087,0.6453938782215118,0.1625601053237915,0.503550797700882,0.6996503174304962,0.6419411599636078,0.1340709924697876,0.4682025164365768,0.6665551960468292,,,,,-9.670444587469907,-9.57528822494905,1.6147634610431645,-11.894894691666938,-7.941741767541082,3.953152924125856,-16.106775802842428,-15.780576291177034,1.3980788123154586,-18.19926954149857,-14.628179308001847,3.5710902334967223,-6.436331215372522,-6.387355850127822,0.8296749146787795,-7.392340304503191,-5.378767332469164,2.0135729720340265,-17.1758952980348,-15.643600048481467,-14.917356005133254,-15.926100053030282,-6.7181440681522,-6.295629663546513,-5.673301095829636,-7.294026753068557,-10.457751229882602,-9.500935244848035,-9.458457380265122,-9.5049117440672
P008,VINEYARD,Castel_Bolognese,0.6250714659690857,0.0832011923193931,0.3695878088474273,0.6125280261039734,0.4256935268640518,-0.0937638096511364,0.2011283189058303,0.3726087659597397,0.6206307113170624,0.0940418057143688,0.4434688836336136,0.6284538805484772,0.6785597801208496,0.1604939699172973,0.5063357949256897,0.717584639787674,,,,,-9.789532342656905,-9.395036449470378,1.2638470949485237,-11.419918446272582,-8.47945447085323,2.940463975419352,-15.39312615349877,-15.284209598789138,1.0785550456186506,-16.742992708472055,-14.08958061995613,2.6534120885159247,-5.603593810841866,-5.639933072488007,0.5586661462188297,-6.21686189955828,-5.019703338217003,1.1971585613412774,-15.82184973040622,-15.08599323132486,-15.02464905235892,-15.645032624167246,-5.2296230480072605,-5.905951822326957,-6.022643564832099,-5.5985510890805585,-10.70002426160664,-9.233993383522074,-8.854769919757997,-10.117029764634122
P009,VINEYARD,Faenza,0.5556668639183044,0.0830932259559631,0.3288355767726898,0.5583189725875854,0.3057920038700104,-0.0954712033271789,0.1394286602735519,0.2476290166378021,0.584614098072052,0.171705275774002,0.4466650784015655,0.6390073895454407,0.5969862341880798,0.1407370716333389,0.4047448933124542,0.5991731286048889,0.5242140889167786,-0.0242555756121873,0.3026260137557983,0.4674473404884338,-9.691200867848957,-9.730568981364563,0.935587119847812,-10.52551460598665,-8.651805935048944,1.873708670937706,-15.493491873264656,-15.105983248058003,0.9055109595204531,-16.633117912739998,-14.637061400138622,1.9960565126013758,-5.802291005415698,-5.961389652593955,0.6937997822914748,-6.676199698542156,-4.845969618993782,1.8302300795483744,-15.157289454238004,-14.893699952526713,-15.022934478832944,-16.132974975460968,-5.608213523993496,-6.17290072855252,-5.1801852213607456,-6.209674638386279,-9.880745925435166,-8.855890870179348,-10.053054596443133,-9.809658116362279
P010,VINEYARD,Faenza,0.6367035508155823,0.1475654318928718,0.4220307916402817,0.6577685475349426,0.5515855848789215,0.090288545936346,0.3639178425073623,0.5764382481575012,0.5752284228801727,0.0893311947584152,0.4136389344930649,0.5680385231971741,0.5637512803077698,0.0419853180646896,0.3232723921537399,0.4794811308383941,0.5379433631896973,-0.0196428354829549,0.2949995249509811,0.4583969712257385,-9.961001875056,-9.93924356577411,0.9963582667654262,-10.95207870949017,-8.913289416405046,2.0387892930851237,-15.79068995916905,-15.89291329288707,0.9268416713101486,-16.963944728522574,-14.706481936893592,2.2574627916289813,-5.8296880841130525,-5.789850654091497,0.3389809812063584,-6.328124280914697,-5.424926877673075,0.9031974032416219,-16.054739341289515,-15.594360538117506,-15.702087791631492,-16.174599719559353,-5.732485297475646,-5.913084134630788,-5.427205756732633,-6.008834133732933,-10.45693448519118,-9.371923791338446,-10.033700371336543,-9.943313369541867
P011,VINEYARD,Faenza,0.5184538960456848,-0.014213572256267,0.2793779671192169,0.4936254620552063,0.4453000724315643,0.0639804974198341,0.2883583605289459,0.5036256909370422,0.559866189956665,0.0863981172442436,0.3907026946544647,0.6103383898735046,0.5551605820655823,0.0473349504172802,0.3443709909915924,0.5888365507125854,0.4853366613388061,-0.0313236303627491,0.2685652375221252,0.4641634523868561,-10.092845935693393,-10.047716351774177,1.227313941629729,-11.453588267578724,-8.584145552658438,2.869442714920286,-16.21946882996968,-16.02467991073471,1.2234893541867522,-17.406444105484482,-14.637231600817806,2.769212504666676,-6.126622894276286,-6.07698172462602,0.6559230119265664,-6.899265157272144,-5.403674845358195,1.4955903119139498,-16.810797733581953,-15.453633416576679,-15.985185643365988,-16.468648223665305,-6.113666429338127,-5.650242583484163,-5.8657914376704765,-6.824701571511161,-10.976875601696108,-9.880200336397287,-10.40540752794813,-9.101489469793735
P012,VINEYARD,Faenza,0.6045723557472229,0.0478142872452735,0.357420265674591,0.599758505821228,0.4571827352046966,-0.0119044100865721,0.2602350413799286,0.4585619866847992,0.5543965697288513,0.1043460667133331,0.3968202769756317,0.5642570853233337,0.6534935235977173,0.2045073807239532,0.5032702088356018,0.6842080950737,0.5649879574775696,0.0487714745104312,0.2987125217914581,0.4602398872375488,-9.12211238011851,-8.718631363396847,1.0533990477565842,-10.690316972012205,-8.123706933136507,2.566610038875698,-15.17260962808296,-14.988746562321811,1.1221648645032865,-16.68421985207167,-13.923303718019348,2.760916134052323,-6.05049724796445,-6.072714135573993,0.5879912927575445,-6.818527269793882,-5.274762579741909,1.5437646900519733,-15.020186909958667,-14.216566289145907,-14.604887541605208,-15.95411074988287,-5.828077408576987,-5.763037318731854,-5.945064285690017,-6.565947906252807,-9.860446160174282,-8.39977082065719,-8.52603063287421,-9.430020244269766
P013,ORCHARD,Imola,0.5105563402175903,-0.0705609917640686,0.2587228715419769,0.4121171832084656,0.5788891911506653,0.0700351595878601,0.3557386100292206,0.579389214515686,0.4848552942276001,-0.0891946107149124,0.2606827318668365,0.3927701711654663,0.4432975947856903,-0.1985227763652801,0.1990585327148437,0.3154210150241852,0.4445159137248993,-0.1688211858272552,0.2200354933738708,0.3337512612342834,-11.206851769694964,-11.356399756588033,1.2914611925543529,-12.722046338734048,-9.564389854054316,3.157656484679732,-16.64391141103849,-16.493212178146145,1.3545045832158606,-18.46135095200199,-15.098176559046316,3.363174392955674,-5.437059641343527,-5.349969686213346,0.7374007522923217,-6.337089529313061,-4.5537703310951585,1.7833191982179022,-16.173860748145508,-15.546383305110208,-17.094627763448678,-17.544819523348067,-6.330698808940085,-4.957573792436061,-5.179797027645287,-5.77134559115745,-9.959144956779442,-10.389632124580714,-11.917965331730835,-12.327873378777706
P014,ORCHARD,Imola,0.5736081004142761,-0.0191978216171264,0.3053510785102844,0.5269085764884949,0.7026278972625732,0.2768210172653198,0.4888367652893066,0.8082983493804932,0.6642096042633057,0.1710846275091171,0.4539324939250946,0.6804961562156677,0.5707849860191345,0.0344707444310188,0.3290741443634033,0.5071977376937866,0.5588567852973938,0.0085094971582293,0.3051778972148895,0.4807890355587005,-9.122260835342338,-9.362392542230284,0.929484804927549,-10.098007035352573,-7.976146122255084,2.121860913097489,-15.337944530959073,-15.418546573708177,1.0505156518663803,-16.6760095520996,-13.776311811678854,2.8996977404207467,-6.215683695616734,-6.3104884057355815,0.7902482974255093,-7.174086915945102,-5.302578343890687,1.871508572054415,-15.46352224270256,-14.173029237043613,-15.832960262593442,-15.516835303440573,-6.55374077186154,-5.680473748685033,-5.990029139697189,-6.736680552581136,-8.903324847805527,-8.98243296102444,-9.652870482103728,-9.681721913071577
P015,ORCHARD,Imola,0.4240889549255371,-0.0752084106206893,0.2137905806303024,0.356488823890686,0.6027008295059204,0.2367338091135025,0.428253561258316,0.6731034517288208,0.5769898891448975,0.1120490953326225,0.4215376377105713,0.5945122241973877,0.541515052318573,0.0734255760908126,0.341923177242279,0.5140256285667419,0.5547156929969788,0.0882243067026138,0.3246935606002807,0.5048720836639404,-9.536837002387879,-9.939241372467176,1.0868237426949674,-10.65363145803176,-7.7694274431573085,2.8842040148744523,-15.276955138148988,-15.48711029525316,1.0561039506601837,-16.40352220023542,-13.74497471650914,2.6585474837262826,-5.740118135761108,-5.701831618591504,0.42850785459503155,-6.4195032855219845,-5.262519134344148,1.156984151177836,-15.132531430381972,-14.839918765722548,-16.010759024351838,-15.217909849549006,-6.161735661092656,-5.742683683425048,-5.394855588084403,-5.502088544376563,-9.055641440971929,-9.329882825654384,-10.395830455376252,-9.74860327645305
P016,ORCHARD,Imola,0.4477228820323944,-0.1160353906452655,0.2208958119153976,0.3553572446107864,0.7270717024803162,0.2872106581926346,0.5355328023433685,0.8154688477516174,0.6680499911308289,0.1611456125974655,0.5057604610919952,0.6683324873447418,0.6817452311515808,0.1943665668368339,0.5051003098487854,0.6851710677146912,,,,,-8.409334809359164,-8.31098393281478,1.0328470397087455,-10.11073341391966,-7.148854362758807,2.961879051160852,-14.988119206509529,-14.84120672711295,0.9529900827572834,-16.365193357775325,-13.923702338032292,2.441491019743033,-6.578784397150362,-6.6747779069921975,0.5131167241688401,-6.927598356970843,-5.902360237210992,1.0252381197598508,-15.324504968111366,-14.934687652022838,-14.832799479209068,-14.807346379728205,-6.807030305398598,-6.794436123693628,-6.163038018337588,-6.457477572841523,-8.517474662712768,-8.031196226371286,-8.18947247274799,-8.445193704143492
P017,ORCHARD,Castel_Bolognese,0.5937647223472595,0.00113218172919,0.329861044883728,0.5548235774040222,0.3077722787857055,0.0378837436437606,0.1497002243995666,0.2587470710277557,0.4896073043346405,0.1480803042650222,0.3573457598686218,0.515007734298706,0.4925638735294342,0.0791045054793357,0.3115239143371582,0.4822576344013214,0.4178144335746765,-0.0258909538388252,0.2323425710201263,0.3696562051773071,-8.296102416022604,-8.147021605385941,1.2521670524295219,-9.976573172693715,-6.537304597400561,3.4392685752931547,-14.412758294707015,-14.777110071108183,1.3460076526504798,-16.216294076220404,-12.608999749373117,3.6072943268472866,-6.11665587868441,-6.132513825421331,0.3414998944143922,-6.536065890757253,-5.717744361926641,0.8183215288306114,-15.57650478210676,-13.789332970388113,-14.80670476012974,-12.79217763303586,-6.116044194598588,-5.966450538327674,-6.45159596418622,-6.004574638879308,-9.569663658494829,-8.132431810237382,-8.375140487702659,-6.759520307913155
P018,ORCHARD,Castel_Bolognese,0.5859283208847046,-0.0574640501290559,0.3253418803215027,0.5101540088653564,0.8139017224311829,0.3813663125038147,0.6246613264083862,0.9047615826129912,0.7647191882133484,0.3573333024978637,0.6126986145973206,0.826307088136673,0.7997139394283295,0.3701968938112259,0.6415123641490936,0.8523831963539124,0.7708910405635834,0.3246984481811523,0.5867345035076141,0.7917755246162415,-6.846577760962192,-6.550202409428948,1.1545472539788095,-8.56510854413781,-5.548910905356882,3.0161976387809286,-13.784946463853464,-13.832414513502087,0.8364352008311113,-14.758292977478945,-12.58264394615993,2.175649031319015,-6.938368702891272,-7.064056949257921,0.9320702731218058,-8.099261830998099,-5.7788876796032635,2.3203741513948355,-14.073926713029945,-13.706286296742611,-13.882725951422684,-13.827760427188107,-5.852427790404221,-7.026916909111462,-7.597789697317499,-7.438478445497074,-8.209295161635742,-6.208490268841354,-6.235062907887561,-6.624832937580922
P019,ORCHARD,Castel_Bolognese,0.3036169111728668,-0.1590675562620163,0.1420748978853225,0.2047095745801925,0.5762988328933716,0.1356941610574722,0.4010949283838272,0.6037134230136871,0.7267972826957703,0.239045038819313,0.5837601125240326,0.7851632535457611,0.6215047240257263,0.03834736533463,0.4028945118188858,0.5793361961841583,0.6244362592697144,0.0297799073159694,0.4144908338785171,0.6015178263187408,-8.771428268005069,-9.14933629845865,1.2028467369143911,-10.081542605041237,-7.142403605872908,2.939138999168329,-14.773579712363484,-14.615547639273696,1.1687382388665,-16.146625561437155,-13.447443106268459,2.699182455168696,-6.002151444358416,-5.963611378118683,0.7031923606275016,-6.81527795970706,-5.286858348766196,1.5284196109408636,-14.00350387377056,-14.529593895859549,-14.5878439465838,-15.088194289413154,-6.028980402728513,-6.094539382029623,-5.35993970619791,-6.578774251834812,-7.562947094752324,-8.880583413871099,-9.370461207763352,-9.002662611658252
P020,ORCHARD,Castel_Bolognese,0.3017283529043197,-0.1235353387892246,0.1316130235791206,0.2239448800683021,0.3569054305553436,-0.0120289498008787,0.1735652238130569,0.3408942967653274,0.3191379159688949,-0.0648983642458915,0.1692143678665161,0.2527595609426498,0.628472089767456,0.2685032784938812,0.4793159812688827,0.6769778430461884,0.5649645328521729,0.1330304443836212,0.3958466947078705,0.5677078068256378,-7.583205389560249,-7.158811202122517,1.441031044598599,-9.840442716002645,-6.289288452503544,3.551154263499101,-14.89332501161905,-14.239904915485182,1.7367434805949307,-16.824373884937103,-13.308243487902345,3.5161303970347575,-7.310119622058801,-7.152037961550068,0.7015798007776666,-8.356823048526069,-6.4638714786934415,1.8929515698326274,-15.80744536186931,-14.418179827154416,-13.680243904442989,-13.939960343244106,-8.071989627593922,-6.90843220361038,-6.628444081765849,-7.253896697567816,-8.223152275660485,-7.610247896225085,-7.355079545065867,-6.652137784438809
P021,ORCHARD,Faenza,0.2071124166250229,-0.1280037313699722,0.0794694349169731,0.1362286359071731,0.1997737288475036,-0.0692446827888488,0.0585201010107994,0.1472316533327102,0.2215564399957656,-0.0523525699973106,0.1149801090359687,0.1748875081539154,0.28757444024086,-0.0400832816958427,0.1574801355600357,0.2394639402627945,0.300054669380188,-0.0323046147823333,0.1674603670835495,0.257111519575119,-9.18897435553373,-9.589629846457768,2.008029638789092,-11.233546728071808,-5.90463816587616,5.328908562195648,-17.40225772513161,-17.595680956143863,1.8084822175221738,-19.36379595794836,-14.6398333292256,4.723962628722758,-8.213283369597876,-8.028121040425495,1.1709205040229693,-9.825914548176623,-6.814926573978641,3.010987974197982,-17.802584359843788,-16.863800910587898,-17.604826805659712,-17.782638599915067,-9.797865743009938,-8.13506612534738,-6.857435181351667,-8.013323524202944,-8.680603117610183,-9.453753905401152,-10.810178774544784,-10.029881333020953
P022,ORCHARD,Faenza,0.4611887633800506,-0.0814862512052059,0.24422637373209,0.383007287979126,0.7427366673946381,0.3764586597681045,0.5946501195430756,0.8615948855876923,0.7384116351604462,0.3205800056457519,0.6293016970157623,0.8158775568008423,0.7425713241100311,0.2982861846685409,0.592329353094101,0.7978350520133972,0.7389974296092987,0.2938726097345352,0.5827522277832031,0.7889058291912079,-8.560152686969584,-8.787066725814102,1.1678074038241548,-9.743587650577505,-7.2291748101613695,2.514412840416135,-14.563898044574852,-14.639424315099912,1.244968505980241,-15.874605032085537,-12.96191622479143,2.9126888072941064,-6.00374535760527,-6.004213366390323,0.5915975301340981,-6.606636210941874,-5.5092338859976095,1.0974023249442642,-13.964665463050515,-15.022262018181324,-14.850374345137702,-14.400745303621136,-5.9553178658877535,-6.253839696693799,-5.82515070984315,-5.887025051750609,-8.160135859265532,-8.976498730587192,-8.893348703500202,-8.409454674763257
P023,ORCHARD,Faenza,0.6383351385593414,0.122868362814188,0.3907481729984283,0.659738302230835,0.6213164329528809,0.2008555382490158,0.4383674561977386,0.7035101056098938,0.7250424325466156,0.2993850708007812,0.592281311750412,0.7862754464149475,0.6957845985889435,0.2101931720972061,0.5417716801166534,0.7438442409038544,0.6506824791431427,0.0967619009315967,0.418915182352066,0.6595232784748077,-8.900448762103766,-8.82577733653239,0.8896231486994912,-9.899001333123074,-7.7682021875745635,2.1307991455485107,-14.1780410620982,-14.165177749684542,1.0867249601773914,-15.46526137449306,-13.046094580943311,2.419166793549749,-5.277592299994434,-5.219243649388044,0.6448943127902812,-6.065530331151042,-4.504397556556834,1.5611327745942072,-14.14090996644462,-13.697556211114406,-14.549822946841608,-14.079928598657206,-5.122910921759307,-5.369857582490658,-5.567864087912328,-5.1259347062352525,-9.418735653942004,-8.419694561886917,-8.858449365745866,-8.645334376840072
P024,ORCHARD,Faenza,0.505867063999176,-0.0796265453100204,0.2602101266384125,0.472605437040329,0.4826360046863556,0.1392308175563812,0.3134613335132599,0.513651430606842,0.64088374376297,0.2023716866970062,0.4826180040836334,0.7107364535331726,0.5598070621490479,0.0771170482039451,0.3574694395065307,0.5402166247367859,0.6139441132545471,0.0768837183713913,0.3698072731494903,0.5893861651420593,-10.09130887145933,-9.845125963717571,1.1261589446893208,-11.594484304708109,-8.878640698479204,2.715843606228905,-16.27546356180998,-15.988803436985647,1.2731497906599425,-17.990175496891812,-14.949520867259693,3.040654629632119,-6.184154690350648,-6.163489762011233,0.5718299489181797,-6.777738821020381,-5.630258462765565,1.1474803582548159,-17.04584400372804,-15.506367376634032,-16.04042602234111,-15.713927209875127,-6.153114214358651,-5.905322601347674,-6.511128531317896,-6.056568766927642,-10.656857924125696,-9.67819809754636,-9.877475268004508,-9.524582287462515
P025,OLIVE,Imola,0.745669960975647,0.2484023123979568,0.5528247356414795,0.7816686034202576,0.6816163659095764,0.2198511660099029,0.489559918642044,0.7502553462982178,0.6781818866729736,0.239842802286148,0.5382601022720337,0.7184590101242065,0.6977542042732239,0.2591687738895416,0.5272879004478455,0.6992621421813965,0.7073644995689392,0.2606008052825928,0.5228917598724365,0.6936523914337158,-10.039968443110585,-10.104122577740437,0.674942783344131,-10.838250794545525,-9.23886702441716,1.5993837701283642,-15.274554801314165,-15.325076337218807,0.8873034880656484,-16.35703860524963,-14.217918053101362,2.1391205521482686,-5.234586358203582,-5.167031392283168,0.7167457558930355,-6.404921618497297,-4.425372865516919,1.979548752980378,-15.853579299566428,-14.797809098964413,-15.199431611411804,-15.758880078520448,-5.729766103819972,-5.1631208298187925,-4.796220051198225,-5.135092547436843,-9.940681512509856,-9.40076745084313,-10.40321156021358,-10.544741957070661
P026,OLIVE,Imola,0.6079723834991455,0.1115309782326221,0.3760605305433273,0.6092454493045807,0.5365493595600128,0.0708409398794174,0.3375284969806671,0.5654250085353851,0.5443860292434692,0.0715010538697242,0.370012104511261,0.5423325300216675,0.4554111957550049,-0.0144232688471674,0.2641634494066238,0.3908340483903885,0.4558601379394531,-0.0446820594370365,0.2431453466415405,0.3777215331792831,-10.067566624891533,-10.166084633392678,0.8153987527147857,-10.952959141815999,-9.021252597474934,1.9317065443410648,-15.141515755066223,-15.295173577925219,0.8974683639492286,-16.16879993773842,-14.040361638468386,2.1284382992700337,-5.073949130174689,-5.150476305722368,0.6156568921726946,-5.782029638974304,-4.1367095926476125,1.6453200463266917,-15.56177737976557,-14.42039847134751,-15.13480740952238,-16.023891760088286,-5.449471276187746,-4.999278374293223,-4.75311311217765,-4.806191403819869,-9.89720093186005,-9.469574636372144,-10.217241363617198,-10.887571479569484
P027,OLIVE,Imola,0.648679256439209,0.1632701754570007,0.4295797049999237,0.681198000907898,0.6828396916389465,0.2639666497707367,0.4879315495491028,0.7851734757423401,0.6320740580558777,0.1681544929742813,0.4679812788963318,0.67833411693573,0.5263687968254089,0.0337978489696979,0.3147577345371246,0.4625582098960876,0.5444326400756836,0.0161391776055097,0.3451625108718872,0.496620237827301,-10.773703539617145,-10.817791334675162,0.8634469402210004,-11.63035808632611,-9.620712010489656,2.0096460758364536,-15.874450676794964,-15.904809243334851,0.9650526384101425,-17.081559820145717,-14.778005316649306,2.303554503496411,-5.100747137177819,-4.988179047665293,0.4128309614752262,-5.6233574078245265,-4.7084216644783545,0.914935743346172,-16.341870022992293,-15.040148971003543,-15.480169054694745,-16.789815223536174,-5.423534612420172,-4.969853707830038,-4.835045142293988,-5.3497406993693275,-10.965884237204834,-10.065581875723932,-10.69767644119648,-11.371851891133065
P028,OLIVE,Imola,0.6024048328399658,0.0648472011089325,0.3495226800441742,0.6053841710090637,0.6348418593406677,0.2362058609724044,0.4171136319637298,0.7006367444992065,0.518498420715332,-0.0312466546893119,0.3006095588207245,0.4683975577354431,0.4379509687423706,-0.1532196700572967,0.2031881660223007,0.3122660219669342,0.4262072741985321,-0.1788070052862167,0.1976268142461776,0.3067861199378967,-12.21936888033835,-12.165301330265681,1.0549917310325676,-13.605239802802702,-10.979107411204335,2.6261323915983663,-17.69148700314846,-17.789140650876586,1.0826351639972462,-18.981208938824107,-16.352355733278074,2.628853205546033,-5.472118122810113,-5.592658601207905,0.453210353120748,-5.973168038195903,-4.760093280970507,1.213074757225396,-17.65327863454885,-16.743395801486713,-18.277099100189265,-18.350399294072332,-5.6968016162059705,-5.008546114557532,-5.353469265752199,-5.722419502923885,-11.760867684151112,-11.8064063595943,-12.8374656740543,-12.52393269150367
P029,OLIVE,Castel_Bolognese,0.7016488909721375,0.1741565614938736,0.515990674495697,0.7096574902534485,0.7332692742347717,0.317661702632904,0.5775983333587646,0.8187610507011414,0.6761347651481628,0.1883285343647003,0.5273826122283936,0.6873480081558228,0.6776902079582214,0.1777659058570861,0.501124918460846,0.6415618658065796,0.6934131979942322,0.183828517794609,0.5162537693977356,0.6603756546974182,-10.002462914203647,-10.068536602193813,0.8805595140004574,-10.888569568361913,-8.933021470703634,1.9555480976582782,-15.50022136625652,-15.40378129207598,1.1160305909414638,-16.872481237095624,-14.276775014978647,2.595706222116977,-5.4977584520528735,-5.5679132439657,0.7725246285268835,-6.285524270802892,-4.450473501953462,1.8350507688494302,-15.363011877706596,-14.647715573754475,-15.303546580503308,-16.26790261645219,-5.73309750512771,-5.49685772626686,-5.47082224465771,-5.993991465240432,-10.677293204467633,-9.622908844831837,-10.039709582689904,-10.537882615436178
P030,OLIVE,Castel_Bolognese,0.6411967575550079,0.1300735473632812,0.4364770948886871,0.6418537199497223,0.7068566977977753,0.3077013343572616,0.5209437906742096,0.8007868528366089,0.6971428096294403,0.2838428318500519,0.5375942885875702,0.7441565990447998,0.6415036022663116,0.1891969293355941,0.4253327548503876,0.6002237796783447,0.6289003491401672,0.173891045153141,0.417691558599472,0.5944845974445343,-9.06582088620502,-9.005243599443457,0.9002224491848131,-10.01717250963574,-8.160598734817821,1.8565737748179192,-13.822549260547609,-13.716355731137412,0.9006798363571814,-15.188233917253909,-12.601615910610137,2.5866180066437714,-4.75672837434259,-4.522719554929429,0.9626343340088355,-6.050931168273786,-3.5061572052449947,2.5447739630287916,-13.181380537056128,-13.686378750090846,-14.863043881832676,-13.770613318875796,-4.236704725772805,-4.728562176799484,-4.772497504604527,-4.921893130608106,-8.911434406852361,-8.339684275951225,-9.645823733521182,-9.717979093664244
P031,OLIVE,Castel_Bolognese,0.5078393220901489,-0.0711430981755256,0.2720166444778442,0.4556264281272888,0.6529210805892944,0.2014035284519195,0.4763781428337097,0.7215633988380432,0.5881796479225159,0.112578384578228,0.4460430145263672,0.6398374438285828,0.5314564108848572,-0.0117637822404503,0.3184276223182678,0.489131897687912,0.5105224847793579,-0.0263875145465135,0.3098254203796386,0.4538260400295257,-10.264199329107878,-10.226415469724106,1.1153771851166971,-11.613248483279802,-8.501590761960898,3.1116577213189043,-16.33243156129677,-16.58474446539055,1.1832473022715588,-17.45498464298794,-14.42127507310928,3.0337095698786616,-6.0682322321888895,-6.138865005879715,0.8951759688830676,-7.081851265752036,-4.914439411506958,2.1674118542450778,-17.246170916812748,-15.636359515314837,-16.51911807820419,-17.129585074184106,-6.391528922029229,-5.992795558259793,-6.070370489717503,-5.683668787735028,-9.88983324016813,-9.461311710856066,-10.414520397381866,-11.322633666102277
P032,OLIVE,Faenza,0.6409393548965454,0.1630205661058426,0.3832337409257889,0.6749350428581238,0.653791755437851,0.2414421066641807,0.4189775437116623,0.7371025681495667,0.4900805056095123,-0.0486438404768705,0.2926316559314728,0.4355945885181427,0.4556554406881332,-0.0832850523293018,0.2285746559500694,0.3497298508882522,0.4442204535007477,-0.0786594413220882,0.2200491055846214,0.3369800448417663,-10.120642439267252,-10.331217040469703,1.181612209591703,-11.46431394884081,-8.199136445150302,3.2651775036905075,-16.537987001478207,-16.403773723927383,1.1308640421087202,-17.62087225873688,-15.323052352893558,2.2978199058433226,-6.417344562210954,-6.488158255802611,0.908799005385298,-7.181185452481084,-5.466005240752295,1.7151802117287884,-16.329164929523316,-15.789998984751085,-16.309774976755996,-17.399431500987,-6.95751567015768,-5.919048502403598,-5.738487698142576,-6.580362135980022,-9.48345207527417,-9.819225161890497,-10.97299968402024,-10.766051202197746
P033,OLIVE,Faenza,0.6755259037017822,0.1917352154850959,0.4557114243507385,0.7191765606403351,0.5605237483978271,0.1130904294550418,0.3581987917423248,0.5733079016208649,0.4633653610944748,-0.0374834910035133,0.275520771741867,0.4025648683309555,0.3983933478593826,-0.0846387781202793,0.1817170679569244,0.2804923802614212,0.40838123857975,-0.0965007618069648,0.2019879445433616,0.300374373793602,-11.34216809718841,-11.594921988718784,1.37325804724875,-13.03165402816056,-9.648265960103268,3.3833880680572914,-17.300410168937173,-17.296651208926683,1.4733917859218173,-19.079715032612214,-15.646818552849576,3.432896479762638,-5.958242071748767,-5.916959189136136,0.59994758240084,-6.707634740646924,-5.293823224803334,1.41381151584359,-16.69630287129272,-16.33446444189299,-18.42351309497956,-18.696007847241813,-5.906152848805457,-5.618158045073063,-5.994778343078821,-5.971541591981286,-10.7685373418259,-10.353917584697482,-12.102776238541216,-12.26899598955977
P034,OLIVE,Faenza,0.7793746888637543,0.3911768794059753,0.5848351120948792,0.8464463651180267,0.6603122651576996,0.2181245312094688,0.4889328181743622,0.7675884366035461,0.70631542801857,0.3262189328670501,0.5897766351699829,0.7828174829483032,0.6273910999298096,0.1775286719202995,0.4806831181049347,0.6411698758602142,0.5974712073802948,0.0948980115354061,0.4131557643413543,0.5839133560657501,-9.98970584134175,-10.09550322793914,0.7420180025687296,-10.792463319797307,-8.999300479189928,1.793162840607378,-15.303617333261911,-15.209701324745371,0.8855915601052423,-16.315218484093894,-14.216619149579374,2.0985993345145193,-5.3139114919201615,-5.298026133829784,0.517832693246971,-5.976310233981637,-4.710773111365999,1.2655371226156387,-14.930724382566108,-14.900571116990049,-15.289844950926804,-16.110476597119643,-5.374578444020549,-5.118729631507747,-5.354096535188678,-5.573804443080658,-10.090747538609593,-9.665341434347145,-9.830109772947305,-10.43941400058572
P035,OLIVE,Faenza,0.6287685036659241,0.168427973985672,0.4327261447906494,0.6512436866760254,0.6285842061042786,0.2473784834146499,0.4514954090118408,0.6912809610366821,0.5601508617401123,0.1138339340686798,0.377363383769989,0.5421943664550781,0.4580632448196411,0.0520073883235454,0.2802740037441253,0.4007947742938995,0.459748238325119,0.0352974832057952,0.2704485654830932,0.3909077644348144,-9.109819962182193,-9.233874082333898,0.9869110671700797,-10.201984094055137,-7.609390264887006,2.5925938291681305,-15.165720192100222,-15.20367576063792,1.1778711535050725,-16.48845734228226,-13.617061603687484,2.871395738594776,-6.055900229918032,-6.04177693570715,0.5580149606903012,-6.797723140022663,-5.430612811705429,1.3671103283172341,-14.799572080485186,-14.332881125804716,-15.460623008996713,-16.26000071467353,-6.297943416543223,-5.538689868130852,-5.990198497499702,-6.351882895817672,-8.298001848926956,-8.967369317851368,-9.470424511497008,-10.053971968261589
P036,ANNUAL,Imola,0.2404979914426803,-0.166280560195446,0.0800847522914409,0.134416401386261,0.3303489536046982,0.0229676160961389,0.174570545554161,0.2979882359504699,0.2541470229625702,-0.0934442840516567,0.1085558645427227,0.1707753986120224,0.3552438914775848,-0.0338191334158182,0.1715846508741378,0.28727987408638,0.2348336577415466,-0.1389896273612976,0.0634078420698642,0.1230792477726936,-7.637522532586022,-8.435854658053858,1.6969522171922278,-9.255497014316628,-5.276732335754685,3.9787646785619426,-16.06025390216404,-16.675559367476843,2.0046779496108478,-18.152825868032615,-13.163358290090894,4.989467577941721,-8.422731369578019,-8.536401421878196,1.214379204649024,-9.814962491599767,-6.932367320427792,2.8825951711719746,-16.070165786237407,-16.739597903175323,-16.675754121599898,-16.890724060333213,-9.063378084844212,-7.984833631245918,-7.7803452291321875,-9.264781193283458,-7.006787701393195,-8.465391609083442,-8.785274199297458,-6.858463830498717
P037,ANNUAL,Imola,0.1487705558538437,-0.1656256914138794,0.0512932129204273,0.0782842859625816,0.5280025601387024,0.189852088689804,0.3614579439163208,0.5851202607154846,0.5048645734786987,-0.0380967557430267,0.2797063887119293,0.4341929256916046,0.4486986696720123,0.0156090753152966,0.2073122262954712,0.3520354330539703,0.4162726104259491,-0.0515193715691566,0.1792337745428085,0.3156724572181701,-8.15336491508681,-8.567154291136658,1.6513987744395675,-10.352553714994764,-6.0047879889210005,4.347765726073764,-15.591170310777562,-15.690505976109879,1.9480649774252436,-17.979948019138636,-13.140985960790434,4.838962058348201,-7.437805395690751,-7.413738285866113,1.7648652541573504,-9.597201551399547,-5.151026658188942,4.446174893210604,-17.1725317020355,-14.20846045354615,-15.778136351377876,-15.867578797646235,-8.998856092770907,-6.021168053249868,-5.884420020732115,-7.8618225671021325,-7.554339280522459,-8.326806206740924,-9.501167809504,-7.5460780430574275
P038,ANNUAL,Imola,0.3328212350606918,0.0097821755334734,0.2021251022815704,0.3345992714166641,0.7777755856513977,0.4270651489496231,0.6532266438007355,0.8448847532272339,0.3194175809621811,-0.1268104165792465,0.1004483252763748,0.1701356917619705,0.1237835064530372,-0.153070718050003,0.032205544412136,0.0675181448459625,0.1544043719768524,-0.148023247718811,0.0548354312777519,0.0905552096664905,-10.851692078185065,-10.363438056977817,2.4990620590954196,-13.921853271369653,-7.9615294657874225,5.96032380558223,-17.13323012348189,-17.30631099698038,1.2695544432193717,-18.688045024476803,-15.399436465166332,3.2886085593104717,-6.281538045296824,-6.939836844994887,1.8167508535467092,-7.6661631301102,-4.218233791779452,3.4479293383307477,-16.138775874330836,-17.676574863750915,-16.847644054883357,-17.397078138558676,-6.886481103455973,-4.632495881570245,-6.977215778996703,-7.563939766545369,-10.395052363498074,-13.277935066990501,-9.51671121068225,-9.593166589610046
P039,ANNUAL,Imola,0.2568992972373962,-0.1517724394798278,0.0844044536352157,0.1358923614025116,0.6075814962387085,0.2581039369106293,0.4095907211303711,0.6664419174194336,0.5737375020980835,0.0600200854241848,0.3761638104915619,0.5693135261535645,0.4744594991207123,-0.0093385865911841,0.2193407416343689,0.3547794222831726,0.379582792520523,-0.1072475835680961,0.1332255154848098,0.2223567366600036,-9.117619583477968,-9.295528566437806,1.4703811732602277,-10.62207289436074,-7.435383273475279,3.1866896208854607,-16.375830051267283,-16.817171907306573,1.8405235430278644,-18.34775599437941,-13.667105984066309,4.6806500103131,-7.258210467789314,-7.211542875245209,0.8598400837639216,-8.24056833766737,-6.327959183318138,1.912609154349231,-17.187967393672977,-14.748988968192783,-16.338683854271185,-18.00100507347214,-7.792830974602188,-6.494920659204103,-6.764072805671121,-7.6200179128771435,-9.236745948886435,-8.668413347031109,-9.354311183989177,-10.48282882861114
P040,ANNUAL,Castel_Bolognese,0.3967868089675903,-0.225957378745079,0.1523239016532898,0.2220716327428817,0.2340418994426727,-0.0736173838376998,0.0855605602264404,0.176714688539505,0.7124531269073486,0.2930984497070312,0.6066597104072571,0.7975550293922424,0.4985579550266266,0.0192669723182916,0.2537149786949157,0.4147224128246307,0.5226035118103027,-0.0347003974020481,0.2709929645061493,0.4373678565025329,-10.308112340691967,-10.6084787772296,2.289208248534265,-12.755071369590388,-7.630635345919076,5.124436023671311,-17.265053852400076,-17.573242127770477,1.5687073640624982,-18.86095943689585,-15.774489271329855,3.086470165565995,-6.956941511708108,-6.567348230199484,1.3691615479295325,-8.500081050697789,-5.246041667815173,3.254039382882616,-16.444967255446986,-17.504492937056085,-16.933505425094978,-18.539546445486824,-8.40334828262159,-7.8093664401159195,-5.822754775099147,-6.470291542370358,-8.180005585794863,-9.552368962392428,-11.858681761460472,-12.188733230775318
P041,ANNUAL,Castel_Bolognese,0.1876025423407554,-0.1380702406167984,0.0602661706507205,0.0992072336375713,0.6064276695251465,0.1773015484213829,0.3946023285388946,0.6154172420501709,0.3560673743486404,-0.0821451544761657,0.1726259440183639,0.2347200214862823,0.27812260389328,-0.0535700917243957,0.1357411593198776,0.205475740134716,0.2319991439580917,-0.1289251148700714,0.0719591975212097,0.1294357851147651,-8.603833162554057,-8.695832468829616,1.4725075940665568,-10.367698027191283,-7.023846383894755,3.343851643296528,-16.839174577248432,-16.38632244182391,1.6300186526546674,-19.334909630844976,-15.252537610722198,4.082372020122778,-8.235341414694373,-8.067980231539762,1.1593897193431135,-9.805570805176096,-6.752656422160054,3.0529143830160423,-16.164153650542584,-16.5411294230653,-16.093146944398967,-18.021369513022442,-8.770797722324733,-6.865090518958651,-7.833184987909449,-9.63728414327013,-7.39335592821785,-9.186551316294764,-8.290828308061396,-9.138252231181983
P042,ANNUAL,Castel_Bolognese,0.2040340304374694,-0.1098661087453365,0.0586414653807878,0.1023408658802509,0.6596109867095947,0.3627894222736358,0.4935536086559295,0.7515649199485779,0.6189085841178894,0.1728631928563118,0.4745754301548004,0.664119154214859,0.3118893206119537,-0.0380116458982229,0.1450961530208587,0.2162229344248771,0.3473761528730392,-0.0496953185647726,0.1689582243561744,0.2629512697458267,-9.064994414486288,-9.411316012168975,1.5265875862851588,-10.774278413501936,-6.924147006457399,3.850131407044537,-16.466570151340253,-16.616056738533967,2.0880161623025275,-19.17131796313666,-13.866182074507426,5.305135888629232,-7.401575736853962,-7.672544913986172,1.4225242578335893,-9.107207209558073,-5.44574763361368,3.6614595759443933,-17.922631267856303,-14.623267352596715,-17.32029121923067,-17.866307914219732,-8.014460358259818,-6.513010134519278,-6.605680680934616,-8.498382168625628,-8.336159288400895,-8.805202744937604,-10.003427263133007,-9.712801180941511
P043,ANNUAL,Castel_Bolognese,0.5306097567081451,0.1642711460590362,0.3486592322587967,0.5974021553993225,0.8687888085842133,0.5686736404895782,0.7671230435371399,0.93294295668602,0.3740791976451874,-0.1231323257088661,0.1259559541940689,0.2016474902629852,0.2438307702541351,-0.1117517352104187,0.0653856322169303,0.1213198229670524,0.2581606358289718,-0.0858814790844917,0.0823463015258312,0.1457569152116775,-11.277183446877007,-11.626422529495475,2.448136265218218,-13.971450430752627,-8.59651512946195,5.374935301290677,-18.15230323222772,-18.259122861522382,1.7683614444886648,-20.495840224585603,-16.232667694909075,4.2631725296765275,-6.875119785350711,-7.074097904192669,1.921753437699556,-9.0525711539015,-4.311396174306203,4.741174979595297,-17.73103186401173,-17.664554146542976,-19.538595656458718,-18.14952534737558,-6.6373968519182185,-4.403253211030226,-7.138360838336956,-8.809783634974593,-10.939116123558758,-12.992988001088857,-12.400234818121758,-9.038718312273335
P044,ANNUAL,Faenza,0.1676864475011825,-0.1524014770984649,0.0460553485900163,0.077296994626522,0.1408271118998527,-0.0966925285756588,0.0136848106049001,0.0561841800808906,0.5248505473136902,0.2291957139968872,0.4070354104042053,0.5840607583522797,0.2730881571769714,-0.1108065173029899,0.0823093838989734,0.1431698128581047,0.2171715497970581,-0.172324039041996,0.0751782767474651,0.1263404637575149,-7.907021285899957,-7.9319902284337065,1.867655888201692,-10.056547724437584,-5.394141897450028,4.6624058269875555,-16.270250271744388,-16.230397051801262,1.8385559120002046,-18.577349362798426,-13.982012436612711,4.595336926185714,-8.363228985844433,-8.497526498565637,1.2999554566501212,-9.656147351439891,-6.440483139234768,3.215664212205123,-15.426176169985036,-16.9996028136812,-15.077656899913965,-17.26686169029758,-8.649360481911657,-9.301903768417054,-6.48046884495828,-8.538741503831549,-6.9560782421794585,-7.7547103258685715,-8.597188054955684,-8.0609486145962
P045,ANNUAL,Faenza,0.3242722004652023,-0.0991396233439445,0.1343495771288871,0.2356463223695755,0.8000209033489227,0.4758540540933609,0.6628591120243073,0.8805421590805054,0.4169943481683731,-0.0902171730995178,0.1784356012940406,0.2714019119739532,0.3064782172441482,-0.0903655588626861,0.0863310396671295,0.1539837643504142,0.3033915609121322,-0.0974432714283466,0.0919198915362358,0.1623291000723838,-9.675393905752323,-9.822282312459986,1.8354490405313728,-11.666054942565232,-7.240050241545114,4.426004701020118,-17.4706121007933,-17.696433178572857,1.7104599142081451,-19.321239223953445,-14.990844013736925,4.330395210216519,-7.795218195040979,-8.624557804010415,1.6111414195102949,-9.303972548215475,-5.434440699149127,3.8695318490663473,-16.74546349636554,-16.944997447375677,-17.649860453524166,-18.446623706277514,-8.844299663843994,-5.773236928638177,-8.554407836175741,-9.211729199109023,-9.542261672859151,-11.086405118844645,-9.188598067445806,-9.540726873383854
P046,ANNUAL,Faenza,0.4380624741315841,-0.0970233008265495,0.2194251418113708,0.3452300727367401,0.7557246387004852,0.3854077756404876,0.5736171007156372,0.857802003622055,0.5469052493572235,-0.0149591197259724,0.3763559013605118,0.532876044511795,0.5218680202960968,-0.0424040686339139,0.3009425848722458,0.4789052605628967,0.4972553253173828,-0.1296787187457084,0.2728455066680908,0.4325136244297027,-9.237568775135635,-9.37998705778622,1.562327019921025,-11.062177985211008,-7.518384992191194,3.5437929930198138,-15.44371723676809,-15.866571516591321,1.5362106021566537,-17.231793482351648,-13.43183556115377,3.799957921197878,-6.206148461632456,-6.155545307230584,0.8608483089903496,-7.273678811287887,-5.098651550339376,2.175027260948511,-14.222138918511565,-14.300919053080012,-15.999213353241418,-15.900086200054224,-7.266931542798577,-5.777619957661566,-5.858218626665732,-6.5166309440430386,-8.028223894252148,-8.530916598706565,-10.587531783207227,-9.813706693652632
P047,ANNUAL,Faenza,0.3623364865779876,0.0168724711984395,0.2102279365062713,0.3471687138080597,0.4995405375957489,0.1633878201246261,0.3526467084884643,0.5901219844818115,0.4433370530605316,-0.0202836580574512,0.2456735521554947,0.4001855850219726,0.1677091568708419,-0.1265172213315963,0.0456778407096862,0.0934128686785698,0.1768895238637924,-0.1152118146419525,0.0574483834207057,0.1066107004880905,-8.227102605038503,-8.332858951026907,1.8708018554828938,-10.609936938930947,-6.212907877193822,4.397029061737125,-15.300739218110655,-14.970654359907137,2.5107116257593565,-17.62512975191078,-12.054328391670103,5.570801360240678,-7.073636613072152,-7.01129281528781,1.5929972116882347,-9.121044930571585,-4.923249906892957,4.197795023678628,-16.20251834795774,-12.875313756971133,-16.01931752185173,-16.083555763572193,-7.250725980092854,-4.967125922873073,-6.753041287272939,-8.900491652410665,-10.116973894401529,-7.852954393782552,-8.392640389259832,-7.0513309207327595
