pilot_id,class4,zone,OPT_gndvi_2023-02-17,OPT_ndmi_2023-02-17,OPT_ndre_2023-02-17,OPT_ndvi_2023-02-17,OPT_gndvi_2023-05-23,OPT_ndmi_2023-05-23,OPT_ndre_2023-05-23,OPT_ndvi_2023-05-23,OPT_gndvi_2023-07-17,OPT_ndmi_2023-07-17,OPT_ndre_2023-07-17,OPT_ndvi_2023-07-17,OPT_gndvi_2023-09-10,OPT_ndmi_2023-09-10,OPT_ndre_2023-09-10,OPT_ndvi_2023-09-10,OPT_gndvi_2023-10-10,OPT_ndmi_2023-10-10,OPT_ndre_2023-10-10,OPT_ndvi_2023-10-10,SARALIGN_vh_gamma0_db_2023-02-15,SARALIGN_vh_gamma0_db_2023-05-22,SARALIGN_vh_gamma0_db_2023-07-21,SARALIGN_vh_gamma0_db_2023-09-07,SARALIGN_vh_gamma0_db_2023-10-13,SARALIGN_vh_vv_ratio_db_2023-02-15,SARALIGN_vh_vv_ratio_db_2023-05-22,SARALIGN_vh_vv_ratio_db_2023-07-21,SARALIGN_vh_vv_ratio_db_2023-09-07,SARALIGN_vh_vv_ratio_db_2023-10-13,SARALIGN_vv_gamma0_db_2023-02-15,SARALIGN_vv_gamma0_db_2023-05-22,SARALIGN_vv_gamma0_db_2023-07-21,SARALIGN_vv_gamma0_db_2023-09-07,SARALIGN_vv_gamma0_db_2023-10-13,COHD_mean,COHD_std,COHD_min,COHD_max,COHD_amp,COHD_winter_minus_summer
P001,VINEYARD,Imola,0.5809244811534882,-0.0063206288032233,0.335027664899826,0.5515434741973877,0.6523846685886383,0.2887738794088363,0.4491048157215118,0.7891224920749664,0.5640988647937775,-0.0012783707352355,0.3711341619491577,0.5686265826225281,0.523291826248169,-0.0540838874876499,0.2783266603946686,0.4593379497528076,0.5175472497940063,-0.0569671839475631,0.2456745952367782,0.4295178949832916,-17.33015091939619,-14.117941574111937,-14.646946875243207,-15.36771360597669,-16.220766825668335,-5.335856133797668,-4.732767876333559,-5.511229420310524,-4.573939462248416,-4.525137431981904,-11.994294785598523,-9.385173697778376,-9.135717454932683,-10.793774143728276,-11.695629393686431,0.7329738239447275,0.22638958107428178,0.3033764362335205,0.9234603643417358,0.6200839281082153,0.3414545953273773
P002,VINEYARD,Imola,0.593999445438385,0.0149511527270078,0.3408306241035461,0.5695896148681641,0.5786144733428955,0.0707141980528831,0.3352841734886169,0.6057463884353638,0.5663747191429138,0.0359954349696636,0.3764346837997436,0.5651669502258301,0.4809234142303467,-0.1240267902612686,0.2196570485830307,0.3625926375389099,0.4695762395858764,-0.1345514357089996,0.206414058804512,0.3516303598880768,-13.997037909401492,-12.710417149154978,-13.7489432876678,-14.11560179030004,-14.68003699661548,-1.4464356385802053,-2.145778521827509,-3.777781122534917,-3.0748667144754025,-3.345261131911608,-12.55060227082129,-10.564638627327469,-9.971162165132885,-11.040735075824635,-11.334775864703872,0.6830144238968691,0.23239487523202904,0.2614983692765236,0.8995058834552765,0.6380075141787529,0.33305511996150017
P003,VINEYARD,Imola,0.6012901961803436,0.0547404568642377,0.3666462004184723,0.6024558544158936,0.664350837469101,0.208758145570755,0.4659960865974426,0.7722074389457703,0.694881796836853,0.2451072111725807,0.5563755333423615,0.7855854034423828,0.6864099204540253,0.0840743146836757,0.4417925924062729,0.6976416409015656,0.6148931980133057,-0.0154879232868552,0.3551489263772964,0.5618691146373749,-17.413368575912106,-13.96306347137411,-13.887638603924112,-15.048513944560804,-15.112272446901244,-4.789069388406096,-5.613390419428953,-5.363917031890102,-5.492398579981385,-4.7466772265072885,-12.62429918750601,-8.349673051945155,-8.52372157203401,-9.55611536457942,-10.365595220393956,0.6360665659109751,0.31363183939077816,0.2052404284477234,0.9499629139900208,0.7447224855422974,0.5083246827125549
P004,VINEYARD,Imola,0.5062152147293091,0.0183597803115844,0.305411159992218,0.451615497469902,0.3893083781003952,0.0459107104688882,0.2103281989693641,0.3671273440122604,0.5833823382854462,0.1417241618037223,0.4067679643630981,0.5690300762653351,0.4767268449068069,0.0302211381494998,0.2467978000640869,0.3734809011220932,0.4812996238470077,0.000302438478684,0.2303008213639259,0.3656892031431198,-15.262103998952256,-13.263773823536935,-14.697018028606887,-15.81273137663934,-17.303748121539556,-5.534329261916583,-5.837345961508648,-5.649205173178896,-5.456676239800007,-7.554715716278487,-9.727774737035675,-7.426427862028287,-9.047812855427992,-10.356055136839332,-9.74903240526107,0.7814235140879949,0.20442158203905714,0.3816550076007843,0.917740523815155,0.5360855162143707,0.2688080817461014
P005,VINEYARD,Castel_Bolognese,0.4949404895305633,-0.0497676134109497,0.2788528203964233,0.4634094685316086,0.3922973275184631,0.0331037994474172,0.2168174013495445,0.3736479431390762,0.4510905295610428,0.0833307430148124,0.3066794872283935,0.4500863999128341,0.4284462332725525,0.0215341104194521,0.2491013780236244,0.3726448565721512,0.505483865737915,0.0708526894450187,0.2858018726110458,0.4618941396474838,-14.22923414908167,-12.396209630854644,-13.57593323918512,-14.427932283827571,-15.119427946708116,-3.548337928120512,-5.247734938997455,-5.90368291007557,-5.508936121382291,-5.438578843517101,-10.680896220961156,-7.1484746918571895,-7.6722503291095485,-8.918996162445282,-9.680849103191012,0.620522732535998,0.2955829601437771,0.2295423150062561,0.9438953399658204,0.7143530249595643,0.41566203534603124
P006,VINEYARD,Castel_Bolognese,0.5803433656692505,-0.0417285487055778,0.3245060443878174,0.5365325808525085,0.6815993189811707,0.208346351981163,0.5146987438201904,0.7774659395217896,0.7149552702903748,0.3422190845012665,0.6224458813667297,0.7769493460655212,0.662287712097168,0.2206729054450988,0.5410504341125488,0.6999967098236084,0.676048755645752,0.0881542041897773,0.4519863724708557,0.6741190552711487,-17.37320789034236,-13.703419892514336,-13.811315121342837,-14.57307077445715,-14.97925954972537,-5.775482633807605,-5.916903187945358,-6.547523642646197,-6.716861808854167,-7.339402028731413,-11.597725256534757,-7.786516704568976,-7.263791478696641,-7.856208965602985,-7.639857520993958,0.6185357222954432,0.2681606748411707,0.277437686920166,0.8943043947219849,0.6168667078018188,0.5582969337701797
P007,VINEYARD,Castel_Bolognese,0.4330302774906158,-0.1126009635627269,0.2261181250214576,0.3499747067689895,0.5589938461780548,0.1553781479597091,0.3769539147615433,0.6320996582508087,0.6453938782215118,0.1625601053237915,0.503550797700882,0.6996503174304962,0.6419411599636078,0.1340709924697876,0.4682025164365768,0.6665551960468292,,,,,-19.00186014198479,-14.646340064795265,-14.4647324968611,-15.79642350726706,-17.395847583348672,-5.301671205808023,-6.687816491709492,-6.3941501017599816,-6.139309570884804,-6.245734718274259,-13.700188936176763,-7.9585235730857695,-8.07058239510112,-9.657113936382256,-11.150112865074412,0.7444022496541342,0.08770668451217707,0.6407669186592102,0.8594084978103638,0.21864157915115356,0.1701785922050476
P008,VINEYARD,Castel_Bolognese,0.6250714659690857,0.0832011923193931,0.3695878088474273,0.6125280261039734,0.4256935268640518,-0.0937638096511364,0.2011283189058303,0.3726087659597397,0.6206307113170624,0.0940418057143688,0.4434688836336136,0.6284538805484772,0.6785597801208496,0.1604939699172973,0.5063357949256897,0.717584639787674,,,,,-17.350106520836626,-14.58069246442709,-14.492171945404255,-15.0596059679767,-15.3483207112684,-4.872936460766997,-5.66241205160286,-6.306477548433939,-6.022643564832099,-5.966235937131384,-12.477170060069628,-8.918280412824231,-8.185694396970318,-9.036962403144605,-9.382084774137017,0.6613075286149979,0.17409119258827854,0.4238630831241607,0.9531491696834564,0.5292860865592957,0.320647656917572
P009,VINEYARD,Faenza,0.5556668639183044,0.0830932259559631,0.3288355767726898,0.5583189725875854,0.3057920038700104,-0.0954712033271789,0.1394286602735519,0.2476290166378021,0.584614098072052,0.171705275774002,0.4466650784015655,0.6390073895454407,0.5969862341880798,0.1407370716333389,0.4047448933124542,0.5991731286048889,0.5242140889167786,-0.0242555756121873,0.3026260137557983,0.4674473404884338,-17.833157901047922,-14.779887955622655,-14.616196721027151,-16.127130518299854,-16.61925484896778,-6.005011697477548,-6.742562113337255,-5.005678575168084,-5.743419926092463,-6.129314259894794,-11.828146203570377,-8.0373258422854,-9.610518145859066,-10.383710592207391,-10.489940589072988,0.6673609515031179,0.2551381469340327,0.3443177938461303,0.918574035167694,0.5742562413215637,0.41581669449806213
P010,VINEYARD,Faenza,0.6367035508155823,0.1475654318928718,0.4220307916402817,0.6577685475349426,0.5515855848789215,0.090288545936346,0.3639178425073623,0.5764382481575012,0.5752284228801727,0.0893311947584152,0.4136389344930649,0.5680385231971741,0.5637512803077698,0.0419853180646896,0.3232723921537399,0.4794811308383941,0.5379433631896973,-0.0196428354829549,0.2949995249509811,0.4583969712257385,-17.86341907483345,-14.20178383839877,-15.398942914836407,-15.925388246735343,-16.952186474435,-5.538231929798148,-5.694365804690758,-5.404416966137057,-5.2475772322840335,-6.06483177069825,-12.3251871450353,-8.507418033708012,-9.99452594869935,-10.677811014451311,-10.887354703736747,0.761124961078167,0.19193994177346338,0.4044444113969803,0.9393317103385924,0.5348872989416121,0.30204733461141586
P011,VINEYARD,Faenza,0.5184538960456848,-0.014213572256267,0.2793779671192169,0.4936254620552063,0.4453000724315643,0.0639804974198341,0.2883583605289459,0.5036256909370422,0.559866189956665,0.0863981172442436,0.3907026946544647,0.6103383898735046,0.5551605820655823,0.0473349504172802,0.3443709909915924,0.5888365507125854,0.4853366613388061,-0.0313236303627491,0.2685652375221252,0.4641634523868561,-19.374649163504017,-14.904407997010372,-15.66558115958972,-16.652252650710214,-17.020151196864663,-6.844981740333118,-6.229820402176511,-5.69407791739857,-6.029733106260339,-6.7567788466737975,-12.5296674231709,-8.67458759483386,-9.97150324219115,-10.622519544449872,-10.263372350190863,0.7647226974368095,0.22810497469704769,0.3464140743017196,0.964714765548706,0.6183006912469864,0.43745236843824387
P012,VINEYARD,Faenza,0.6045723557472229,0.0478142872452735,0.357420265674591,0.599758505821228,0.4571827352046966,-0.0119044100865721,0.2602350413799286,0.4585619866847992,0.5543965697288513,0.1043460667133331,0.3968202769756317,0.5642570853233337,0.6534935235977173,0.2045073807239532,0.5032702088356018,0.6842080950737,0.5649879574775696,0.0487714745104312,0.2987125217914581,0.4602398872375488,-17.61208400936212,-13.284584594869706,-13.46343780724077,-14.631199534815364,-15.907109102204249,-6.15624355054673,-4.908164990565834,-5.275418528989468,-6.201794688612248,-6.126815717619291,-11.455840458815391,-8.376419604303873,-8.188019278251302,-8.429404846203116,-9.780293384584958,0.7267645498116811,0.17977520550934858,0.4723710417747497,0.9497554302215576,0.4773843884468079,0.3848734200000763
P013,ORCHARD,Imola,0.5105563402175903,-0.0705609917640686,0.2587228715419769,0.4121171832084656,0.5788891911506653,0.0700351595878601,0.3557386100292206,0.579389214515686,0.4848552942276001,-0.0891946107149124,0.2606827318668365,0.3927701711654663,0.4432975947856903,-0.1985227763652801,0.1990585327148437,0.3154210150241852,0.4445159137248993,-0.1688211858272552,0.2200354933738708,0.3337512612342834,-18.03949170314233,-14.662492911637608,-16.08238504223881,-18.08569072566178,-18.82174005062289,-5.329416833816383,-5.3705225386103095,-5.179797027645287,-5.199577436763038,-5.639201501496068,-12.71007486932595,-9.291970373027295,-10.90258801459352,-12.88611328889874,-13.182538549126818,0.7549695695439974,0.18242819207198419,0.4275888353586197,0.8868594765663147,0.459270641207695,0.22417277842760086
P014,ORCHARD,Imola,0.5736081004142761,-0.0191978216171264,0.3053510785102844,0.5269085764884949,0.7026278972625732,0.2768210172653198,0.4888367652893066,0.8082983493804932,0.6642096042633057,0.1710846275091171,0.4539324939250946,0.6804961562156677,0.5707849860191345,0.0344707444310188,0.3290741443634033,0.5071977376937866,0.5588567852973938,0.0085094971582293,0.3051778972148895,0.4807890355587005,-16.522315198614077,-14.02875465333378,-14.3624010514909,-16.521561793022688,-16.99562003217421,-6.55374077186154,-5.496280700895832,-4.06642056604582,-6.882988689749327,-6.900791085129484,-9.968574426752538,-8.532473952437948,-10.29598048544508,-9.63857310327336,-10.094828947044723,0.7642667467395464,0.21430692476566354,0.4090075641870498,0.9437971115112304,0.5347895473241806,0.08832605183124542
P015,ORCHARD,Imola,0.4240889549255371,-0.0752084106206893,0.2137905806303024,0.356488823890686,0.6027008295059204,0.2367338091135025,0.428253561258316,0.6731034517288208,0.5769898891448975,0.1120490953326225,0.4215376377105713,0.5945122241973877,0.541515052318573,0.0734255760908126,0.341923177242279,0.5140256285667419,0.5547156929969788,0.0882243067026138,0.3246935606002807,0.5048720836639404,-17.048881863879966,-13.930490064887522,-16.215107891058377,-16.018010091047643,-16.400590484140515,-6.600575555935183,-5.63602715850247,-5.819277435682126,-5.394855588084403,-5.650121229468439,-10.448306307944788,-8.294462906385053,-10.395830455376252,-10.62315450296324,-10.750469254672074,0.7185991058746973,0.2524476707478187,0.361981600522995,0.9495224356651306,0.5875408351421356,0.32675810158252716
P016,ORCHARD,Imola,0.4477228820323944,-0.1160353906452655,0.2208958119153976,0.3553572446107864,0.7270717024803162,0.2872106581926346,0.5355328023433685,0.8154688477516174,0.6680499911308289,0.1611456125974655,0.5057604610919952,0.6683324873447418,0.6817452311515808,0.1943665668368339,0.5051003098487854,0.6851710677146912,,,,,-17.342049853868463,-13.949037049790183,-14.205068980637968,-14.832799479209068,-15.286813419891956,-6.739596976398463,-6.761363645267942,-5.908229430126393,-6.703460506748776,-6.871098725519948,-10.60245287747,-7.187673404522242,-8.296839550511574,-8.12933897246029,-8.415714694372006,0.6944750795761744,0.19130769935582698,0.4264339506626129,0.9357436299324036,0.5093096792697906,0.4031213968992233
P017,ORCHARD,Castel_Bolognese,0.5937647223472595,0.00113218172919,0.329861044883728,0.5548235774040222,0.3077722787857055,0.0378837436437606,0.1497002243995666,0.2587470710277557,0.4896073043346405,0.1480803042650222,0.3573457598686218,0.515007734298706,0.4925638735294342,0.0791045054793357,0.3115239143371582,0.4822576344013214,0.4178144335746765,-0.0258909538388252,0.2323425710201263,0.3696562051773071,-16.728384745027913,-13.628331412475154,-14.80670476012974,-14.750976720395094,-15.245298401228595,-5.883888000429444,-5.464819363188354,-6.78727604300404,-6.279079387105828,-6.038724608158066,-10.844496744598471,-8.1635120492868,-8.019428717125699,-8.471897333289265,-9.206573793070527,0.7848414902885755,0.2199608512752111,0.3921694308519363,0.9747236669063568,0.5825542360544205,0.3866816535592079
P018,ORCHARD,Castel_Bolognese,0.5859283208847046,-0.0574640501290559,0.3253418803215027,0.5101540088653564,0.8139017224311829,0.3813663125038147,0.6246613264083862,0.9047615826129912,0.7647191882133484,0.3573333024978637,0.6126986145973206,0.826307088136673,0.7997139394283295,0.3701968938112259,0.6415123641490936,0.8523831963539124,0.7708910405635834,0.3246984481811523,0.5867345035076141,0.7917755246162415,-14.668581676541114,-13.502397033896932,-13.882725951422684,-13.718906982713378,-13.781807909944355,-5.471471476373586,-6.952227451881106,-8.08481112731585,-7.0265075321740245,-7.421541933384232,-9.19711020016753,-6.550169582015828,-5.797914824106832,-6.692399450539352,-6.360265976560127,0.6504518538713455,0.2100703246525969,0.3648804575204849,0.9046955406665802,0.5398150831460953,0.3288000822067261
P019,ORCHARD,Castel_Bolognese,0.3036169111728668,-0.1590675562620163,0.1420748978853225,0.2047095745801925,0.5762988328933716,0.1356941610574722,0.4010949283838272,0.6037134230136871,0.7267972826957703,0.239045038819313,0.5837601125240326,0.7851632535457611,0.6215047240257263,0.03834736533463,0.4028945118188858,0.5793361961841583,0.6244362592697144,0.0297799073159694,0.4144908338785171,0.6015178263187408,-15.802109977904816,-13.410476437485674,-14.5878439465838,-14.005298331893757,-15.199137978576026,-5.455658206424001,-5.450902007337798,-5.404412483321322,-4.634837124130401,-5.445326833007566,-10.346451771480814,-7.9595744301478755,-9.183431463262476,-9.370461207763352,-9.75381114556846,0.807796115676562,0.21147144862938244,0.4270418584346771,0.9598971009254456,0.5328552424907684,0.39650188386440277
P020,ORCHARD,Castel_Bolognese,0.3017283529043197,-0.1235353387892246,0.1316130235791206,0.2239448800683021,0.3569054305553436,-0.0120289498008787,0.1735652238130569,0.3408942967653274,0.3191379159688949,-0.0648983642458915,0.1692143678665161,0.2527595609426498,0.628472089767456,0.2685032784938812,0.4793159812688827,0.6769778430461884,0.5649645328521729,0.1330304443836212,0.3958466947078705,0.5677078068256378,-20.18323067297104,-13.38838474130629,-16.31241012488512,-13.24519909772845,-14.593059039924816,-8.347519793637698,-7.074117499100464,-8.481009572267219,-6.305133712549691,-7.628211531466795,-11.835710879333345,-6.314267242205825,-7.831400552617898,-6.940065385178761,-6.96484750845802,0.7141067186991373,0.22372703875608166,0.3753552436828613,0.9390261173248292,0.563670873641968,0.4802287817001343
P021,ORCHARD,Faenza,0.2071124166250229,-0.1280037313699722,0.0794694349169731,0.1362286359071731,0.1997737288475036,-0.0692446827888488,0.0585201010107994,0.1472316533327102,0.2215564399957656,-0.0523525699973106,0.1149801090359687,0.1748875081539154,0.28757444024086,-0.0400832816958427,0.1574801355600357,0.2394639402627945,0.300054669380188,-0.0323046147823333,0.1674603670835495,0.257111519575119,-21.469565760989656,-14.64423366777222,-17.586535106628013,-17.2425278821662,-18.81928631907912,-10.365545801019495,-7.25755714199922,-6.958372880508401,-6.432349107621417,-8.088338587377251,-11.10401995997016,-7.386676525772998,-10.62816222611961,-10.810178774544784,-10.730947731701876,0.7085666793088118,0.31237292781950915,0.2411193177103996,0.9701815545558928,0.7290622368454932,0.449874434620142
P022,ORCHARD,Faenza,0.4611887633800506,-0.0814862512052059,0.24422637373209,0.383007287979126,0.7427366673946381,0.3764586597681045,0.5946501195430756,0.8615948855876923,0.7384116351604462,0.3205800056457519,0.6293016970157623,0.8158775568008423,0.7425713241100311,0.2982861846685409,0.592329353094101,0.7978350520133972,0.7389974296092987,0.2938726097345352,0.5827522277832031,0.7889058291912079,-17.217687880681797,-13.45021239311267,-14.695885479251116,-15.337148775508666,-15.854389550602384,-6.257055631802699,-6.175927151085309,-5.802536775750914,-6.23862435203539,-6.721364486985987,-10.9606322488791,-7.274285242027361,-8.893348703500202,-9.098524423473275,-9.133025063616396,0.7970926364262899,0.1579708598742596,0.5017222166061401,0.9434475898742676,0.44172537326812744,0.24738919734954834
P023,ORCHARD,Faenza,0.6383351385593414,0.122868362814188,0.3907481729984283,0.659738302230835,0.6213164329528809,0.2008555382490158,0.4383674561977386,0.7035101056098938,0.7250424325466156,0.2993850708007812,0.592281311750412,0.7862754464149475,0.6957845985889435,0.2101931720972061,0.5417716801166534,0.7438442409038544,0.6506824791431427,0.0967619009315967,0.418915182352066,0.6595232784748077,-16.276382772185112,-11.27651280949622,-14.402506829482018,-15.43974105203941,-14.878668010271968,-5.036488979003706,-3.618326009133304,-5.567864087912328,-5.785300108239064,-5.0401749012918025,-11.239893793181404,-7.658186800362918,-8.83464274156969,-9.654440943800347,-9.838493108980163,0.6332978879412016,0.34420727913679067,0.125315323472023,0.9590662717819214,0.8337509483098984,0.5159074291586876
P024,ORCHARD,Faenza,0.505867063999176,-0.0796265453100204,0.2602101266384125,0.472605437040329,0.4826360046863556,0.1392308175563812,0.3134613335132599,0.513651430606842,0.64088374376297,0.2023716866970062,0.4826180040836334,0.7107364535331726,0.5598070621490479,0.0771170482039451,0.3574694395065307,0.5402166247367859,0.6139441132545471,0.0768837183713913,0.3698072731494903,0.5893861651420593,-18.48534289305444,-14.970472973442686,-15.40578595256203,-17.710107793823237,-17.34264051831849,-6.222931728723252,-6.737518318685467,-5.309827363421031,-6.693499615563875,-5.756983422220658,-12.262411164331189,-8.23295465475722,-10.095958589141,-11.01660817825936,-11.585657096097831,0.7334872422118982,0.2819490955365261,0.20697733014822,0.9342479407787324,0.7272706106305125,0.4482981152832508
P025,OLIVE,Imola,0.745669960975647,0.2484023123979568,0.5528247356414795,0.7816686034202576,0.6816163659095764,0.2198511660099029,0.489559918642044,0.7502553462982178,0.6781818866729736,0.239842802286148,0.5382601022720337,0.7184590101242065,0.6977542042732239,0.2591687738895416,0.5272879004478455,0.6992621421813965,0.7073644995689392,0.2606008052825928,0.5228917598724365,0.6936523914337158,-17.045261933866694,-14.017151861937844,-14.570692846396668,-15.722942586996586,-15.948514268262684,-6.389122353348978,-4.107057509548336,-4.365568435715711,-5.0304754021292215,-5.102409880271409,-10.65613958051772,-9.910094352389509,-10.205124410680956,-10.692467184867365,-10.846104387991272,0.73747036109368,0.27060781994985433,0.1962877064943313,0.9413028359413148,0.7450151294469836,0.3576405569911003
P026,OLIVE,Imola,0.6079723834991455,0.1115309782326221,0.3760605305433273,0.6092454493045807,0.5365493595600128,0.0708409398794174,0.3375284969806671,0.5654250085353851,0.5443860292434692,0.0715010538697242,0.370012104511261,0.5423325300216675,0.4554111957550049,-0.0144232688471674,0.2641634494066238,0.3908340483903885,0.4558601379394531,-0.0446820594370365,0.2431453466415405,0.3777215331792831,-16.221705550422882,-14.411214344805227,-14.634774831129585,-15.642705395307331,-16.014349811378462,-5.449471276187746,-6.148707427874766,-4.139510684379311,-5.694890405074116,-4.580191808317205,-10.772234274235135,-8.26250691693046,-10.495264146750271,-9.947814990233216,-11.434158003061256,0.7263855834801992,0.212339932542437,0.3654326200485229,0.9055079817771912,0.5400753617286682,0.332486093044281
P027,OLIVE,Imola,0.648679256439209,0.1632701754570007,0.4295797049999237,0.681198000907898,0.6828396916389465,0.2639666497707367,0.4879315495491028,0.7851734757423401,0.6320740580558777,0.1681544929742813,0.4679812788963318,0.67833411693573,0.5263687968254089,0.0337978489696979,0.3147577345371246,0.4625582098960876,0.5444326400756836,0.0161391776055097,0.3451625108718872,0.496620237827301,-17.226829465641316,-14.448221122499849,-14.814648004888134,-16.060926458273805,-16.786604364304353,-4.845781052457424,-4.851341489967815,-4.888743600382205,-4.44044532969632,-5.239048827502682,-12.381048413183894,-9.596879632532032,-9.925904404505928,-11.620481128577484,-11.54755553680167,0.7724359482526779,0.17398014708351822,0.4517087638378143,0.9053868055343628,0.4536780416965485,0.3008263558149338
P028,OLIVE,Imola,0.6024048328399658,0.0648472011089325,0.3495226800441742,0.6053841710090637,0.6348418593406677,0.2362058609724044,0.4171136319637298,0.7006367444992065,0.518498420715332,-0.0312466546893119,0.3006095588207245,0.4683975577354431,0.4379509687423706,-0.1532196700572967,0.2031881660223007,0.3122660219669342,0.4262072741985321,-0.1788070052862167,0.1976268142461776,0.3067861199378967,-18.97235788083653,-15.951693409187795,-16.393893869565748,-18.945134044142577,-19.610464420806608,-5.578562675081527,-4.385787528166431,-5.414493191232511,-5.353469265752199,-5.730617883261178,-13.393795205755003,-11.565905881021363,-10.979400678333237,-13.591664778390378,-13.87984653754543,0.741936261455218,0.26769339999738156,0.2972351014614105,0.95242577791214,0.6551906764507295,0.3704856187105179
P029,OLIVE,Castel_Bolognese,0.7016488909721375,0.1741565614938736,0.515990674495697,0.7096574902534485,0.7332692742347717,0.317661702632904,0.5775983333587646,0.8187610507011414,0.6761347651481628,0.1883285343647003,0.5273826122283936,0.6873480081558228,0.6776902079582214,0.1777659058570861,0.501124918460846,0.6415618658065796,0.6934131979942322,0.183828517794609,0.5162537693977356,0.6603756546974182,-17.42775970259047,-13.28358517948959,-15.616855435066368,-15.303546580503308,-16.384002206115273,-6.261755530447074,-4.515789441653974,-5.64942337898934,-4.462614677644286,-5.569684150303445,-11.166004172143396,-8.767795737835616,-9.967432056077026,-10.84093190285902,-10.814318055811832,0.7605328783392906,0.1990819439278382,0.4619040340185165,0.9235854148864746,0.4616813808679581,0.24365895241498947
P030,OLIVE,Castel_Bolognese,0.6411967575550079,0.1300735473632812,0.4364770948886871,0.6418537199497223,0.7068566977977753,0.3077013343572616,0.5209437906742096,0.8007868528366089,0.6971428096294403,0.2838428318500519,0.5375942885875702,0.7441565990447998,0.6415036022663116,0.1891969293355941,0.4253327548503876,0.6002237796783447,0.6289003491401672,0.173891045153141,0.417691558599472,0.5944845974445343,-14.292172413763176,-13.491279873817492,-13.66758571054275,-15.192511808674809,-15.479193028365184,-4.41917546716075,-6.346856628408901,-4.772497504604527,-4.430497415897793,-5.771840120400066,-9.872996946602427,-7.144423245408593,-8.895088205938226,-10.762014392777017,-9.707352907965118,0.7436460653940836,0.13856605468345196,0.5304996967315674,0.9393491148948668,0.40884941816329945,0.11757427453994751
P031,OLIVE,Castel_Bolognese,0.5078393220901489,-0.0711430981755256,0.2720166444778442,0.4556264281272888,0.6529210805892944,0.2014035284519195,0.4763781428337097,0.7215633988380432,0.5881796479225159,0.112578384578228,0.4460430145263672,0.6398374438285828,0.5314564108848572,-0.0117637822404503,0.3184276223182678,0.489131897687912,0.5105224847793579,-0.0263875145465135,0.3098254203796386,0.4538260400295257,-17.246170916812748,-14.689652381693897,-15.236981667405876,-17.50392912653246,-16.90624368154517,-6.391528922029229,-6.260565267830357,-4.822461270024009,-6.070370489717503,-5.3425902395274445,-10.85464199478352,-8.42908711386354,-10.414520397381866,-11.433558636814956,-11.563653442017724,0.6066193133592606,0.18376914058720942,0.2697465121746063,0.7888962626457214,0.5191497504711151,0.2601008862257004
P032,OLIVE,Faenza,0.6409393548965454,0.1630205661058426,0.3832337409257889,0.6749350428581238,0.653791755437851,0.2414421066641807,0.4189775437116623,0.7371025681495667,0.4900805056095123,-0.0486438404768705,0.2926316559314728,0.4355945885181427,0.4556554406881332,-0.0832850523293018,0.2285746559500694,0.3497298508882522,0.4442204535007477,-0.0786594413220882,0.2200491055846214,0.3369800448417663,-17.38507810638266,-15.366320482080177,-15.982950731270504,-17.652495085647963,-18.978896995792688,-6.95751567015768,-6.798885513379686,-5.738487698142576,-5.912946945867796,-7.522921932642514,-10.42756243622498,-8.567434968700491,-10.244463033127928,-11.739548139780169,-11.455975063150172,0.7894980063041052,0.14736314388522861,0.5126776397228241,0.9320263862609864,0.41934874653816234,0.26293446123600006
P033,OLIVE,Faenza,0.6755259037017822,0.1917352154850959,0.4557114243507385,0.7191765606403351,0.5605237483978271,0.1130904294550418,0.3581987917423248,0.5733079016208649,0.4633653610944748,-0.0374834910035133,0.275520771741867,0.4025648683309555,0.3983933478593826,-0.0846387781202793,0.1817170679569244,0.2804923802614212,0.40838123857975,-0.0965007618069648,0.2019879445433616,0.300374373793602,-17.911850540966284,-14.937244756123656,-16.242807023086762,-19.17232298356627,-19.587746965107748,-5.411949662274448,-5.634626907164924,-4.522427041574345,-6.584987580456531,-5.9036558156000405,-12.49990087869184,-9.302617848958732,-11.72037998151242,-12.587335403109742,-13.684091149507708,0.7381995854278406,0.275140594911226,0.1906436011195182,0.9477333724498748,0.7570897713303566,0.37351507321000105
P034,OLIVE,Faenza,0.7793746888637543,0.3911768794059753,0.5848351120948792,0.8464463651180267,0.6603122651576996,0.2181245312094688,0.4889328181743622,0.7675884366035461,0.70631542801857,0.3262189328670501,0.5897766351699829,0.7828174829483032,0.6273910999298096,0.1775286719202995,0.4806831181049347,0.6411698758602142,0.5974712073802948,0.0948980115354061,0.4131557643413543,0.5839133560657501,-16.269570407459177,-14.682902610372636,-13.943949533319904,-14.812129232760991,-16.21251605889298,-5.837136908258849,-5.213194067779535,-5.323924635511946,-4.711870315492307,-6.124575108360988,-10.432433499200329,-9.4697085425931,-8.62002489780796,-10.100258917268686,-10.087940950531992,0.6180805005133152,0.25718188942276415,0.1240395531058311,0.7890793681144714,0.6650398150086403,0.4191760905086994
P035,OLIVE,Faenza,0.6287685036659241,0.168427973985672,0.4327261447906494,0.6512436866760254,0.6285842061042786,0.2473784834146499,0.4514954090118408,0.6912809610366821,0.5601508617401123,0.1138339340686798,0.377363383769989,0.5421943664550781,0.4580632448196411,0.0520073883235454,0.2802740037441253,0.4007947742938995,0.459748238325119,0.0352974832057952,0.2704485654830932,0.3909077644348144,-16.461615334282534,-12.678427748632952,-14.536553326351129,-16.461659732313528,-16.745795137947272,-6.297943416543223,-5.238530577476036,-4.937097121092441,-6.062026314333457,-6.721117168219065,-10.163671917739311,-7.439897171156917,-9.599456205258685,-10.399633417980072,-10.024677969728206,0.7601533631483713,0.13630693698399202,0.5845596194267273,0.9176333546638488,0.33307373523712147,0.08377107977867126
P036,ANNUAL,Imola,0.2404979914426803,-0.166280560195446,0.0800847522914409,0.134416401386261,0.3303489536046982,0.0229676160961389,0.174570545554161,0.2979882359504699,0.2541470229625702,-0.0934442840516567,0.1085558645427227,0.1707753986120224,0.3552438914775848,-0.0338191334158182,0.1715846508741378,0.28727987408638,0.2348336577415466,-0.1389896273612976,0.0634078420698642,0.1230792477726936,-18.293706928441807,-13.139990229685502,-16.675754121599898,-16.798065168348636,-17.33888468878065,-9.10792014156679,-7.2408030730012225,-7.938953999918427,-8.16754995167649,-8.920922265306917,-9.185786786875015,-5.8991871566842775,-8.736800121681473,-8.630515216672146,-8.417962423473732,0.7405825903018316,0.29521193764432935,0.2912052869796753,0.9568964838981628,0.6656911969184875,0.35889485478401184
P037,ANNUAL,Imola,0.1487705558538437,-0.1656256914138794,0.0512932129204273,0.0782842859625816,0.5280025601387024,0.189852088689804,0.3614579439163208,0.5851202607154846,0.5048645734786987,-0.0380967557430267,0.2797063887119293,0.4341929256916046,0.4486986696720123,0.0156090753152966,0.2073122262954712,0.3520354330539703,0.4162726104259491,-0.0515193715691566,0.1792337745428085,0.3156724572181701,-18.2029344895276,-11.701952064868289,-15.234493155326064,-16.510803493999965,-17.330629781737883,-8.808419569298216,-5.173418339430444,-5.884420020732115,-6.79199647664019,-6.979770653062786,-9.394514920229376,-6.528533725437843,-9.35007313459395,-9.718807017359778,-10.350859128675095,0.7014250581463178,0.2229248228724525,0.4041301161050796,0.9061918556690216,0.502061739563942,-0.08410350233316422
P038,ANNUAL,Imola,0.3328212350606918,0.0097821755334734,0.2021251022815704,0.3345992714166641,0.7777755856513977,0.4270651489496231,0.6532266438007355,0.8448847532272339,0.3194175809621811,-0.1268104165792465,0.1004483252763748,0.1701356917619705,0.1237835064530372,-0.153070718050003,0.032205544412136,0.0675181448459625,0.1544043719768524,-0.148023247718811,0.0548354312777519,0.0905552096664905,-18.137912458464346,-18.63410649591448,-19.34205376665907,-16.949229330746423,-17.46306775011064,-6.849130316814987,-4.857566513569343,-6.3348889127024695,-7.432518120064175,-7.752197227576195,-11.288782141649351,-13.776539982345133,-13.0071648539566,-9.51671121068225,-9.710870522534442,0.777201883494854,0.23551355357285894,0.4315419346094131,0.9583314955234528,0.5267895609140396,0.26338276267051697
P039,ANNUAL,Imola,0.2568992972373962,-0.1517724394798278,0.0844044536352157,0.1358923614025116,0.6075814962387085,0.2581039369106293,0.4095907211303711,0.6664419174194336,0.5737375020980835,0.0600200854241848,0.3761638104915619,0.5693135261535645,0.4744594991207123,-0.0093385865911841,0.2193407416343689,0.3547794222831726,0.379582792520523,-0.1072475835680961,0.1332255154848098,0.2223567366600036,-17.496098441481777,-13.32644733639253,-14.90388798439608,-16.338683854271185,-17.823112448431388,-7.515270957357493,-5.243133568950485,-6.637187066017084,-6.5253020856057296,-6.56220319839814,-9.980827484124283,-8.083313767442045,-8.266700918378994,-9.813381768665456,-11.260909250033247,0.7486488297581673,0.21931062604863447,0.4651469141244888,0.9504308998584748,0.48528398573398607,0.04097626358270645
P040,ANNUAL,Castel_Bolognese,0.3967868089675903,-0.225957378745079,0.1523239016532898,0.2220716327428817,0.2340418994426727,-0.0736173838376998,0.0855605602264404,0.176714688539505,0.7124531269073486,0.2930984497070312,0.6066597104072571,0.7975550293922424,0.4985579550266266,0.0192669723182916,0.2537149786949157,0.4147224128246307,0.5226035118103027,-0.0347003974020481,0.2709929645061493,0.4373678565025329,-17.081476029062642,-17.152514120671004,-16.086189056411694,-18.46768560770761,-19.855940221479496,-8.436594284339968,-10.651157412655609,-6.399206749913402,-6.180482257308684,-6.353511007481833,-8.644881744722673,-6.501356708015395,-9.686982306498294,-12.287203350398933,-13.502429213997663,0.7907136430342993,0.15208665711822805,0.6123777627944946,0.9534525871276855,0.3410748243331909,0.04649020731449127
P041,ANNUAL,Castel_Bolognese,0.1876025423407554,-0.1380702406167984,0.0602661706507205,0.0992072336375713,0.6064276695251465,0.1773015484213829,0.3946023285388946,0.6154172420501709,0.3560673743486404,-0.0821451544761657,0.1726259440183639,0.2347200214862823,0.27812260389328,-0.0535700917243957,0.1357411593198776,0.205475740134716,0.2319991439580917,-0.1289251148700714,0.0719591975212097,0.1294357851147651,-19.445626128137867,-15.368351851335095,-16.01299583936004,-16.003093120500395,-19.35174568199066,-9.099676853886765,-7.207523508692056,-6.7538354221859205,-7.91216006933436,-9.44522037087713,-10.345949274251105,-8.16082834264304,-9.25916041717412,-8.090933051166036,-9.90652531111353,0.7142878025770187,0.21834680840569404,0.3904685378074646,0.8836647868156433,0.4931962490081787,0.42686159908771515
P042,ANNUAL,Castel_Bolognese,0.2040340304374694,-0.1098661087453365,0.0586414653807878,0.1023408658802509,0.6596109867095947,0.3627894222736358,0.4935536086559295,0.7515649199485779,0.6189085841178894,0.1728631928563118,0.4745754301548004,0.664119154214859,0.3118893206119537,-0.0380116458982229,0.1450961530208587,0.2162229344248771,0.3473761528730392,-0.0496953185647726,0.1689582243561744,0.2629512697458267,-19.63317353305392,-13.919077462511629,-15.370130245512456,-17.69415030836009,-18.53721978587081,-8.808179319368975,-7.754266113218232,-5.366702982379447,-8.14357476256097,-7.66582050028489,-10.824994213684942,-6.164811349293396,-10.003427263133007,-9.550575545799122,-10.87139928558592,0.6381865441799164,0.32460221252522137,0.2418936192989349,0.9405367970466614,0.6986431777477264,0.648466169834137
P043,ANNUAL,Castel_Bolognese,0.5306097567081451,0.1642711460590362,0.3486592322587967,0.5974021553993225,0.8687888085842133,0.5686736404895782,0.7671230435371399,0.93294295668602,0.3740791976451874,-0.1231323257088661,0.1259559541940689,0.2016474902629852,0.2438307702541351,-0.1117517352104187,0.0653856322169303,0.1213198229670524,0.2581606358289718,-0.0858814790844917,0.0823463015258312,0.1457569152116775,-20.59157175237075,-16.462513181339396,-20.495709429466764,-18.25232866670826,-18.637112120160943,-6.6373968519182185,-3.462818993683085,-7.009834970048382,-8.185378682702366,-8.490377192179047,-13.954174900452532,-12.999694187656312,-13.48587445941838,-10.066949984005891,-10.1467349279819,0.7446100190281868,0.295330389358985,0.3298463970422745,0.9841264188289642,0.6542800217866898,0.3122967854142189
P044,ANNUAL,Faenza,0.1676864475011825,-0.1524014770984649,0.0460553485900163,0.077296994626522,0.1408271118998527,-0.0966925285756588,0.0136848106049001,0.0561841800808906,0.5248505473136902,0.2291957139968872,0.4070354104042053,0.5840607583522797,0.2730881571769714,-0.1108065173029899,0.0823093838989734,0.1431698128581047,0.2171715497970581,-0.172324039041996,0.0751782767474651,0.1263404637575149,-17.761590133491573,-17.046119854340585,-13.996508533407717,-17.428385067748426,-19.29572337513075,-8.410082852597041,-9.526705997182974,-5.917748529414376,-7.025066042508459,-7.818536363176115,-9.351507280894532,-7.519413857157611,-8.07876000399334,-10.403319025239968,-11.47718701195463,0.743537833293279,0.23175236231257906,0.41159388422966,0.9678064584732056,0.5562125742435455,0.028328359127044678
P045,ANNUAL,Faenza,0.3242722004652023,-0.0991396233439445,0.1343495771288871,0.2356463223695755,0.8000209033489227,0.4758540540933609,0.6628591120243073,0.8805421590805054,0.4169943481683731,-0.0902171730995178,0.1784356012940406,0.2714019119739532,0.3064782172441482,-0.0903655588626861,0.0863310396671295,0.1539837643504142,0.3033915609121322,-0.0974432714283466,0.0919198915362358,0.1623291000723838,-20.08449422170064,-15.303263849741972,-18.340605755178306,-17.594284311182435,-18.18671404767275,-8.955233805603767,-4.860830864198855,-6.689191585750718,-8.81955631298227,-8.758998800641843,-11.129260416096866,-10.442432985543116,-11.651414169427587,-8.774727998200163,-9.42771524703091,0.6661994345486164,0.322136913550997,0.2605935856699943,0.9687032103538512,0.708109624683857,0.6176603697240353
P046,ANNUAL,Faenza,0.4380624741315841,-0.0970233008265495,0.2194251418113708,0.3452300727367401,0.7557246387004852,0.3854077756404876,0.5736171007156372,0.857802003622055,0.5469052493572235,-0.0149591197259724,0.3763559013605118,0.532876044511795,0.5218680202960968,-0.0424040686339139,0.3009425848722458,0.4789052605628967,0.4972553253173828,-0.1296787187457084,0.2728455066680908,0.4325136244297027,-17.432505471963765,-13.47210308779517,-15.999213353241418,-17.209492150172526,-18.04994582191245,-7.334404227691679,-5.332390207447332,-5.886857244934529,-5.858218626665732,-7.117627872347389,-10.098101244272089,-8.139712880347837,-10.112356108306887,-11.351273523506794,-10.93231794956506,0.7274811466534933,0.2113626666901629,0.4007916450500488,0.9551185965538024,0.5543269515037537,0.32802894711494446
P047,ANNUAL,Faenza,0.3623364865779876,0.0168724711984395,0.2102279365062713,0.3471687138080597,0.4995405375957489,0.1633878201246261,0.3526467084884643,0.5901219844818115,0.4433370530605316,-0.0202836580574512,0.2456735521554947,0.4001855850219726,0.1677091568708419,-0.1265172213315963,0.0456778407096862,0.0934128686785698,0.1768895238637924,-0.1152118146419525,0.0574483834207057,0.1066107004880905,-21.2137867612146,-10.73051989981646,-16.01931752185173,-17.174657340874045,-16.86893114350856,-9.10678955270406,-4.309253621805505,-6.753041287272939,-8.820235566695958,-9.027820150604946,-12.106997208510537,-6.421266278010954,-9.26627623457879,-8.354421774178086,-7.841110992903618,0.5888795057932535,0.3167599769472162,0.2282071709632873,0.9700851440429688,0.7418779730796814,0.6539406850934029
