modality,balanced_accuracy,macro_f1,buffer_m,n_polygons,min_core_ha
OPTICAL_ONLY,0.6401515151515151,0.6322662844401974,10,47,1.385120996157614
SAR_ONLY,0.5132575757575757,0.4977106227106227,10,47,1.385120996157614
FUSION,0.6856060606060606,0.6764132553606237,10,47,1.385120996157614
OPTICAL_ONLY,0.6439393939393939,0.631547619047619,20,47,0.8498648283629534
SAR_ONLY,0.5132575757575757,0.5038461538461538,20,47,0.8498648283629534
FUSION,0.7272727272727272,0.7210144927536232,20,47,0.8498648283629534
OPTICAL_ONLY,0.6193181818181818,0.6098720120459251,30,47,0.34572310299565945
SAR_ONLY,0.5132575757575757,0.50717720685112,30,47,0.34572310299565945
FUSION,0.6628787878787878,0.6565217391304349,30,47,0.34572310299565945
