feature,spearman_rho,p_value
vh_vv_ratio_db_2023-06-03,-0.2857308048103608,0.05154359730964958
vh_gamma0_db_2023-06-15,-0.2005087881591119,0.1765757503456509
vh_gamma0_db_2023-06-03,-0.15575855689176688,0.29580564768141554
vv_gamma0_db_2023-06-03,0.10881128584643848,0.4665822068438636
vh_vv_ratio_db_2023-06-15,-0.10279833487511564,0.4917061889143104
ndmi_2023-05-23,0.07562442183163738,0.6134052804354414
gndvi_2023-05-23,0.03850601295097132,0.7972013744241114
ndvi_2023-05-23,0.03746530989824237,0.8025714097364854
ndre_2023-05-23,0.022201665124884366,0.882242902945844
ndmi_2023-07-17,-0.021507863089731735,0.8858980774026456
ndvi_2023-07-17,-0.016304347826086956,0.9133815556835756
vv_gamma0_db_2023-06-15,-0.008441258094357078,0.9550924654424294
ndre_2023-07-17,-0.0030064754856614245,0.983998403890587
gndvi_2023-07-17,0.0027752081406105457,0.9852291543618484
