buffer_m,pilot_id,class4,zone,area_ha,support_area_ha,n_valid,coh_mean,coh_median,coh_std
0,P001,VINEYARD,Imola,3.1654495448049635,3.1654495448049635,21,0.347735101268405,0.31808412075042725,0.11374219326173499
0,P002,VINEYARD,Imola,4.015695158021988,4.015695158021988,26,0.2808533196265881,0.2682773619890213,0.11812766513812248
0,P003,VINEYARD,Imola,4.821370692947343,4.821370692947343,29,0.281168682051116,0.2519949674606323,0.15731110359645797
0,P004,VINEYARD,Imola,3.641378914602243,3.641378914602243,21,0.357425053914388,0.3816550076007843,0.1638343303531252
0,P005,VINEYARD,Castel_Bolognese,2.3860121807252463,2.3860121807252463,12,0.4277675946553548,0.4167458564043045,0.14109192607533463
0,P006,VINEYARD,Castel_Bolognese,4.8908902921767,4.8908902921767,30,0.24371087029576302,0.2508952170610428,0.10095873863737714
0,P007,VINEYARD,Castel_Bolognese,2.8190826325329024,2.8190826325329024,17,0.5899617163573995,0.6119221448898315,0.11995653563394057
0,P008,VINEYARD,Castel_Bolognese,4.730408674185802,4.730408674185802,29,0.42094587971424235,0.4183484613895416,0.07752621857416458
0,P009,VINEYARD,Faenza,2.121267549776319,2.121267549776319,12,0.31973834087451297,0.28259406983852386,0.10989376614866364
0,P010,VINEYARD,Faenza,4.645746892934534,4.645746892934534,28,0.4670605404036386,0.4648749381303787,0.10439750727221113
0,P011,VINEYARD,Faenza,3.656827897775929,3.656827897775929,23,0.3335368314191051,0.34590816497802734,0.10955796451724549
0,P012,VINEYARD,Faenza,2.825350437603589,2.825350437603589,19,0.4330325691323531,0.40550416707992554,0.13261532461579206
0,P013,ORCHARD,Imola,2.1196263721575934,2.1196263721575934,12,0.4391605282823245,0.4275888353586197,0.07824680277585155
0,P014,ORCHARD,Imola,2.0230602041017924,2.0230602041017924,13,0.5677704031650836,0.5831932425498962,0.086834614456135
0,P015,ORCHARD,Imola,2.983753585315028,2.983753585315028,18,0.4202093697256512,0.4019439369440079,0.11835003387795703
0,P016,ORCHARD,Imola,2.4676245526858525,2.4676245526858525,15,0.41545672218004864,0.42413946986198425,0.09032678913371187
0,P017,ORCHARD,Castel_Bolognese,6.721753725448916,6.721753725448916,44,0.4267357564107938,0.40416257083415985,0.1697554382170855
0,P018,ORCHARD,Castel_Bolognese,3.274499526093191,3.274499526093191,20,0.37410717755556105,0.3790394365787506,0.13145007708575795
0,P019,ORCHARD,Castel_Bolognese,2.373180075572092,2.373180075572092,14,0.43482780030795504,0.4265111982822418,0.10187850236842155
0,P020,ORCHARD,Castel_Bolognese,5.762025147449255,5.762025147449255,35,0.3343240363257272,0.35868456959724426,0.12044359190989835
0,P021,ORCHARD,Faenza,3.836071815495797,3.836071815495797,24,0.23490906429166594,0.2433796525001526,0.10429435430791169
0,P022,ORCHARD,Faenza,4.024655263071004,4.024655263071004,25,0.4595014038681984,0.49858102202415466,0.11346466566820336
0,P023,ORCHARD,Faenza,2.6219618089434995,2.6219618089434995,16,0.14420061092823744,0.13480834662914276,0.06710210167475826
0,P024,ORCHARD,Faenza,2.3327174916669415,2.3327174916669415,16,0.21015887730754912,0.22083259373903275,0.08120769337352478
0,P025,OLIVE,Imola,3.4232291050089114,3.4232291050089114,23,0.22551371383926141,0.20796842873096466,0.12409980681773429
0,P026,OLIVE,Imola,2.502426104003195,2.502426104003195,15,0.3759377241134644,0.3825191855430603,0.08488770448327035
0,P027,OLIVE,Imola,7.479631106839761,7.479631106839761,48,0.45812357931087416,0.45876769721508026,0.14261173132390667
0,P028,OLIVE,Imola,7.150680899554923,7.150680899554923,41,0.29815451292003076,0.29581403732299805,0.11215938072035508
0,P029,OLIVE,Castel_Bolognese,2.341064414099507,2.341064414099507,14,0.4503561295568943,0.46190403401851654,0.19702677638020544
0,P030,OLIVE,Castel_Bolognese,2.045965560799921,2.045965560799921,12,0.551589465389649,0.5252943336963654,0.16157819268866047
0,P031,OLIVE,Castel_Bolognese,2.204944024653293,2.204944024653293,12,0.2295484865705172,0.2638101875782013,0.09666310575910234
0,P032,OLIVE,Faenza,3.027991669921379,3.027991669921379,18,0.5253468006849289,0.5066417157649994,0.06226692915739207
0,P033,OLIVE,Faenza,3.062396213947536,3.062396213947536,19,0.20830355859116503,0.18650558590888977,0.08494948407942475
0,P034,OLIVE,Faenza,3.1006374545112183,3.1006374545112183,18,0.17306863123344052,0.16717524081468582,0.10755709911515653
0,P035,OLIVE,Faenza,5.001460487246888,5.001460487246888,31,0.5330513783039585,0.5845596194267273,0.14789977052013106
0,P036,ANNUAL,Imola,3.2307727774316275,3.2307727774316275,21,0.24514075918566613,0.25750795006752014,0.1054028028602328
0,P037,ANNUAL,Imola,3.0013772307440765,3.0013772307440765,21,0.3693375202516715,0.4462355673313141,0.16465602716467748
0,P038,ANNUAL,Imola,2.8567546815944893,2.8567546815944893,19,0.5131448695534154,0.5825737714767456,0.13274703966961532
0,P039,ANNUAL,Imola,5.4145980874217425,5.4145980874217425,33,0.48054787877834204,0.4870486259460449,0.06907654150997976
0,P040,ANNUAL,Castel_Bolognese,2.662850462089826,2.662850462089826,15,0.5436513900756836,0.5665859580039978,0.08690921966178848
0,P041,ANNUAL,Castel_Bolognese,2.581234154015185,2.581234154015185,15,0.46676539778709414,0.4802977740764618,0.07656173247592696
0,P042,ANNUAL,Castel_Bolognese,3.831353940655137,3.831353940655137,23,0.2732056852268136,0.28547707200050354,0.07263780378956086
0,P043,ANNUAL,Castel_Bolognese,5.18079207126424,5.18079207126424,32,0.41294998163357377,0.3762601912021637,0.2006258522489204
0,P044,ANNUAL,Faenza,2.8292499485748284,2.8292499485748284,18,0.7988492614693112,0.8109557926654816,0.054081998842492034
0,P045,ANNUAL,Faenza,3.941500902698074,3.941500902698074,24,0.3960746669520934,0.3937392085790634,0.12822023484929834
0,P046,ANNUAL,Faenza,2.7562816442083613,2.7562816442083613,17,0.42792948729851665,0.40564316511154175,0.11659279152977675
0,P047,ANNUAL,Faenza,3.734136266688578,3.734136266688578,22,0.19911105659875003,0.22157204151153564,0.07400534901875122
10,P001,VINEYARD,Imola,3.1654495448049635,2.5033445404878667,17,0.32765617791344137,0.31808412075042725,0.10264091790138066
10,P002,VINEYARD,Imola,4.015695158021988,3.261802008508822,20,0.2804118551313877,0.26363517343997955,0.12320122206833793
10,P003,VINEYARD,Imola,4.821370692947343,3.98183983637731,26,0.26841703114601284,0.22995392233133316,0.1469584606171784
10,P004,VINEYARD,Imola,3.641378914602243,2.918081960466747,18,0.37148239215215045,0.38615909218788147,0.16834525246144
10,P005,VINEYARD,Castel_Bolognese,2.3860121807252463,1.818603376986203,11,0.4464785551482981,0.4182717502117157,0.1323459562952452
10,P006,VINEYARD,Castel_Bolognese,4.8908902921767,4.046043965735793,27,0.24663992640044954,0.2569337487220764,0.1034844278344915
10,P007,VINEYARD,Castel_Bolognese,2.8190826325329024,2.186976977450254,13,0.6216763739402478,0.6226118803024292,0.09545654586036496
10,P008,VINEYARD,Castel_Bolognese,4.730408674185802,3.8935104575560255,25,0.4132904589176178,0.41621527075767517,0.07478665749680888
10,P009,VINEYARD,Faenza,2.121267549776319,1.5866808093185698,9,0.3218400511476729,0.2836897373199463,0.08637337092439867
10,P010,VINEYARD,Faenza,4.645746892934534,3.8284281003526135,25,0.4618394136428833,0.41945675015449524,0.10895113157568202
10,P011,VINEYARD,Faenza,3.656827897775929,2.935236809887738,20,0.33982263281941416,0.32377956807613373,0.08988480404451114
10,P012,VINEYARD,Faenza,2.825350437603589,2.1974118509311507,13,0.4418585552619054,0.47237104177474976,0.14008677713780202
10,P013,ORCHARD,Imola,2.1196263721575934,1.5814953413032833,10,0.4242223143577576,0.41400642693042755,0.07361423169444674
10,P014,ORCHARD,Imola,2.0230602041017924,1.4949103558474726,7,0.5453107867922101,0.618738055229187,0.10839767695399505
10,P015,ORCHARD,Imola,2.983753585315028,2.3252746654194767,14,0.3912468020405088,0.37454070150852203,0.09648850205309874
10,P016,ORCHARD,Imola,2.4676245526858525,1.8717075847249152,12,0.4104151477416356,0.4252867102622986,0.08242709630445522
10,P017,ORCHARD,Castel_Bolognese,6.721753725448916,5.765785074267593,35,0.4136959582567215,0.3948986530303955,0.17132462640381857
10,P018,ORCHARD,Castel_Bolognese,3.274499526093191,2.593035786834903,15,0.3784220536549886,0.39258527755737305,0.14299198953453846
10,P019,ORCHARD,Castel_Bolognese,2.373180075572092,1.8003490602703416,11,0.4324533424594186,0.4270418584346771,0.09680931713181223
10,P020,ORCHARD,Castel_Bolognese,5.762025147449255,4.832769266620299,30,0.3466919228434563,0.3670199066400528,0.11199178489620835
10,P021,ORCHARD,Faenza,3.836071815495797,3.105686607593732,21,0.23481535947039014,0.2418365180492401,0.09576778178816703
10,P022,ORCHARD,Faenza,4.024655263071004,3.2572798232029947,20,0.4564741481095552,0.49911247193813324,0.12348424093017449
10,P023,ORCHARD,Faenza,2.6219618089434995,2.0067005875371215,12,0.1377599531163772,0.12835603952407837,0.06974948314542993
10,P024,ORCHARD,Faenza,2.3327174916669415,1.7557946088236411,11,0.23186460137367249,0.22166647017002106,0.0759096104066604
10,P025,OLIVE,Imola,3.4232291050089114,2.6241390999091063,18,0.2077801281379329,0.1950673684477806,0.1008926265523279
10,P026,OLIVE,Imola,2.502426104003195,1.7969854827451528,14,0.3741932745490755,0.3775416910648346,0.08760698915661408
10,P027,OLIVE,Imola,7.479631106839761,6.064727490352006,38,0.44097424847515004,0.45146238803863525,0.1371425473552146
10,P028,OLIVE,Imola,7.150680899554923,5.693353016703,37,0.29548092387818004,0.2915026843547821,0.11288313104387449
10,P029,OLIVE,Castel_Bolognese,2.341064414099507,1.7431778742775783,12,0.4748769284536441,0.49794168770313263,0.195354309174514
10,P030,OLIVE,Castel_Bolognese,2.045965560799921,1.385120996157614,9,0.5331015057033963,0.5200889706611633,0.09095470507841757
10,P031,OLIVE,Castel_Bolognese,2.204944024653293,1.4642188649978682,11,0.21752940524708142,0.25787386298179626,0.09197656543752121
10,P032,OLIVE,Faenza,3.027991669921379,2.380750421441515,14,0.5248028125081744,0.5126776397228241,0.061970249231917844
10,P033,OLIVE,Faenza,3.062396213947536,2.3954214535682006,14,0.2226561409022127,0.19064360111951828,0.07892948451664404
10,P034,OLIVE,Faenza,3.1006374545112183,2.419108341278152,16,0.163992969552055,0.1582566350698471,0.1058215446355805
10,P035,OLIVE,Faenza,5.001460487246888,4.107237753429837,27,0.5226655492076168,0.5477810502052307,0.14029265192823087
10,P036,ANNUAL,Imola,3.2307727774316275,2.5701403267249674,15,0.2669901135067145,0.28372684121131897,0.10278761853713457
10,P037,ANNUAL,Imola,3.0013772307440765,2.3550003875579586,13,0.3632068164073504,0.4462355673313141,0.1327208369301406
10,P038,ANNUAL,Imola,2.8567546815944893,2.2193885990128392,13,0.5073203765428983,0.5288572907447815,0.11452727493130997
10,P039,ANNUAL,Imola,5.4145980874217425,4.514625848562657,29,0.47730120194369346,0.4822981357574463,0.06687312997161118
10,P040,ANNUAL,Castel_Bolognese,2.662850462089826,2.055311664309929,13,0.5611572930446038,0.5824628472328186,0.07579425063209157
10,P041,ANNUAL,Castel_Bolognese,2.581234154015185,1.9831127220254263,13,0.4813791857315944,0.4810798466205597,0.0709633038010798
10,P042,ANNUAL,Castel_Bolognese,3.831353940655137,3.0897724557711466,19,0.26151087017435776,0.26214084029197693,0.07115761327696708
10,P043,ANNUAL,Castel_Bolognese,5.18079207126424,4.30795846060723,28,0.4017664614532675,0.36864273250102997,0.2071483499566254
10,P044,ANNUAL,Faenza,2.8292499485748284,2.2082516714044784,14,0.8018143687929425,0.8109557926654816,0.0472665242916041
10,P045,ANNUAL,Faenza,3.941500902698074,3.1932744994495326,20,0.38643785640597345,0.3937392085790634,0.09805790071225087
10,P046,ANNUAL,Faenza,2.7562816442083613,2.136103361632893,16,0.4255073852837086,0.4032174050807953,0.11976545682127117
10,P047,ANNUAL,Faenza,3.734136266688578,2.998771432824579,19,0.2026307124056314,0.22355522215366364,0.07399823304667129
20,P001,VINEYARD,Imola,3.1654495448049635,1.9130941295244592,11,0.33182343569668854,0.3033764362335205,0.0773494595668974
20,P002,VINEYARD,Imola,4.015695158021988,2.5911511834798726,16,0.26239490136504173,0.2614983692765236,0.0995271124106838
20,P003,VINEYARD,Imola,4.821370692947343,3.2184014498998685,19,0.24084188161711945,0.2052404284477234,0.12808246343221125
20,P004,VINEYARD,Imola,3.641378914602243,2.2713803924214653,15,0.35358414351940154,0.3816550076007843,0.15814626897652012
20,P005,VINEYARD,Castel_Bolognese,2.3860121807252463,1.3227825441167154,9,0.45628725985685986,0.42188769578933716,0.14436671128827144
20,P006,VINEYARD,Castel_Bolognese,4.8908902921767,3.283078601794735,19,0.25212681999332026,0.277437686920166,0.1058288846110119
20,P007,VINEYARD,Castel_Bolognese,2.8190826325329024,1.6341771995019418,9,0.6543149020936754,0.6407669186592102,0.0871042034049394
20,P008,VINEYARD,Castel_Bolognese,4.730408674185802,3.1378819555604034,20,0.4198235526680946,0.42386308312416077,0.08013153664256675
20,P009,VINEYARD,Faenza,2.121267549776319,1.127335037414474,7,0.33627722944532124,0.34431779384613037,0.0927909337858751
20,P010,VINEYARD,Faenza,4.645746892934534,3.0861339275106148,20,0.43851172626018525,0.4044444113969803,0.08171643306800672
20,P011,VINEYARD,Faenza,3.656827897775929,2.2900730299202556,12,0.34849918136994046,0.34641407430171967,0.10166200108132217
20,P012,VINEYARD,Faenza,2.825350437603589,1.6479114213760804,11,0.45108347318389197,0.47237104177474976,0.14368910344067445
20,P013,ORCHARD,Imola,2.1196263721575934,1.1212221068519543,8,0.431532621383667,0.4275888353586197,0.0804510272289302
20,P014,ORCHARD,Imola,2.0230602041017924,1.0423997486130316,6,0.5724036693572998,0.6212860643863678,0.09257553185044604
20,P015,ORCHARD,Imola,2.983753585315028,1.7492436176504955,11,0.38982790166681464,0.361981600522995,0.10269674865185373
20,P016,ORCHARD,Imola,2.4676245526858525,1.3561007198771098,9,0.4161874320771959,0.4264339506626129,0.08369773167677995
20,P017,ORCHARD,Castel_Bolognese,6.721753725448916,4.8815691430335795,30,0.4137616723775864,0.39216943085193634,0.17454142788787502
20,P018,ORCHARD,Castel_Bolognese,3.274499526093191,1.986698681743416,12,0.3587116003036499,0.3648804575204849,0.13003066526952065
20,P019,ORCHARD,Castel_Bolognese,2.373180075572092,1.3057565462515373,9,0.4371677603986528,0.4270418584346771,0.09088783028822138
20,P020,ORCHARD,Castel_Bolognese,5.762025147449255,3.9838281908742994,27,0.3495109484151558,0.37535524368286133,0.11028337722488712
20,P021,ORCHARD,Faenza,3.836071815495797,2.4495404841857016,16,0.23804940469563007,0.24111931771039963,0.09873127256271533
20,P022,ORCHARD,Faenza,4.024655263071004,2.571818079338909,16,0.4913381114602089,0.5017222166061401,0.06586660124940404
20,P023,ORCHARD,Faenza,2.6219618089434995,1.4711440486604825,11,0.1383384256200357,0.125315323472023,0.07282339382550265
20,P024,ORCHARD,Faenza,2.3327174916669415,1.2599808495088698,8,0.20672522485256195,0.20697733014822006,0.07319667973582929
20,P025,OLIVE,Imola,3.4232291050089114,1.9150729844597532,9,0.1884744879272249,0.19628770649433136,0.059499200569712224
20,P026,OLIVE,Imola,2.502426104003195,1.1815758805827754,9,0.34506553411483765,0.36543262004852295,0.08087968536800981
20,P027,OLIVE,Imola,7.479631106839761,4.765880858111484,29,0.44494727562213765,0.45170876383781433,0.12625290497308225
20,P028,OLIVE,Imola,7.150680899554923,4.328583603126005,30,0.30457598666350044,0.2972351014614105,0.11837016969457237
20,P029,OLIVE,Castel_Bolognese,2.341064414099507,1.2327611211807428,8,0.4455244056880474,0.46190403401851654,0.14191661220586094
20,P030,OLIVE,Castel_Bolognese,2.045965560799921,0.8616854169272335,5,0.530108630657196,0.5304996967315674,0.0850459244945658
20,P031,OLIVE,Castel_Bolognese,2.204944024653293,0.8498648283629534,5,0.24592006504535674,0.2697465121746063,0.06558866940406714
20,P032,OLIVE,Faenza,3.027991669921379,1.8067331179867738,12,0.5140146091580391,0.5126776397228241,0.04367752595330904
20,P033,OLIVE,Faenza,3.062396213947536,1.810513599398476,12,0.21898474978903928,0.19064360111951828,0.08129999728268983
20,P034,OLIVE,Faenza,3.1006374545112183,1.8238712197133842,9,0.12716578071316084,0.12403955310583115,0.0873895415701723
20,P035,OLIVE,Faenza,5.001460487246888,3.297137421456931,23,0.5285298293051512,0.5845596194267273,0.13843196894678558
20,P036,ANNUAL,Imola,3.2307727774316275,1.9843605238570365,11,0.29528168656609277,0.2912052869796753,0.07002678787191727
20,P037,ANNUAL,Imola,3.0013772307440765,1.77998878845148,12,0.38122910633683205,0.4462355673313141,0.12190276503205418
20,P038,ANNUAL,Imola,2.8567546815944893,1.6633032750356371,10,0.5078157246112823,0.5298232138156891,0.12401280928598955
20,P039,ANNUAL,Imola,5.4145980874217425,3.6919313708525134,24,0.48325231795509654,0.4846733808517456,0.06864258350343631
20,P040,ANNUAL,Castel_Bolognese,2.662850462089826,1.5247924967245798,10,0.5859767735004425,0.6151072084903717,0.06186848286137505
20,P041,ANNUAL,Castel_Bolognese,2.581234154015185,1.4654585177199049,9,0.48863792419433594,0.481912761926651,0.08297428930533163
20,P042,ANNUAL,Castel_Bolognese,3.831353940655137,2.428693267176382,15,0.2657911827166875,0.26214084029197693,0.07187496716257147
20,P043,ANNUAL,Castel_Bolognese,5.18079207126424,3.5177944746824332,22,0.3842487423257394,0.3298463970422745,0.21654353271689822
20,P044,ANNUAL,Faenza,2.8292499485748284,1.6610601958768552,9,0.82510996527142,0.8299188017845154,0.03238403224769172
20,P045,ANNUAL,Faenza,3.941500902698074,2.5206803329840266,16,0.38035518769174814,0.3937392085790634,0.10564562181379782
20,P046,ANNUAL,Faenza,2.7562816442083613,1.5921051212000719,9,0.44038497739368015,0.40079164505004883,0.10608143626247792
20,P047,ANNUAL,Faenza,3.734136266688578,2.3432589230863856,14,0.19865330255457334,0.22820717096328735,0.08195272654303344
30,P001,VINEYARD,Imola,3.1654495448049635,1.3948187448834368,8,0.33644426986575127,0.31607016921043396,0.07946568011026621
30,P002,VINEYARD,Imola,4.015695158021988,1.9998625619835129,12,0.27260296295086545,0.2811308801174164,0.09669917068486383
30,P003,VINEYARD,Imola,4.821370692947343,2.532132437522619,18,0.22674688241548008,0.20236022770404816,0.11636924767628204
30,P004,VINEYARD,Imola,3.641378914602243,1.7029012415316442,9,0.3984894984298282,0.397137850522995,0.1436726969165106
30,P005,VINEYARD,Castel_Bolognese,2.3860121807252463,0.8995483472552065,7,0.5158804953098297,0.4834730327129364,0.09816376852520689
30,P006,VINEYARD,Castel_Bolognese,4.8908902921767,2.6005123866420266,16,0.2533054444938898,0.2733636200428009,0.10582837537273082
30,P007,VINEYARD,Castel_Bolognese,2.8190826325329024,1.1603790816389628,7,0.6438938123839242,0.6407669186592102,0.08909645367026843
30,P008,VINEYARD,Castel_Bolognese,4.730408674185802,2.461223188514799,16,0.40966280922293663,0.3924475610256195,0.08570912934211257
30,P009,VINEYARD,Faenza,2.121267549776319,0.743375785152669,6,0.34665608406066895,0.37845155596733093,0.09639055588132805
30,P010,VINEYARD,Faenza,4.645746892934534,2.417824163443378,16,0.44346898421645164,0.4024093896150589,0.08249236057316899
30,P011,VINEYARD,Faenza,3.656827897775929,1.7211027388968807,11,0.36067199300635944,0.346919983625412,0.09745047239606924
30,P012,VINEYARD,Faenza,2.825350437603589,1.17684914892726,8,0.4239542558789253,0.43893760442733765,0.13105830153642398
30,P013,ORCHARD,Imola,2.1196263721575934,0.7388824439728465,5,0.4609858512878418,0.4338502883911133,0.06955574908225283
30,P014,ORCHARD,Imola,2.0230602041017924,0.6652079452191622,5,0.5631367921829223,0.6238340735435486,0.0988383773717555
30,P015,ORCHARD,Imola,2.983753585315028,1.2556596342887913,8,0.369609497487545,0.36569707095623016,0.0792984084544385
30,P016,ORCHARD,Imola,2.4676245526858525,0.9208039581784575,6,0.44896531105041504,0.44066543877124786,0.06815063159135974
30,P017,ORCHARD,Castel_Bolognese,6.721753725448916,4.069105931713828,25,0.4007183790206909,0.3894402086734772,0.17634419298244733
30,P018,ORCHARD,Castel_Bolognese,3.274499526093191,1.4557238063370457,9,0.35202498733997345,0.3371756374835968,0.13810087831254728
30,P019,ORCHARD,Castel_Bolognese,2.373180075572092,0.8894070701884863,5,0.46606030464172366,0.5068364143371582,0.0984733420070536
30,P020,ORCHARD,Castel_Bolognese,5.762025147449255,3.2152019202118063,21,0.3618303636709849,0.4077564775943756,0.10956618150662734
30,P021,ORCHARD,Faenza,3.836071815495797,1.8672070410990047,12,0.229826041807731,0.20903684943914413,0.11200775648735109
30,P022,ORCHARD,Faenza,4.024655263071004,1.971238018206898,13,0.4951588763640477,0.5076019763946533,0.0701859825705785
30,P023,ORCHARD,Faenza,2.6219618089434995,1.0156559757145718,6,0.1189751202861468,0.0885620191693306,0.08062195242304658
30,P024,ORCHARD,Faenza,2.3327174916669415,0.8460829628924035,5,0.2085048019886017,0.1939559429883957,0.07980013210278825
30,P025,OLIVE,Imola,3.4232291050089114,1.2970409770867444,7,0.1715367649282728,0.19384703040122986,0.05685970064258769
30,P026,OLIVE,Imola,2.502426104003195,0.6858058774266257,4,0.34083063900470734,0.3323036879301071,0.08565758532869078
30,P027,OLIVE,Imola,7.479631106839761,3.6012451621496524,23,0.42298889937608136,0.4027356505393982,0.12798032883025964
30,P028,OLIVE,Imola,7.150680899554923,3.0556604776637983,18,0.28296975957022774,0.28309474885463715,0.11682443437517936
30,P029,OLIVE,Castel_Bolognese,2.341064414099507,0.8132369949829559,5,0.4535908758640289,0.4838075339794159,0.16297141083412034
30,P030,OLIVE,Castel_Bolognese,2.045965560799921,0.461742947951357,4,0.5082766860723495,0.5248238742351532,0.08159560386221916
30,P031,OLIVE,Castel_Bolognese,2.204944024653293,0.34572310299565945,3,0.2082148144642512,0.20982219278812408,0.05386412072849485
30,P032,OLIVE,Faenza,3.027991669921379,1.3062679388796579,6,0.5366420447826385,0.5233101546764374,0.040839936350498776
30,P033,OLIVE,Faenza,3.062396213947536,1.307968250185294,8,0.1985655641183257,0.18559569865465164,0.06843102751479868
30,P034,OLIVE,Faenza,3.1006374545112183,1.3120077116292557,8,0.12032508617267013,0.09027785249054432,0.09039022378918413
30,P035,OLIVE,Faenza,5.001460487246888,2.5915566167747204,14,0.5385766135794776,0.5726942718029022,0.1025822821907953
30,P036,ANNUAL,Imola,3.2307727774316275,1.4712158148373145,11,0.29528168656609277,0.2912052869796753,0.07002678787191727
30,P037,ANNUAL,Imola,3.0013772307440765,1.2795738876849128,9,0.36259066230720943,0.4462355673313141,0.13102201171935743
30,P038,ANNUAL,Imola,2.8567546815944893,1.1864959535690187,7,0.5199866124561855,0.5949063301086426,0.13659036636393815
30,P039,ANNUAL,Imola,5.4145980874217425,2.940735654371841,20,0.4733538687229156,0.4722954034805298,0.06806507982875734
30,P040,ANNUAL,Castel_Bolognese,2.662850462089826,1.071137875062593,6,0.609838455915451,0.6151072084903717,0.028772130814263334
30,P041,ANNUAL,Castel_Bolognese,2.581234154015185,1.0280019150292057,5,0.5274796783924103,0.5540099143981934,0.07558680475913869
30,P042,ANNUAL,Castel_Bolognese,3.831353940655137,1.8476034613878543,13,0.2587760721261685,0.26214084029197693,0.0703199588185533
30,P043,ANNUAL,Castel_Bolognese,5.18079207126424,2.806804873705016,17,0.3308059354038799,0.29494136571884155,0.18395479039568569
30,P044,ANNUAL,Faenza,2.8292499485748284,1.1865916184057885,7,0.8284245303698948,0.8313764333724976,0.035742551211895915
30,P045,ANNUAL,Faenza,3.941500902698074,1.923713638393332,12,0.3740021859606107,0.3885211646556854,0.09014858280285001
30,P046,ANNUAL,Faenza,2.7562816442083613,1.1239987616640446,7,0.43912372418812345,0.40079164505004883,0.1051670281321711
30,P047,ANNUAL,Faenza,3.734136266688578,1.7675481163815001,11,0.17922063781456513,0.14481578767299652,0.08118144272901039
