modality,pilot_id,zone,truth,pred
OPTICAL_ONLY,P005,Castel_Bolognese,VINEYARD,ORCHARD
OPTICAL_ONLY,P006,Castel_Bolognese,VINEYARD,ORCHARD
OPTICAL_ONLY,P007,Castel_Bolognese,VINEYARD,ORCHARD
OPTICAL_ONLY,P008,Castel_Bolognese,VINEYARD,VINEYARD
OPTICAL_ONLY,P017,Castel_Bolognese,ORCHARD,VINEYARD
OPTICAL_ONLY,P018,Castel_Bolognese,ORCHARD,ORCHARD
OPTICAL_ONLY,P019,Castel_Bolognese,ORCHARD,ORCHARD
OPTICAL_ONLY,P020,Castel_Bolognese,ORCHARD,ORCHARD
OPTICAL_ONLY,P029,Castel_Bolognese,OLIVE,OLIVE
OPTICAL_ONLY,P030,Castel_Bolognese,OLIVE,OLIVE
OPTICAL_ONLY,P031,Castel_Bolognese,OLIVE,ORCHARD
OPTICAL_ONLY,P040,Castel_Bolognese,ANNUAL,ORCHARD
OPTICAL_ONLY,P041,Castel_Bolognese,ANNUAL,ANNUAL
OPTICAL_ONLY,P042,Castel_Bolognese,ANNUAL,ANNUAL
OPTICAL_ONLY,P043,Castel_Bolognese,ANNUAL,ANNUAL
OPTICAL_ONLY,P009,Faenza,VINEYARD,VINEYARD
OPTICAL_ONLY,P010,Faenza,VINEYARD,OLIVE
OPTICAL_ONLY,P011,Faenza,VINEYARD,VINEYARD
OPTICAL_ONLY,P012,Faenza,VINEYARD,VINEYARD
OPTICAL_ONLY,P021,Faenza,ORCHARD,ANNUAL
OPTICAL_ONLY,P022,Faenza,ORCHARD,ORCHARD
OPTICAL_ONLY,P023,Faenza,ORCHARD,OLIVE
OPTICAL_ONLY,P024,Faenza,ORCHARD,ORCHARD
OPTICAL_ONLY,P032,Faenza,OLIVE,OLIVE
OPTICAL_ONLY,P033,Faenza,OLIVE,OLIVE
OPTICAL_ONLY,P034,Faenza,OLIVE,OLIVE
OPTICAL_ONLY,P035,Faenza,OLIVE,OLIVE
OPTICAL_ONLY,P044,Faenza,ANNUAL,ANNUAL
OPTICAL_ONLY,P045,Faenza,ANNUAL,ANNUAL
OPTICAL_ONLY,P046,Faenza,ANNUAL,ORCHARD
OPTICAL_ONLY,P047,Faenza,ANNUAL,ANNUAL
OPTICAL_ONLY,P001,Imola,VINEYARD,OLIVE
OPTICAL_ONLY,P002,Imola,VINEYARD,ANNUAL
OPTICAL_ONLY,P003,Imola,VINEYARD,ORCHARD
OPTICAL_ONLY,P004,Imola,VINEYARD,VINEYARD
OPTICAL_ONLY,P013,Imola,ORCHARD,ANNUAL
OPTICAL_ONLY,P014,Imola,ORCHARD,VINEYARD
OPTICAL_ONLY,P015,Imola,ORCHARD,VINEYARD
OPTICAL_ONLY,P016,Imola,ORCHARD,VINEYARD
OPTICAL_ONLY,P025,Imola,OLIVE,OLIVE
OPTICAL_ONLY,P026,Imola,OLIVE,OLIVE
OPTICAL_ONLY,P027,Imola,OLIVE,OLIVE
OPTICAL_ONLY,P028,Imola,OLIVE,OLIVE
OPTICAL_ONLY,P036,Imola,ANNUAL,ANNUAL
OPTICAL_ONLY,P037,Imola,ANNUAL,ANNUAL
OPTICAL_ONLY,P038,Imola,ANNUAL,ANNUAL
OPTICAL_ONLY,P039,Imola,ANNUAL,ANNUAL
SAR_FULLYEAR_DESCRIPTORS,P005,Castel_Bolognese,VINEYARD,ORCHARD
SAR_FULLYEAR_DESCRIPTORS,P006,Castel_Bolognese,VINEYARD,ORCHARD
SAR_FULLYEAR_DESCRIPTORS,P007,Castel_Bolognese,VINEYARD,ANNUAL
SAR_FULLYEAR_DESCRIPTORS,P008,Castel_Bolognese,VINEYARD,VINEYARD
SAR_FULLYEAR_DESCRIPTORS,P017,Castel_Bolognese,ORCHARD,ORCHARD
SAR_FULLYEAR_DESCRIPTORS,P018,Castel_Bolognese,ORCHARD,ORCHARD
SAR_FULLYEAR_DESCRIPTORS,P019,Castel_Bolognese,ORCHARD,ORCHARD
SAR_FULLYEAR_DESCRIPTORS,P020,Castel_Bolognese,ORCHARD,ANNUAL
SAR_FULLYEAR_DESCRIPTORS,P029,Castel_Bolognese,OLIVE,OLIVE
SAR_FULLYEAR_DESCRIPTORS,P030,Castel_Bolognese,OLIVE,ORCHARD
SAR_FULLYEAR_DESCRIPTORS,P031,Castel_Bolognese,OLIVE,OLIVE
SAR_FULLYEAR_DESCRIPTORS,P040,Castel_Bolognese,ANNUAL,ANNUAL
SAR_FULLYEAR_DESCRIPTORS,P041,Castel_Bolognese,ANNUAL,ANNUAL
SAR_FULLYEAR_DESCRIPTORS,P042,Castel_Bolognese,ANNUAL,ANNUAL
SAR_FULLYEAR_DESCRIPTORS,P043,Castel_Bolognese,ANNUAL,ANNUAL
SAR_FULLYEAR_DESCRIPTORS,P009,Faenza,VINEYARD,OLIVE
SAR_FULLYEAR_DESCRIPTORS,P010,Faenza,VINEYARD,OLIVE
SAR_FULLYEAR_DESCRIPTORS,P011,Faenza,VINEYARD,ORCHARD
SAR_FULLYEAR_DESCRIPTORS,P012,Faenza,VINEYARD,VINEYARD
SAR_FULLYEAR_DESCRIPTORS,P021,Faenza,ORCHARD,ANNUAL
SAR_FULLYEAR_DESCRIPTORS,P022,Faenza,ORCHARD,ORCHARD
SAR_FULLYEAR_DESCRIPTORS,P023,Faenza,ORCHARD,VINEYARD
SAR_FULLYEAR_DESCRIPTORS,P024,Faenza,ORCHARD,ORCHARD
SAR_FULLYEAR_DESCRIPTORS,P032,Faenza,OLIVE,OLIVE
SAR_FULLYEAR_DESCRIPTORS,P033,Faenza,OLIVE,OLIVE
SAR_FULLYEAR_DESCRIPTORS,P034,Faenza,OLIVE,OLIVE
SAR_FULLYEAR_DESCRIPTORS,P035,Faenza,OLIVE,ORCHARD
SAR_FULLYEAR_DESCRIPTORS,P044,Faenza,ANNUAL,ANNUAL
SAR_FULLYEAR_DESCRIPTORS,P045,Faenza,ANNUAL,ANNUAL
SAR_FULLYEAR_DESCRIPTORS,P046,Faenza,ANNUAL,ORCHARD
SAR_FULLYEAR_DESCRIPTORS,P047,Faenza,ANNUAL,ANNUAL
SAR_FULLYEAR_DESCRIPTORS,P001,Imola,VINEYARD,OLIVE
SAR_FULLYEAR_DESCRIPTORS,P002,Imola,VINEYARD,OLIVE
SAR_FULLYEAR_DESCRIPTORS,P003,Imola,VINEYARD,VINEYARD
SAR_FULLYEAR_DESCRIPTORS,P004,Imola,VINEYARD,ORCHARD
SAR_FULLYEAR_DESCRIPTORS,P013,Imola,ORCHARD,OLIVE
SAR_FULLYEAR_DESCRIPTORS,P014,Imola,ORCHARD,VINEYARD
SAR_FULLYEAR_DESCRIPTORS,P015,Imola,ORCHARD,VINEYARD
SAR_FULLYEAR_DESCRIPTORS,P016,Imola,ORCHARD,ORCHARD
SAR_FULLYEAR_DESCRIPTORS,P025,Imola,OLIVE,OLIVE
SAR_FULLYEAR_DESCRIPTORS,P026,Imola,OLIVE,OLIVE
SAR_FULLYEAR_DESCRIPTORS,P027,Imola,OLIVE,OLIVE
SAR_FULLYEAR_DESCRIPTORS,P028,Imola,OLIVE,OLIVE
SAR_FULLYEAR_DESCRIPTORS,P036,Imola,ANNUAL,ANNUAL
SAR_FULLYEAR_DESCRIPTORS,P037,Imola,ANNUAL,ANNUAL
SAR_FULLYEAR_DESCRIPTORS,P038,Imola,ANNUAL,ANNUAL
SAR_FULLYEAR_DESCRIPTORS,P039,Imola,ANNUAL,ANNUAL
OPTICAL_PLUS_SAR_FULLYEAR,P005,Castel_Bolognese,VINEYARD,VINEYARD
OPTICAL_PLUS_SAR_FULLYEAR,P006,Castel_Bolognese,VINEYARD,ORCHARD
OPTICAL_PLUS_SAR_FULLYEAR,P007,Castel_Bolognese,VINEYARD,ORCHARD
OPTICAL_PLUS_SAR_FULLYEAR,P008,Castel_Bolognese,VINEYARD,VINEYARD
OPTICAL_PLUS_SAR_FULLYEAR,P017,Castel_Bolognese,ORCHARD,VINEYARD
OPTICAL_PLUS_SAR_FULLYEAR,P018,Castel_Bolognese,ORCHARD,ORCHARD
OPTICAL_PLUS_SAR_FULLYEAR,P019,Castel_Bolognese,ORCHARD,ORCHARD
OPTICAL_PLUS_SAR_FULLYEAR,P020,Castel_Bolognese,ORCHARD,ANNUAL
OPTICAL_PLUS_SAR_FULLYEAR,P029,Castel_Bolognese,OLIVE,OLIVE
OPTICAL_PLUS_SAR_FULLYEAR,P030,Castel_Bolognese,OLIVE,ORCHARD
OPTICAL_PLUS_SAR_FULLYEAR,P031,Castel_Bolognese,OLIVE,ORCHARD
OPTICAL_PLUS_SAR_FULLYEAR,P040,Castel_Bolognese,ANNUAL,ANNUAL
OPTICAL_PLUS_SAR_FULLYEAR,P041,Castel_Bolognese,ANNUAL,ANNUAL
OPTICAL_PLUS_SAR_FULLYEAR,P042,Castel_Bolognese,ANNUAL,ANNUAL
OPTICAL_PLUS_SAR_FULLYEAR,P043,Castel_Bolognese,ANNUAL,ANNUAL
OPTICAL_PLUS_SAR_FULLYEAR,P009,Faenza,VINEYARD,VINEYARD
OPTICAL_PLUS_SAR_FULLYEAR,P010,Faenza,VINEYARD,OLIVE
OPTICAL_PLUS_SAR_FULLYEAR,P011,Faenza,VINEYARD,ORCHARD
OPTICAL_PLUS_SAR_FULLYEAR,P012,Faenza,VINEYARD,VINEYARD
OPTICAL_PLUS_SAR_FULLYEAR,P021,Faenza,ORCHARD,ANNUAL
OPTICAL_PLUS_SAR_FULLYEAR,P022,Faenza,ORCHARD,ORCHARD
OPTICAL_PLUS_SAR_FULLYEAR,P023,Faenza,ORCHARD,OLIVE
OPTICAL_PLUS_SAR_FULLYEAR,P024,Faenza,ORCHARD,ORCHARD
OPTICAL_PLUS_SAR_FULLYEAR,P032,Faenza,OLIVE,OLIVE
OPTICAL_PLUS_SAR_FULLYEAR,P033,Faenza,OLIVE,OLIVE
OPTICAL_PLUS_SAR_FULLYEAR,P034,Faenza,OLIVE,OLIVE
OPTICAL_PLUS_SAR_FULLYEAR,P035,Faenza,OLIVE,OLIVE
OPTICAL_PLUS_SAR_FULLYEAR,P044,Faenza,ANNUAL,ANNUAL
OPTICAL_PLUS_SAR_FULLYEAR,P045,Faenza,ANNUAL,ANNUAL
OPTICAL_PLUS_SAR_FULLYEAR,P046,Faenza,ANNUAL,ORCHARD
OPTICAL_PLUS_SAR_FULLYEAR,P047,Faenza,ANNUAL,ANNUAL
OPTICAL_PLUS_SAR_FULLYEAR,P001,Imola,VINEYARD,OLIVE
OPTICAL_PLUS_SAR_FULLYEAR,P002,Imola,VINEYARD,VINEYARD
OPTICAL_PLUS_SAR_FULLYEAR,P003,Imola,VINEYARD,VINEYARD
OPTICAL_PLUS_SAR_FULLYEAR,P004,Imola,VINEYARD,ORCHARD
OPTICAL_PLUS_SAR_FULLYEAR,P013,Imola,ORCHARD,OLIVE
OPTICAL_PLUS_SAR_FULLYEAR,P014,Imola,ORCHARD,VINEYARD
OPTICAL_PLUS_SAR_FULLYEAR,P015,Imola,ORCHARD,VINEYARD
OPTICAL_PLUS_SAR_FULLYEAR,P016,Imola,ORCHARD,ORCHARD
OPTICAL_PLUS_SAR_FULLYEAR,P025,Imola,OLIVE,OLIVE
OPTICAL_PLUS_SAR_FULLYEAR,P026,Imola,OLIVE,VINEYARD
OPTICAL_PLUS_SAR_FULLYEAR,P027,Imola,OLIVE,OLIVE
OPTICAL_PLUS_SAR_FULLYEAR,P028,Imola,OLIVE,OLIVE
OPTICAL_PLUS_SAR_FULLYEAR,P036,Imola,ANNUAL,ANNUAL
OPTICAL_PLUS_SAR_FULLYEAR,P037,Imola,ANNUAL,ANNUAL
OPTICAL_PLUS_SAR_FULLYEAR,P038,Imola,ANNUAL,ANNUAL
OPTICAL_PLUS_SAR_FULLYEAR,P039,Imola,ANNUAL,ANNUAL
