modality,test_zone,accuracy,balanced_accuracy,macro_f1
OPTICAL_ONLY,Castel_Bolognese,0.6,0.6041666666666666,0.6226190476190476
OPTICAL_ONLY,Faenza,0.75,0.75,0.7446428571428572
OPTICAL_ONLY,Imola,0.5625,0.5625,0.4847222222222222
SAR_FULLYEAR_DESCRIPTORS,Castel_Bolognese,0.6666666666666666,0.6666666666666666,0.65
SAR_FULLYEAR_DESCRIPTORS,Faenza,0.5625,0.5625,0.548611111111111
SAR_FULLYEAR_DESCRIPTORS,Imola,0.625,0.625,0.5865800865800865
OPTICAL_PLUS_SAR_FULLYEAR,Castel_Bolognese,0.6,0.5833333333333333,0.590079365079365
OPTICAL_PLUS_SAR_FULLYEAR,Faenza,0.6875,0.6875,0.6791666666666666
OPTICAL_PLUS_SAR_FULLYEAR,Imola,0.625,0.625,0.611111111111111
