modality,test_zone,n_train,n_test,accuracy,balanced_accuracy,macro_f1
OPTICAL_ONLY,Castel_Bolognese,32,15,0.6,0.6041666666666666,0.6226190476190476
OPTICAL_ONLY,Faenza,31,16,0.75,0.75,0.7446428571428572
OPTICAL_ONLY,Imola,31,16,0.5625,0.5625,0.4847222222222222
SAR_ONLY,Castel_Bolognese,32,15,0.4666666666666667,0.4583333333333333,0.45535714285714285
SAR_ONLY,Faenza,31,16,0.4375,0.4375,0.4392857142857143
SAR_ONLY,Imola,31,16,0.5,0.5,0.47619047619047616
SAR_OPTICAL_FUSION,Castel_Bolognese,32,15,0.6,0.5833333333333333,0.6071428571428572
SAR_OPTICAL_FUSION,Faenza,31,16,0.75,0.75,0.7446428571428572
SAR_OPTICAL_FUSION,Imola,31,16,0.75,0.75,0.711111111111111
