feature,importance
ndre_2023-02-17,0.11726879821433334
ndvi_2023-02-17,0.10726271776117566
gndvi_2023-02-17,0.09012928874683417
ndmi_2023-02-17,0.08957100046423785
ndre_2023-10-10,0.07227017162285804
ndmi_2023-10-10,0.060282568232637515
gndvi_2023-10-10,0.05339774426164171
ndvi_2023-10-10,0.050845704674766894
ndvi_2023-09-10,0.03662276228560276
ndre_2023-09-10,0.036579970091950846
ndmi_2023-05-23,0.03648909625917972
gndvi_2023-09-10,0.03624937861036614
ndmi_2023-09-10,0.03356452186752676
ndre_2023-05-23,0.030883909392000603
gndvi_2023-05-23,0.030764623318145043
ndvi_2023-05-23,0.028160797299472275
gndvi_2023-07-17,0.023853650088260982
ndvi_2023-07-17,0.02297700525827225
ndre_2023-07-17,0.020529396002362303
ndmi_2023-07-17,0.01942692905967486
missing__gndvi_2023-10-10,0.0008179040180862061
missing__ndre_2023-10-10,0.0007578711140334374
missing__ndmi_2023-10-10,0.0006675036697896522
missing__ndvi_2023-10-10,0.000626687686790984
