seed,modality,balanced_accuracy,macro_f1
0,OPTICAL_ONLY,0.6439393939393939,0.631547619047619
0,SAR_ONLY,0.4943181818181818,0.4856060606060606
0,FUSION,0.7272727272727272,0.7210144927536232
1,OPTICAL_ONLY,0.6439393939393939,0.631547619047619
1,SAR_ONLY,0.49242424242424243,0.4822457192456404
1,FUSION,0.6837121212121212,0.6840579710144927
2,OPTICAL_ONLY,0.6647727272727273,0.6533926218708828
2,SAR_ONLY,0.5132575757575757,0.5075066977789301
2,FUSION,0.7272727272727272,0.7205862977602109
3,OPTICAL_ONLY,0.6439393939393939,0.631547619047619
3,SAR_ONLY,0.47348484848484845,0.4619166493308369
3,FUSION,0.7045454545454545,0.7028985507246377
4,OPTICAL_ONLY,0.6439393939393939,0.6325592885375494
4,SAR_ONLY,0.47159090909090906,0.46430924148315456
4,FUSION,0.7272727272727272,0.7210144927536232
5,OPTICAL_ONLY,0.7064393939393939,0.6978590250329381
5,SAR_ONLY,0.5340909090909091,0.5302134646962233
5,FUSION,0.7045454545454545,0.7028985507246377
6,OPTICAL_ONLY,0.6856060606060607,0.6741436100131752
6,SAR_ONLY,0.47159090909090906,0.4673913043478261
6,FUSION,0.7272727272727272,0.7210144927536232
7,OPTICAL_ONLY,0.600378787878788,0.5928030303030303
7,SAR_ONLY,0.5132575757575757,0.5052380952380953
7,FUSION,0.7272727272727272,0.7215519987259118
8,OPTICAL_ONLY,0.6628787878787878,0.6570158102766799
8,SAR_ONLY,0.49242424242424243,0.48676108374384236
8,FUSION,0.6837121212121212,0.6830764163372859
9,OPTICAL_ONLY,0.6647727272727273,0.6533926218708828
9,SAR_ONLY,0.5151515151515151,0.502020202020202
9,FUSION,0.7045454545454545,0.7028985507246377
10,OPTICAL_ONLY,0.6647727272727273,0.6533926218708828
10,SAR_ONLY,0.49242424242424243,0.48901102678325903
10,FUSION,0.6818181818181818,0.6811594202898551
11,OPTICAL_ONLY,0.6439393939393939,0.631547619047619
11,SAR_ONLY,0.47159090909090906,0.464520202020202
11,FUSION,0.6628787878787878,0.6586904761904762
12,OPTICAL_ONLY,0.6439393939393939,0.6325592885375494
12,SAR_ONLY,0.4924242424242424,0.48863636363636365
12,FUSION,0.7045454545454545,0.7010869565217391
13,OPTICAL_ONLY,0.6439393939393939,0.6325000000000001
13,SAR_ONLY,0.5340909090909091,0.5314039408866995
13,FUSION,0.7272727272727272,0.7210144927536232
14,OPTICAL_ONLY,0.6420454545454545,0.6346997929606626
14,SAR_ONLY,0.47159090909090906,0.46269523730957485
14,FUSION,0.7045454545454545,0.7001811594202899
15,OPTICAL_ONLY,0.6647727272727273,0.6533926218708828
15,SAR_ONLY,0.5568181818181819,0.5524844720496894
15,FUSION,0.6837121212121212,0.6824703557312253
16,OPTICAL_ONLY,0.6647727272727273,0.6533102766798419
16,SAR_ONLY,0.5359848484848485,0.5234972226805258
16,FUSION,0.7272727272727272,0.7210144927536232
17,OPTICAL_ONLY,0.6439393939393939,0.631547619047619
17,SAR_ONLY,0.5568181818181818,0.5447480770892749
17,FUSION,0.6837121212121212,0.6830764163372859
18,OPTICAL_ONLY,0.6212121212121213,0.6141304347826086
18,SAR_ONLY,0.49242424242424243,0.48901102678325903
18,FUSION,0.7045454545454545,0.7028985507246377
19,OPTICAL_ONLY,0.6856060606060607,0.6741436100131752
19,SAR_ONLY,0.49242424242424243,0.48557060755336623
19,FUSION,0.7272727272727272,0.7210144927536232
20,OPTICAL_ONLY,0.6212121212121212,0.6107142857142858
20,SAR_ONLY,0.49242424242424243,0.48676108374384236
20,FUSION,0.7272727272727272,0.7210144927536232
21,OPTICAL_ONLY,0.6856060606060607,0.6741436100131752
21,SAR_ONLY,0.5359848484848485,0.5243107769423558
21,FUSION,0.7272727272727272,0.7210144927536232
22,OPTICAL_ONLY,0.6439393939393939,0.6325592885375494
22,SAR_ONLY,0.5340909090909091,0.5253455256177579
22,FUSION,0.7064393939393939,0.7
23,OPTICAL_ONLY,0.6212121212121212,0.6134552042160738
23,SAR_ONLY,0.5132575757575757,0.513772659124983
23,FUSION,0.7272727272727272,0.7210144927536232
24,OPTICAL_ONLY,0.6856060606060606,0.6761904761904762
24,SAR_ONLY,0.5132575757575757,0.513772659124983
24,FUSION,0.7045454545454545,0.7028985507246377
25,OPTICAL_ONLY,0.6856060606060606,0.6761904761904762
25,SAR_ONLY,0.4715909090909091,0.45946969696969703
25,FUSION,0.7045454545454545,0.7026515151515151
26,OPTICAL_ONLY,0.6856060606060606,0.6761904761904762
26,SAR_ONLY,0.5132575757575758,0.509857895727461
26,FUSION,0.7272727272727272,0.7210144927536232
27,OPTICAL_ONLY,0.6856060606060607,0.6741436100131752
27,SAR_ONLY,0.47159090909090906,0.4630012531328321
27,FUSION,0.7272727272727272,0.7210144927536232
28,OPTICAL_ONLY,0.6420454545454546,0.6347826086956523
28,SAR_ONLY,0.49242424242424243,0.48676108374384236
28,FUSION,0.7064393939393939,0.7002128306476132
29,OPTICAL_ONLY,0.6856060606060607,0.6770256916996047
29,SAR_ONLY,0.5132575757575757,0.5089285714285714
29,FUSION,0.7045454545454545,0.7028985507246377
