seed,FUSION_FULLYEAR,OPTICAL_ONLY,SAR_FULLYEAR,fusion_minus_optical,fusion_minus_sar
0,0.6193181818181818,0.6439393939393939,0.6212121212121212,-0.024621212121212155,-0.0018939393939394478
1,0.6174242424242424,0.6439393939393939,0.6212121212121212,-0.02651515151515149,-0.0037878787878787845
2,0.6193181818181818,0.6647727272727273,0.6212121212121212,-0.045454545454545525,-0.0018939393939394478
3,0.6193181818181818,0.6439393939393939,0.5984848484848485,-0.024621212121212155,0.02083333333333326
4,0.6628787878787878,0.6856060606060606,0.6212121212121212,-0.022727272727272707,0.04166666666666663
5,0.6193181818181818,0.7064393939393939,0.6003787878787878,-0.08712121212121215,0.018939393939393923
6,0.6401515151515151,0.6856060606060607,0.5776515151515151,-0.045454545454545525,0.0625
7,0.6401515151515151,0.600378787878788,0.5984848484848485,0.03977272727272718,0.04166666666666663
8,0.5984848484848485,0.6628787878787878,0.6212121212121212,-0.06439393939393934,-0.022727272727272707
9,0.6212121212121212,0.6647727272727273,0.5984848484848485,-0.04356060606060608,0.022727272727272707
10,0.6193181818181818,0.600378787878788,0.6212121212121212,0.01893939393939381,-0.0018939393939394478
11,0.5984848484848485,0.6647727272727273,0.5984848484848485,-0.06628787878787878,0.0
12,0.5984848484848485,0.6647727272727273,0.5984848484848485,-0.06628787878787878,0.0
13,0.6401515151515151,0.6212121212121212,0.6212121212121212,0.018939393939393923,0.018939393939393923
14,0.6401515151515151,0.6420454545454546,0.6003787878787878,-0.0018939393939394478,0.03977272727272729
15,0.5965909090909091,0.6439393939393939,0.6212121212121212,-0.04734848484848486,-0.024621212121212155
16,0.6193181818181818,0.6647727272727273,0.6003787878787878,-0.045454545454545525,0.018939393939393923
17,0.5549242424242424,0.6439393939393939,0.5795454545454545,-0.08901515151515149,-0.024621212121212044
18,0.6193181818181818,0.6212121212121213,0.5984848484848485,-0.0018939393939395588,0.02083333333333326
19,0.6628787878787878,0.6856060606060607,0.6003787878787878,-0.022727272727272818,0.0625
