seed,modality,test_zone,balanced_accuracy,macro_f1
0,OPTICAL_ONLY,Castel_Bolognese,0.6041666666666666,0.6226190476190476
0,OPTICAL_ONLY,Faenza,0.75,0.7446428571428572
0,OPTICAL_ONLY,Imola,0.5625,0.4847222222222222
0,SAR_ONLY,Castel_Bolognese,0.5208333333333333,0.5178571428571428
0,SAR_ONLY,Faenza,0.5,0.4935064935064935
0,SAR_ONLY,Imola,0.4375,0.3976190476190476
0,FUSION,Castel_Bolognese,0.6666666666666666,0.6935064935064934
0,FUSION,Faenza,0.75,0.7446428571428572
0,FUSION,Imola,0.75,0.711111111111111
1,OPTICAL_ONLY,Castel_Bolognese,0.6041666666666666,0.6226190476190476
1,OPTICAL_ONLY,Faenza,0.75,0.7446428571428572
1,OPTICAL_ONLY,Imola,0.5625,0.4847222222222222
1,SAR_ONLY,Castel_Bolognese,0.5208333333333333,0.5
1,SAR_ONLY,Faenza,0.4375,0.4392857142857143
1,SAR_ONLY,Imola,0.5,0.47619047619047616
1,FUSION,Castel_Bolognese,0.5833333333333333,0.6071428571428572
1,FUSION,Faenza,0.6875,0.6791666666666666
1,FUSION,Imola,0.75,0.7193181818181819
2,OPTICAL_ONLY,Castel_Bolognese,0.6041666666666666,0.6226190476190476
2,OPTICAL_ONLY,Faenza,0.75,0.7446428571428572
2,OPTICAL_ONLY,Imola,0.625,0.5333333333333333
2,SAR_ONLY,Castel_Bolognese,0.5208333333333333,0.5178571428571428
2,SAR_ONLY,Faenza,0.4375,0.4392857142857143
2,SAR_ONLY,Imola,0.5625,0.5404761904761904
2,FUSION,Castel_Bolognese,0.6666666666666666,0.6935064935064934
2,FUSION,Faenza,0.75,0.7446428571428572
2,FUSION,Imola,0.75,0.7097222222222223
3,OPTICAL_ONLY,Castel_Bolognese,0.6041666666666666,0.6226190476190476
3,OPTICAL_ONLY,Faenza,0.75,0.7446428571428572
3,OPTICAL_ONLY,Imola,0.5625,0.4847222222222222
3,SAR_ONLY,Castel_Bolognese,0.4583333333333333,0.4444444444444444
3,SAR_ONLY,Faenza,0.5,0.4935064935064935
3,SAR_ONLY,Imola,0.4375,0.3976190476190476
3,FUSION,Castel_Bolognese,0.5833333333333333,0.6071428571428572
3,FUSION,Faenza,0.75,0.7446428571428572
3,FUSION,Imola,0.75,0.711111111111111
4,OPTICAL_ONLY,Castel_Bolognese,0.5416666666666666,0.5416666666666666
4,OPTICAL_ONLY,Faenza,0.75,0.7446428571428572
4,OPTICAL_ONLY,Imola,0.625,0.5333333333333333
4,SAR_ONLY,Castel_Bolognese,0.5208333333333333,0.5178571428571428
4,SAR_ONLY,Faenza,0.4375,0.4392857142857143
4,SAR_ONLY,Imola,0.4375,0.3967032967032966
4,FUSION,Castel_Bolognese,0.6666666666666666,0.6935064935064934
4,FUSION,Faenza,0.75,0.7446428571428572
4,FUSION,Imola,0.75,0.711111111111111
5,OPTICAL_ONLY,Castel_Bolognese,0.6666666666666666,0.6935064935064934
5,OPTICAL_ONLY,Faenza,0.75,0.7446428571428572
5,OPTICAL_ONLY,Imola,0.6875,0.6472222222222223
5,SAR_ONLY,Castel_Bolognese,0.5833333333333333,0.5761904761904761
5,SAR_ONLY,Faenza,0.4375,0.4392857142857143
5,SAR_ONLY,Imola,0.5625,0.5404761904761904
5,FUSION,Castel_Bolognese,0.5833333333333333,0.6071428571428572
5,FUSION,Faenza,0.75,0.7446428571428572
5,FUSION,Imola,0.75,0.711111111111111
6,OPTICAL_ONLY,Castel_Bolognese,0.6666666666666666,0.6935064935064934
6,OPTICAL_ONLY,Faenza,0.75,0.7446428571428572
6,OPTICAL_ONLY,Imola,0.625,0.5333333333333333
6,SAR_ONLY,Castel_Bolognese,0.5208333333333333,0.5277777777777778
6,SAR_ONLY,Faenza,0.4375,0.4392857142857143
6,SAR_ONLY,Imola,0.4375,0.3967032967032966
6,FUSION,Castel_Bolognese,0.6666666666666666,0.6935064935064934
6,FUSION,Faenza,0.75,0.7446428571428572
6,FUSION,Imola,0.75,0.711111111111111
7,OPTICAL_ONLY,Castel_Bolognese,0.5416666666666666,0.5416666666666666
7,OPTICAL_ONLY,Faenza,0.75,0.7446428571428572
7,OPTICAL_ONLY,Imola,0.5,0.44305555555555554
7,SAR_ONLY,Castel_Bolognese,0.5833333333333333,0.5746753246753247
7,SAR_ONLY,Faenza,0.4375,0.4392857142857143
7,SAR_ONLY,Imola,0.5,0.47619047619047616
7,FUSION,Castel_Bolognese,0.6666666666666666,0.6935064935064934
7,FUSION,Faenza,0.75,0.7446428571428572
7,FUSION,Imola,0.75,0.7183261183261184
8,OPTICAL_ONLY,Castel_Bolognese,0.6041666666666666,0.6226190476190476
8,OPTICAL_ONLY,Faenza,0.75,0.7446428571428572
8,OPTICAL_ONLY,Imola,0.625,0.5986111111111112
8,SAR_ONLY,Castel_Bolognese,0.5208333333333333,0.5178571428571428
8,SAR_ONLY,Faenza,0.4375,0.4392857142857143
8,SAR_ONLY,Imola,0.5,0.47619047619047616
8,FUSION,Castel_Bolognese,0.5833333333333333,0.6071428571428572
8,FUSION,Faenza,0.75,0.7446428571428572
8,FUSION,Imola,0.6875,0.6527777777777778
9,OPTICAL_ONLY,Castel_Bolognese,0.6041666666666666,0.6226190476190476
9,OPTICAL_ONLY,Faenza,0.75,0.7446428571428572
9,OPTICAL_ONLY,Imola,0.625,0.5333333333333333
9,SAR_ONLY,Castel_Bolognese,0.4583333333333333,0.44999999999999996
9,SAR_ONLY,Faenza,0.5625,0.5500541125541125
9,SAR_ONLY,Imola,0.5,0.47619047619047616
9,FUSION,Castel_Bolognese,0.5833333333333333,0.6071428571428572
9,FUSION,Faenza,0.75,0.7446428571428572
9,FUSION,Imola,0.75,0.711111111111111
10,OPTICAL_ONLY,Castel_Bolognese,0.6041666666666666,0.6226190476190476
10,OPTICAL_ONLY,Faenza,0.75,0.7446428571428572
10,OPTICAL_ONLY,Imola,0.625,0.5333333333333333
10,SAR_ONLY,Castel_Bolognese,0.5208333333333333,0.5277777777777778
10,SAR_ONLY,Faenza,0.4375,0.4392857142857143
10,SAR_ONLY,Imola,0.5,0.47619047619047616
10,FUSION,Castel_Bolognese,0.5833333333333333,0.6071428571428572
10,FUSION,Faenza,0.75,0.7446428571428572
10,FUSION,Imola,0.6875,0.6555555555555554
11,OPTICAL_ONLY,Castel_Bolognese,0.6041666666666666,0.6226190476190476
11,OPTICAL_ONLY,Faenza,0.75,0.7446428571428572
11,OPTICAL_ONLY,Imola,0.5625,0.4847222222222222
11,SAR_ONLY,Castel_Bolognese,0.5208333333333333,0.5277777777777778
11,SAR_ONLY,Faenza,0.4375,0.4392857142857143
11,SAR_ONLY,Imola,0.4375,0.3833333333333333
11,FUSION,Castel_Bolognese,0.5833333333333333,0.6071428571428572
11,FUSION,Faenza,0.6875,0.6791666666666666
11,FUSION,Imola,0.6875,0.6472222222222223
12,OPTICAL_ONLY,Castel_Bolognese,0.5416666666666666,0.5416666666666666
12,OPTICAL_ONLY,Faenza,0.75,0.7446428571428572
12,OPTICAL_ONLY,Imola,0.625,0.5333333333333333
12,SAR_ONLY,Castel_Bolognese,0.5833333333333333,0.5791666666666666
12,SAR_ONLY,Faenza,0.4375,0.4392857142857143
12,SAR_ONLY,Imola,0.4375,0.3967032967032966
12,FUSION,Castel_Bolognese,0.6666666666666666,0.6935064935064934
12,FUSION,Faenza,0.75,0.7446428571428572
12,FUSION,Imola,0.6875,0.6597222222222222
13,OPTICAL_ONLY,Castel_Bolognese,0.5416666666666666,0.5416666666666666
13,OPTICAL_ONLY,Faenza,0.75,0.7446428571428572
13,OPTICAL_ONLY,Imola,0.625,0.5769841269841269
13,SAR_ONLY,Castel_Bolognese,0.5833333333333333,0.5761904761904761
13,SAR_ONLY,Faenza,0.5,0.4928571428571428
13,SAR_ONLY,Imola,0.5,0.47619047619047616
13,FUSION,Castel_Bolognese,0.6666666666666666,0.6935064935064934
13,FUSION,Faenza,0.75,0.7446428571428572
13,FUSION,Imola,0.75,0.711111111111111
14,OPTICAL_ONLY,Castel_Bolognese,0.6041666666666666,0.6226190476190476
14,OPTICAL_ONLY,Faenza,0.75,0.7446428571428572
14,OPTICAL_ONLY,Imola,0.5625,0.5333333333333333
14,SAR_ONLY,Castel_Bolognese,0.5208333333333333,0.5178571428571428
14,SAR_ONLY,Faenza,0.375,0.3708333333333333
14,SAR_ONLY,Imola,0.5,0.47619047619047616
14,FUSION,Castel_Bolognese,0.6666666666666666,0.6935064935064934
14,FUSION,Faenza,0.75,0.7446428571428572
14,FUSION,Imola,0.6875,0.6555555555555554
15,OPTICAL_ONLY,Castel_Bolognese,0.6041666666666666,0.6226190476190476
15,OPTICAL_ONLY,Faenza,0.75,0.7446428571428572
15,OPTICAL_ONLY,Imola,0.625,0.5333333333333333
15,SAR_ONLY,Castel_Bolognese,0.5833333333333333,0.5920634920634921
15,SAR_ONLY,Faenza,0.5625,0.5500541125541125
15,SAR_ONLY,Imola,0.5,0.47619047619047616
15,FUSION,Castel_Bolognese,0.5208333333333333,0.5345238095238095
15,FUSION,Faenza,0.75,0.7446428571428572
15,FUSION,Imola,0.75,0.7097222222222223
16,OPTICAL_ONLY,Castel_Bolognese,0.6041666666666666,0.6125541125541125
16,OPTICAL_ONLY,Faenza,0.75,0.7446428571428572
16,OPTICAL_ONLY,Imola,0.625,0.5333333333333333
16,SAR_ONLY,Castel_Bolognese,0.5208333333333333,0.5178571428571428
16,SAR_ONLY,Faenza,0.5625,0.5500541125541125
16,SAR_ONLY,Imola,0.5,0.47527472527472525
16,FUSION,Castel_Bolognese,0.6666666666666666,0.6935064935064934
16,FUSION,Faenza,0.75,0.7446428571428572
16,FUSION,Imola,0.75,0.711111111111111
17,OPTICAL_ONLY,Castel_Bolognese,0.6041666666666666,0.6226190476190476
17,OPTICAL_ONLY,Faenza,0.75,0.7446428571428572
17,OPTICAL_ONLY,Imola,0.5625,0.4847222222222222
17,SAR_ONLY,Castel_Bolognese,0.5208333333333333,0.5277777777777778
17,SAR_ONLY,Faenza,0.5625,0.5500541125541125
17,SAR_ONLY,Imola,0.5625,0.5347985347985348
17,FUSION,Castel_Bolognese,0.5833333333333333,0.6071428571428572
17,FUSION,Faenza,0.75,0.7446428571428572
17,FUSION,Imola,0.6875,0.6527777777777778
18,OPTICAL_ONLY,Castel_Bolognese,0.5416666666666666,0.5416666666666666
18,OPTICAL_ONLY,Faenza,0.75,0.7446428571428572
18,OPTICAL_ONLY,Imola,0.5625,0.48750000000000004
18,SAR_ONLY,Castel_Bolognese,0.5208333333333333,0.5277777777777778
18,SAR_ONLY,Faenza,0.4375,0.4392857142857143
18,SAR_ONLY,Imola,0.5,0.47619047619047616
18,FUSION,Castel_Bolognese,0.5833333333333333,0.6071428571428572
18,FUSION,Faenza,0.75,0.7446428571428572
18,FUSION,Imola,0.75,0.711111111111111
19,OPTICAL_ONLY,Castel_Bolognese,0.6666666666666666,0.6935064935064934
19,OPTICAL_ONLY,Faenza,0.75,0.7446428571428572
19,OPTICAL_ONLY,Imola,0.625,0.5333333333333333
19,SAR_ONLY,Castel_Bolognese,0.5208333333333333,0.5178571428571428
19,SAR_ONLY,Faenza,0.4375,0.4392857142857143
19,SAR_ONLY,Imola,0.5,0.47619047619047616
19,FUSION,Castel_Bolognese,0.6666666666666666,0.6935064935064934
19,FUSION,Faenza,0.75,0.7446428571428572
19,FUSION,Imola,0.75,0.711111111111111
20,OPTICAL_ONLY,Castel_Bolognese,0.6041666666666666,0.6226190476190476
20,OPTICAL_ONLY,Faenza,0.75,0.7446428571428572
20,OPTICAL_ONLY,Imola,0.5,0.4291666666666667
20,SAR_ONLY,Castel_Bolognese,0.5208333333333333,0.5178571428571428
20,SAR_ONLY,Faenza,0.4375,0.4392857142857143
20,SAR_ONLY,Imola,0.5,0.47619047619047616
20,FUSION,Castel_Bolognese,0.6666666666666666,0.6935064935064934
20,FUSION,Faenza,0.75,0.7446428571428572
20,FUSION,Imola,0.75,0.711111111111111
21,OPTICAL_ONLY,Castel_Bolognese,0.6666666666666666,0.6935064935064934
21,OPTICAL_ONLY,Faenza,0.75,0.7446428571428572
21,OPTICAL_ONLY,Imola,0.625,0.5333333333333333
21,SAR_ONLY,Castel_Bolognese,0.5208333333333333,0.5178571428571428
21,SAR_ONLY,Faenza,0.5625,0.5500541125541125
21,SAR_ONLY,Imola,0.5,0.47619047619047616
21,FUSION,Castel_Bolognese,0.6666666666666666,0.6935064935064934
21,FUSION,Faenza,0.75,0.7446428571428572
21,FUSION,Imola,0.75,0.711111111111111
22,OPTICAL_ONLY,Castel_Bolognese,0.5416666666666666,0.5416666666666666
22,OPTICAL_ONLY,Faenza,0.75,0.7446428571428572
22,OPTICAL_ONLY,Imola,0.625,0.5333333333333333
22,SAR_ONLY,Castel_Bolognese,0.5208333333333333,0.5178571428571428
22,SAR_ONLY,Faenza,0.5,0.4928571428571428
22,SAR_ONLY,Imola,0.5625,0.5404761904761904
22,FUSION,Castel_Bolognese,0.6666666666666666,0.6935064935064934
22,FUSION,Faenza,0.75,0.7446428571428572
22,FUSION,Imola,0.6875,0.6484126984126983
23,OPTICAL_ONLY,Castel_Bolognese,0.6041666666666666,0.6226190476190476
23,OPTICAL_ONLY,Faenza,0.75,0.7446428571428572
23,OPTICAL_ONLY,Imola,0.5,0.44305555555555554
23,SAR_ONLY,Castel_Bolognese,0.5833333333333333,0.5920634920634921
23,SAR_ONLY,Faenza,0.4375,0.4392857142857143
23,SAR_ONLY,Imola,0.5,0.47619047619047616
23,FUSION,Castel_Bolognese,0.6666666666666666,0.6935064935064934
23,FUSION,Faenza,0.75,0.7446428571428572
23,FUSION,Imola,0.75,0.711111111111111
24,OPTICAL_ONLY,Castel_Bolognese,0.6666666666666666,0.6935064935064934
24,OPTICAL_ONLY,Faenza,0.75,0.7446428571428572
24,OPTICAL_ONLY,Imola,0.625,0.5769841269841269
24,SAR_ONLY,Castel_Bolognese,0.5833333333333333,0.5920634920634921
24,SAR_ONLY,Faenza,0.4375,0.4392857142857143
24,SAR_ONLY,Imola,0.5,0.47619047619047616
24,FUSION,Castel_Bolognese,0.5833333333333333,0.6071428571428572
24,FUSION,Faenza,0.75,0.7446428571428572
24,FUSION,Imola,0.75,0.711111111111111
25,OPTICAL_ONLY,Castel_Bolognese,0.6041666666666666,0.6226190476190476
25,OPTICAL_ONLY,Faenza,0.75,0.7446428571428572
25,OPTICAL_ONLY,Imola,0.6875,0.6472222222222223
25,SAR_ONLY,Castel_Bolognese,0.4583333333333333,0.4464285714285714
25,SAR_ONLY,Faenza,0.4375,0.4392857142857143
25,SAR_ONLY,Imola,0.5,0.47527472527472525
25,FUSION,Castel_Bolognese,0.5833333333333333,0.6071428571428572
25,FUSION,Faenza,0.75,0.7446428571428572
25,FUSION,Imola,0.75,0.7097222222222223
26,OPTICAL_ONLY,Castel_Bolognese,0.6041666666666666,0.6226190476190476
26,OPTICAL_ONLY,Faenza,0.75,0.7446428571428572
26,OPTICAL_ONLY,Imola,0.6875,0.6472222222222223
26,SAR_ONLY,Castel_Bolognese,0.5833333333333333,0.5761904761904761
26,SAR_ONLY,Faenza,0.4375,0.4392857142857143
26,SAR_ONLY,Imola,0.5,0.47527472527472525
26,FUSION,Castel_Bolognese,0.6666666666666666,0.6935064935064934
26,FUSION,Faenza,0.75,0.7446428571428572
26,FUSION,Imola,0.75,0.711111111111111
27,OPTICAL_ONLY,Castel_Bolognese,0.6666666666666666,0.6935064935064934
27,OPTICAL_ONLY,Faenza,0.75,0.7446428571428572
27,OPTICAL_ONLY,Imola,0.625,0.5333333333333333
27,SAR_ONLY,Castel_Bolognese,0.5208333333333333,0.5178571428571428
27,SAR_ONLY,Faenza,0.4375,0.4392857142857143
27,SAR_ONLY,Imola,0.4375,0.3833333333333333
27,FUSION,Castel_Bolognese,0.6666666666666666,0.6935064935064934
27,FUSION,Faenza,0.75,0.7446428571428572
27,FUSION,Imola,0.75,0.711111111111111
28,OPTICAL_ONLY,Castel_Bolognese,0.6666666666666666,0.6935064935064934
28,OPTICAL_ONLY,Faenza,0.75,0.7446428571428572
28,OPTICAL_ONLY,Imola,0.5,0.44305555555555554
28,SAR_ONLY,Castel_Bolognese,0.5208333333333333,0.5178571428571428
28,SAR_ONLY,Faenza,0.4375,0.4392857142857143
28,SAR_ONLY,Imola,0.5,0.47619047619047616
28,FUSION,Castel_Bolognese,0.6041666666666666,0.6125541125541125
28,FUSION,Faenza,0.75,0.7446428571428572
28,FUSION,Imola,0.75,0.7097222222222223
29,OPTICAL_ONLY,Castel_Bolognese,0.6041666666666666,0.6125541125541125
29,OPTICAL_ONLY,Faenza,0.75,0.7446428571428572
29,OPTICAL_ONLY,Imola,0.6875,0.6472222222222223
29,SAR_ONLY,Castel_Bolognese,0.5833333333333333,0.5791666666666666
29,SAR_ONLY,Faenza,0.4375,0.43650793650793646
29,SAR_ONLY,Imola,0.5,0.47619047619047616
29,FUSION,Castel_Bolognese,0.5833333333333333,0.6071428571428572
29,FUSION,Faenza,0.75,0.7446428571428572
29,FUSION,Imola,0.75,0.711111111111111
