seed,COHERENCE_SEASONAL_ONLY,FUSION_ALIGNED,FUSION_PLUS_SEASONAL_COH,OPTICAL_ONLY,OPTICAL_PLUS_COH,SAR_ALIGNED_ONLY,SAR_PLUS_COH,seasonal_coh_gain_over_fusion,seasonal_coh_gain_over_optical,seasonal_coh_gain_over_sar
0,0.365530303030303,0.6856060606060606,0.6628787878787878,0.6439393939393939,0.5776515151515151,0.553030303030303,0.5757575757575757,-0.022727272727272707,-0.06628787878787878,0.022727272727272707
1,0.32386363636363635,0.6837121212121212,0.7045454545454546,0.6439393939393939,0.6193181818181818,0.5738636363636364,0.6212121212121212,0.02083333333333337,-0.024621212121212155,0.04734848484848486
2,0.32196969696969696,0.6420454545454546,0.6628787878787878,0.6647727272727273,0.5984848484848485,0.553030303030303,0.5340909090909091,0.02083333333333326,-0.06628787878787878,-0.018939393939393923
3,0.303030303030303,0.6420454545454546,0.6837121212121212,0.6439393939393939,0.6401515151515151,0.553030303030303,0.5757575757575757,0.04166666666666663,-0.0037878787878787845,0.022727272727272707
4,0.32196969696969696,0.600378787878788,0.662878787878788,0.6856060606060606,0.5776515151515151,0.553030303030303,0.5757575757575757,0.0625,-0.10795454545454541,0.022727272727272707
5,0.38825757575757575,0.7064393939393939,0.6212121212121212,0.7064393939393939,0.5776515151515151,0.553030303030303,0.5340909090909091,-0.08522727272727271,-0.12878787878787878,-0.018939393939393923
6,0.38636363636363635,0.7064393939393939,0.6439393939393939,0.6856060606060607,0.6212121212121212,0.553030303030303,0.5549242424242424,-0.0625,-0.06439393939393945,0.0018939393939394478
7,0.30113636363636365,0.6647727272727273,0.662878787878788,0.600378787878788,0.5984848484848485,0.5757575757575757,0.5549242424242424,-0.0018939393939393367,-0.0018939393939394478,-0.02083333333333326
8,0.29924242424242425,0.6856060606060606,0.662878787878788,0.6628787878787878,0.5776515151515151,0.553030303030303,0.5321969696969697,-0.022727272727272596,-0.08522727272727271,-0.02083333333333326
9,0.36742424242424243,0.6837121212121212,0.6856060606060607,0.6647727272727273,0.6401515151515151,0.553030303030303,0.5340909090909091,0.0018939393939394478,-0.024621212121212155,-0.018939393939393923
10,0.38825757575757575,0.7045454545454546,0.7045454545454546,0.600378787878788,0.5984848484848485,0.5757575757575757,0.5340909090909091,0.0,-0.0018939393939394478,-0.04166666666666663
11,0.3693181818181818,0.6856060606060606,0.662878787878788,0.6647727272727273,0.5984848484848485,0.5757575757575757,0.5549242424242424,-0.022727272727272596,-0.06628787878787878,-0.02083333333333326
12,0.38825757575757575,0.6837121212121212,0.662878787878788,0.6647727272727273,0.5776515151515151,0.5757575757575757,0.5340909090909091,-0.02083333333333326,-0.08712121212121215,-0.04166666666666663
13,0.40719696969696967,0.6420454545454546,0.6420454545454546,0.6212121212121212,0.5984848484848485,0.5340909090909091,0.5340909090909091,0.0,-0.022727272727272707,0.0
14,0.39015151515151514,0.6837121212121212,0.662878787878788,0.6420454545454546,0.5984848484848485,0.5321969696969697,0.5340909090909091,-0.02083333333333326,-0.04356060606060608,0.0018939393939393367
15,0.36742424242424243,0.6647727272727273,0.5984848484848484,0.6439393939393939,0.5984848484848485,0.5321969696969697,0.5757575757575757,-0.0662878787878789,-0.045454545454545414,0.043560606060605966
16,0.36553030303030304,0.6647727272727273,0.7045454545454546,0.6647727272727273,0.5984848484848485,0.553030303030303,0.5549242424242424,0.03977272727272729,-0.06628787878787878,0.0018939393939394478
17,0.32386363636363635,0.6439393939393939,0.6628787878787878,0.6439393939393939,0.5568181818181819,0.5738636363636364,0.5113636363636364,0.018939393939393923,-0.08712121212121204,-0.0625
18,0.38636363636363635,0.662878787878788,0.6837121212121212,0.6212121212121213,0.6193181818181818,0.553030303030303,0.5757575757575757,0.02083333333333326,-0.0018939393939395588,0.022727272727272707
19,0.365530303030303,0.6856060606060606,0.7045454545454546,0.6856060606060607,0.5776515151515151,0.5738636363636364,0.5340909090909091,0.018939393939394034,-0.10795454545454553,-0.03977272727272729
