seed,FUSION,OPTICAL_ONLY,SAR_ONLY,fusion_minus_optical,fusion_minus_sar
0,0.7045454545454545,0.6439393939393939,0.49431818181818177,0.06060606060606055,0.2102272727272727
1,0.7064393939393939,0.6439393939393939,0.49242424242424243,0.0625,0.2140151515151515
2,0.662878787878788,0.6647727272727273,0.5132575757575757,-0.0018939393939393367,0.14962121212121227
3,0.6609848484848485,0.6439393939393939,0.5359848484848485,0.017045454545454586,0.125
4,0.7272727272727272,0.6856060606060606,0.5340909090909091,0.04166666666666663,0.19318181818181812
5,0.7045454545454545,0.7064393939393939,0.5132575757575757,-0.0018939393939394478,0.19128787878787878
6,0.7064393939393939,0.6856060606060607,0.4943181818181818,0.02083333333333326,0.2121212121212121
7,0.7045454545454545,0.600378787878788,0.5340909090909091,0.10416666666666652,0.17045454545454541
8,0.6837121212121212,0.6628787878787878,0.4924242424242424,0.02083333333333337,0.19128787878787884
9,0.7272727272727272,0.6647727272727273,0.5151515151515151,0.06249999999999989,0.21212121212121204
10,0.7045454545454545,0.600378787878788,0.4715909090909091,0.10416666666666652,0.23295454545454536
11,0.6837121212121212,0.6647727272727273,0.4299242424242424,0.018939393939393923,0.25378787878787884
12,0.6818181818181818,0.6647727272727273,0.5132575757575757,0.017045454545454475,0.16856060606060608
13,0.6837121212121212,0.6212121212121212,0.5132575757575757,0.0625,0.17045454545454553
14,0.7272727272727272,0.6420454545454546,0.49242424242424243,0.0852272727272726,0.23484848484848475
15,0.662878787878788,0.6439393939393939,0.5568181818181819,0.018939393939394034,0.10606060606060608
16,0.7045454545454545,0.6647727272727273,0.5359848484848485,0.03977272727272718,0.16856060606060597
17,0.6837121212121212,0.6439393939393939,0.5568181818181818,0.03977272727272729,0.12689393939393945
18,0.7045454545454545,0.6212121212121213,0.4696969696969697,0.08333333333333315,0.23484848484848475
19,0.7064393939393939,0.6856060606060607,0.45075757575757575,0.02083333333333326,0.2556818181818182
