mid_date,class_a,class_b,median_a,median_b,difference_a_minus_b
2023-02-09,ANNUAL,OLIVE,0.9083611220121384,0.8580837249755859,0.05027739703655243
2023-02-09,ANNUAL,ORCHARD,0.9083611220121384,0.9412368535995483,-0.03287573158740997
2023-02-09,ANNUAL,VINEYARD,0.9083611220121384,0.9140407741069794,-0.005679652094841003
2023-02-09,OLIVE,ORCHARD,0.8580837249755859,0.9412368535995483,-0.0831531286239624
2023-02-09,OLIVE,VINEYARD,0.8580837249755859,0.9140407741069794,-0.05595704913139343
2023-02-09,ORCHARD,VINEYARD,0.9412368535995483,0.9140407741069794,0.02719607949256897
2023-04-10,ANNUAL,OLIVE,0.5853322148323059,0.649795651435852,-0.06446343660354614
2023-04-10,ANNUAL,ORCHARD,0.5853322148323059,0.6517441272735596,-0.06641191244125366
2023-04-10,ANNUAL,VINEYARD,0.5853322148323059,0.6839053630828857,-0.09857314825057983
2023-04-10,OLIVE,ORCHARD,0.649795651435852,0.6517441272735596,-0.0019484758377075195
2023-04-10,OLIVE,VINEYARD,0.649795651435852,0.6839053630828857,-0.03410971164703369
2023-04-10,ORCHARD,VINEYARD,0.6517441272735596,0.6839053630828857,-0.03216123580932617
2023-06-09,ANNUAL,OLIVE,0.42351360619068146,0.3654326200485229,0.058080986142158564
2023-06-09,ANNUAL,ORCHARD,0.42351360619068146,0.3837623372673988,0.03975126892328268
2023-06-09,ANNUAL,VINEYARD,0.42351360619068146,0.364034540951252,0.059479065239429474
2023-06-09,OLIVE,ORCHARD,0.3654326200485229,0.3837623372673988,-0.018329717218875885
2023-06-09,OLIVE,VINEYARD,0.3654326200485229,0.364034540951252,0.00139807909727091
2023-06-09,ORCHARD,VINEYARD,0.3837623372673988,0.364034540951252,0.019727796316146795
2023-08-08,ANNUAL,OLIVE,0.7368736863136292,0.7664569914340973,-0.02958330512046814
2023-08-08,ANNUAL,ORCHARD,0.7368736863136292,0.7524960041046143,-0.015622317790985107
2023-08-08,ANNUAL,VINEYARD,0.7368736863136292,0.6429038494825363,0.09396983683109283
2023-08-08,OLIVE,ORCHARD,0.7664569914340973,0.7524960041046143,0.013960987329483032
2023-08-08,OLIVE,VINEYARD,0.7664569914340973,0.6429038494825363,0.12355314195156097
2023-08-08,ORCHARD,VINEYARD,0.7524960041046143,0.6429038494825363,0.10959215462207794
2023-10-07,ANNUAL,OLIVE,0.9329048991203308,0.9015432000160216,0.03136169910430919
2023-10-07,ANNUAL,ORCHARD,0.9329048991203308,0.904835119843483,0.02806977927684784
2023-10-07,ANNUAL,VINEYARD,0.9329048991203308,0.8879461735486984,0.044958725571632385
2023-10-07,OLIVE,ORCHARD,0.9015432000160216,0.904835119843483,-0.0032919198274613537
2023-10-07,OLIVE,VINEYARD,0.9015432000160216,0.8879461735486984,0.013597026467323192
2023-10-07,ORCHARD,VINEYARD,0.904835119843483,0.8879461735486984,0.016888946294784546
2023-12-06,ANNUAL,OLIVE,0.9135408401489258,0.8729771673679352,0.0405636727809906
2023-12-06,ANNUAL,ORCHARD,0.9135408401489258,0.9141164124011993,-0.0005755722522735596
2023-12-06,ANNUAL,VINEYARD,0.9135408401489258,0.8455395698547363,0.06800127029418945
2023-12-06,OLIVE,ORCHARD,0.8729771673679352,0.9141164124011993,-0.04113924503326416
2023-12-06,OLIVE,VINEYARD,0.8729771673679352,0.8455395698547363,0.027437597513198853
2023-12-06,ORCHARD,VINEYARD,0.9141164124011993,0.8455395698547363,0.06857684254646301
