SIGLA,COD_1,COD_2,COD_3,COD_4,COD_TOT,DESCR,HECTARES,class4,area_ha_geom,perimeter_m,compactness,d_Imola_m,d_Castel_Bolognese_m,d_Faenza_m,zone,poly_id,score,pilot_id,core_buffer_m,core_area_ha,core_fraction
Cv,2,2,1,0,2210,Vigneti,3.1654495448,VINEYARD,3.1654495448049635,697.9297311305443,0.8166234766905018,2145.2370859940957,7526.890014228553,15193.63856311892,Imola,ER23_Cv_02530,0.8024507244145267,P001,20.0,1.9130941295244592,0.6043672794166532
Cv,2,2,1,0,2210,Vigneti,4.01569515802,VINEYARD,4.015695158021988,795.6480297261256,0.7971290153214587,4334.298786850788,11290.921749439238,19067.049115104175,Imola,ER23_Cv_02634,0.7872074911115687,P002,20.0,2.5911511834798726,0.6452559473553755
Cv,2,2,1,0,2210,Vigneti,4.82137069295,VINEYARD,4.821370692947343,877.4799915524235,0.7868753541202966,5155.402969943867,12355.45945537997,20587.763177211385,Imola,ER23_Cv_02900,0.7809822075850333,P003,20.0,3.2184014498998685,0.6675283140140452
Cv,2,2,1,0,2210,Vigneti,3.6413789146,VINEYARD,3.641378914602243,760.8588393162242,0.7904375370912446,5865.20450320043,11977.862450233155,19214.023582053123,Imola,ER23_Cv_02462,0.7786444316642559,P004,20.0,2.2713803924214653,0.6237693043459538
Cv,2,2,1,0,2210,Vigneti,2.38601218073,VINEYARD,2.3860121807252463,602.9884797753666,0.8246401779730319,7888.564876141383,6652.3773743979355,11109.156363374781,Castel_Bolognese,ER23_Cv_02110,0.8065702388766581,P005,20.0,1.3227825441167154,0.554390524408239
Cv,2,2,1,0,2210,Vigneti,4.89089029218,VINEYARD,4.8908902921767,885.9904059278244,0.7829603096763454,10236.611211875721,3060.070959246312,6117.161394219916,Castel_Bolognese,ER23_Cv_02525,0.777414761137229,P006,20.0,3.283078601794735,0.6712640042337966
Cv,2,2,1,0,2210,Vigneti,2.81908263253,VINEYARD,2.8190826325329024,671.7754020441689,0.7849996715086588,11309.066887418856,7072.550477384926,11132.959371519017,Castel_Bolognese,ER23_Cv_02929,0.7690950846713233,P007,20.0,1.6341771995019418,0.5796840364461607
Cv,2,2,1,0,2210,Vigneti,4.73040867419,VINEYARD,4.730408674185802,878.0528451334303,0.7710227940205714,6321.110509444774,2284.493300089638,10163.01635410023,Castel_Bolognese,ER23_Cv_02684,0.7646748373915004,P008,20.0,3.1378819555604034,0.663342677490861
Cv,2,2,1,0,2210,Vigneti,2.12126754978,VINEYARD,2.121267549776319,572.1946620415093,0.8141748979747774,21717.474483157515,15347.844040748636,8012.525437092402,Faenza,ER23_Cv_01763,0.794781235723659,P009,20.0,1.127335037414474,0.5314440592528499
Cv,2,2,1,0,2210,Vigneti,4.64574689293,VINEYARD,4.645746892934534,854.7191621995598,0.7991320113789924,11771.940923086258,5438.60158766814,4473.650403419652,Faenza,ER23_Cv_02130,0.792360745843665,P010,20.0,3.0861339275106148,0.6642923083485562
Cv,2,2,1,0,2210,Vigneti,3.65682789778,VINEYARD,3.656827897775929,760.4435259644384,0.7946583510955284,20544.157131551176,13286.369760996544,6720.867269482843,Faenza,ER23_Cv_02327,0.782942490584408,P011,20.0,2.2900730299202556,0.6262457774709799
Cv,2,2,1,0,2210,Vigneti,2.8253504376,VINEYARD,2.825350437603589,667.157665225383,0.7976736136081173,22652.85214217505,15479.802963510894,7194.5008679615075,Faenza,ER23_Cv_01903,0.7818003657961352,P012,20.0,1.6479114213760804,0.5832591240518146
Cf,2,2,2,0,2220,Frutteti,2.11962637216,ORCHARD,2.1196263721575934,577.0599117520612,0.7998846605094667,3715.8561832434175,10158.338821192987,17752.279704578017,Imola,ER23_Cf_00838,0.7804827923702546,P013,20.0,1.1212221068519543,0.5289715780006307
Cf,2,2,2,0,2220,Frutteti,2.0230602041,ORCHARD,2.0230602041017924,565.9943870601916,0.793586776285392,6091.647918415126,8354.206831239533,14334.030840725129,Imola,ER23_Cf_00454,0.7737020773059009,P014,20.0,1.0423997486130316,0.5152588867595471
Cf,2,2,2,0,2220,Frutteti,2.98375358532,ORCHARD,2.983753585315028,699.7028559547132,0.765853188427622,6063.157645641374,12793.78640853697,20341.715157186976,Imola,ER23_Cf_00883,0.7507719563541971,P015,20.0,1.7492436176504955,0.5862560588983116
Cf,2,2,2,0,2220,Frutteti,2.46762455269,ORCHARD,2.4676245526858525,636.0720195253607,0.7664368258286439,4810.052127148276,8738.246242830728,16846.672368324176,Imola,ER23_Cf_01381,0.7487749485920732,P016,20.0,1.3561007198771098,0.549557151391236
Cf,2,2,2,0,2220,Frutteti,6.72175372545,ORCHARD,6.721753725448916,991.8450111337464,0.8586275795940004,8482.021643257296,2296.463900925147,7077.205745837267,Castel_Bolognese,ER23_Cf_00558,0.8550188109667558,P017,20.0,4.8815691430335795,0.7262344534509945
Cf,2,2,2,0,2220,Frutteti,3.27449952609,ORCHARD,3.274499526093191,719.1911707530915,0.7955474751877072,6675.791931329705,652.2221933688702,8882.849127609765,Castel_Bolognese,ER23_Cf_00799,0.7819199728181732,P018,20.0,1.986698681743416,0.6067182682154022
Cf,2,2,2,0,2220,Frutteti,2.37318007557,ORCHARD,2.373180075572092,611.9502659514987,0.7963579166750159,11618.31463459696,4995.575706699247,6835.585499069471,Castel_Bolognese,ER23_Cf_00966,0.7782238170528764,P019,20.0,1.3057565462515373,0.5502138500538204
Cf,2,2,2,0,2220,Frutteti,5.76202514745,ORCHARD,5.762025147449255,969.4132833643638,0.7704901316646866,10184.90271748875,3156.6987216928587,6481.829450117049,Castel_Bolognese,ER23_Cf_00863,0.7693002574019329,P020,20.0,3.9838281908742994,0.691393752878338
Cf,2,2,2,0,2220,Frutteti,3.8360718155,ORCHARD,3.836071815495797,767.6009509909172,0.8181361539570413,17851.32302869486,10873.17357379531,6775.04199745682,Faenza,ER23_Cf_00873,0.8073165130345203,P021,20.0,2.4495404841857016,0.6385543863623179
Cf,2,2,2,0,2220,Frutteti,4.02465526307,ORCHARD,4.024655263071004,808.3322874836863,0.7740316114849556,15027.23834397791,8343.008292896002,6866.273441085138,Faenza,ER23_Cf_00987,0.7641548878003106,P022,20.0,2.571818079338909,0.6390157445128578
Cf,2,2,2,0,2220,Frutteti,2.62196180894,ORCHARD,2.6219618089434995,655.0910366885515,0.7677731339193061,22399.01816493859,15091.352780114254,7687.733833558239,Faenza,ER23_Cf_00421,0.7508829429640236,P023,20.0,1.4711440486604825,0.5610852315401457
Cf,2,2,2,0,2220,Frutteti,2.33271749167,ORCHARD,2.3327174916669415,617.3526625753839,0.7691399307416947,21539.07944760626,14328.763723411717,7991.639223013194,Faenza,ER23_Cf_00622,0.7508035182000294,P024,20.0,1.2599808495088698,0.5401343514634074
Co,2,2,3,0,2230,Oliveti,3.42322910501,OLIVE,3.4232291050089114,844.242965590578,0.6035467679770271,3908.3765580865875,7148.2814212015455,14154.210775907355,Imola,ER23_Co_01673,0.5906629135020717,P025,20.0,1.9150729844597532,0.5594346524039523
Co,2,2,3,0,2230,Oliveti,2.502426104,OLIVE,2.502426104003195,750.9941665989655,0.5575682026166091,3794.1716376278578,7380.263280869445,14439.949093142643,Imola,ER23_Co_01678,0.5400803331366251,P026,20.0,1.1815758805827754,0.4721721367486449
Co,2,2,3,0,2230,Oliveti,7.47963110684,OLIVE,7.479631106839761,1465.3913924933634,0.4377062729298617,3835.7232495907224,8781.282358036553,15969.630494723506,Imola,ER23_Co_01687,0.4303081173956629,P027,20.0,4.765880858111484,0.6371812713802578
Co,2,2,3,0,2230,Oliveti,7.15068089955,OLIVE,7.150680899554923,1505.4161735691434,0.3965008355222583,7769.583488617691,15080.581889761104,23191.58988820714,Imola,ER23_Co_01757,0.39074743102448367,P028,20.0,4.328583603126005,0.6053386613008318
Co,2,2,3,0,2230,Oliveti,2.3410644141,OLIVE,2.341064414099507,637.8245473940043,0.7231373083176283,5007.1611740420685,3944.6099552159703,10986.117536501528,Castel_Bolognese,ER23_Co_01677,0.7048426303881259,P029,20.0,1.2327611211807428,0.5265814617300592
Co,2,2,3,0,2230,Oliveti,2.0459655608,OLIVE,2.045965560799921,725.3596645897054,0.4886539112738965,8169.535100283017,7878.136790373184,12304.287906682372,Castel_Bolognese,ER23_Co_01628,0.4688837390778961,P030,20.0,0.8616854169272335,0.42116320696538817
Co,2,2,3,0,2230,Oliveti,2.20494402465,OLIVE,2.204944024653293,805.1634849970335,0.427404697352825,11041.906304840155,5681.954841959445,6182.347346072208,Castel_Bolognese,ER23_Co_01631,0.40842941747609146,P031,20.0,0.8498648283629534,0.3854360105565885
Co,2,2,3,0,2230,Oliveti,3.02799166992,OLIVE,3.027991669921379,683.845028985047,0.8136715881239208,12547.638689832238,6454.667587843103,4506.392523609326,Faenza,ER23_Co_01623,0.7988115464735277,P032,20.0,1.8067331179867738,0.5966770437098611
Co,2,2,3,0,2230,Oliveti,3.06239621395,OLIVE,3.062396213947536,707.829325662309,0.7680935883336667,12481.921386870537,6251.371024037986,4270.92452992017,Faenza,ER23_Co_01630,0.7534055694034044,P033,20.0,1.810513599398476,0.5912081497333947
Co,2,2,3,0,2230,Oliveti,3.10063745451,OLIVE,3.1006374545112183,726.9388609550025,0.7373353921521515,19462.456246975675,12720.9478971234,4945.826683151271,Faenza,ER23_Co_01570,0.7228385794247076,P034,20.0,1.8238712197133842,0.5882245978354466
Co,2,2,3,0,2230,Oliveti,5.00146048725,OLIVE,5.001460487246888,934.2856930451695,0.7200245580535484,16979.30987450327,11801.267087640545,7664.194614859912,Faenza,ER23_Co_01529,0.7150318604897828,P035,20.0,3.297137421456931,0.6592349234517053
Sn,2,1,1,0,2110,Seminativi non irrigui,3.23077277743,ANNUAL,3.2307727774316275,698.3744528327252,0.8324144118159749,3836.6209606986877,7853.236928770765,14920.862556477356,Imola,ER23_Sn_05064,0.818568275703133,P036,20.0,1.9843605238570365,0.6142061545518366
Sn,2,1,1,0,2110,Seminativi non irrigui,3.00137723074,ANNUAL,3.0013772307440765,682.3165500198681,0.8101373155504622,6578.969267605705,8304.671387803744,13974.145842275613,Imola,ER23_Sn_04952,0.7951442017041825,P037,20.0,1.77998878845148,0.5930573372178878
Sn,2,1,1,0,2110,Seminativi non irrigui,2.85675468159,ANNUAL,2.8567546815944893,678.106309354669,0.7807055042776765,5833.337876274373,12647.848999435026,20260.128565854066,Imola,ER23_Sn_05110,0.764989277685649,P038,20.0,1.6633032750356371,0.5822352495830231
Sn,2,1,1,0,2110,Seminativi non irrigui,5.41459808742,ANNUAL,5.4145980874217425,942.651231530983,0.7657270885011391,7214.372372267672,12881.40541509103,19754.245484477076,Imola,ER23_Sn_05044,0.7628000789382479,P039,20.0,3.6919313708525134,0.6818477218889006
Se,2,1,2,1,2121,Seminativi semplici irrigui,2.66285046209,ANNUAL,2.662850462089826,646.4271287230054,0.8007878845648044,9919.287291007802,3120.4390982068894,5580.235046044635,Castel_Bolognese,ER23_Se_03693,0.7841021368752535,P040,20.0,1.5247924967245798,0.5726166446192065
Se,2,1,2,1,2121,Seminativi semplici irrigui,2.58123415402,ANNUAL,2.581234154015185,638.3191669300195,0.7960887677914752,11074.38686378102,4471.74871627045,6988.301868196811,Castel_Bolognese,ER23_Se_04187,0.7789949385615511,P041,20.0,1.4654585177199049,0.5677355986632756
Se,2,1,2,1,2121,Seminativi semplici irrigui,3.83135394066,ANNUAL,3.831353940655137,781.8321901147517,0.787653202170202,11550.090722249292,4239.1055652664045,4325.275522394199,Castel_Bolognese,ER23_Se_03822,0.7768099718734777,P042,20.0,2.428693267176382,0.6338994790862603
Se,2,1,2,1,2121,Seminativi semplici irrigui,5.18079207126,ANNUAL,5.18079207126424,914.8319952628168,0.7778992201112103,8376.19983312959,3083.150511952208,9197.732235311463,Castel_Bolognese,ER23_Se_04295,0.7738031804675315,P043,20.0,3.5177944746824332,0.6790070758087778
Se,2,1,2,1,2121,Seminativi semplici irrigui,2.82924994857,ANNUAL,2.8292499485748284,657.9694062699022,0.8212394046201151,18693.507507623475,12347.013858214581,5506.985049325459,Faenza,ER23_Se_03169,0.8053856543629893,P044,20.0,1.6610601958768552,0.5871026689294727
Se,2,1,2,1,2121,Seminativi semplici irrigui,3.9415009027,ANNUAL,3.941500902698074,786.0425216359487,0.8016400638950334,11443.290199533565,4312.7594861560665,4022.6317932245247,Faenza,ER23_Se_03685,0.7913475684085237,P045,20.0,2.5206803329840266,0.6395229622448003
Se,2,1,2,1,2121,Seminativi semplici irrigui,2.75628164421,ANNUAL,2.7562816442083613,658.2682879119985,0.7993327185016191,13416.259507489496,6610.894391083549,2566.586121939347,Faenza,ER23_Se_03535,0.7831141267226609,P046,20.0,1.5921051212000719,0.5776278794097417
Se,2,1,2,1,2121,Seminativi semplici irrigui,3.73413626669,ANNUAL,3.734136266688578,775.3605028805308,0.7805355319047246,17636.07209560962,10486.031676490105,5561.849821499347,Faenza,ER23_Se_03928,0.7692062132381675,P047,20.0,2.3432589230863856,0.6275236776949175
