pair_id,master_date,slave_date,mid_date,pilot_id,class4,zone,core_area_ha,n_valid,coherence_mean,coherence_median,coherence_std,coherence_p10,coherence_p90
20230203_20230215,2023-02-03,2023-02-15,2023-02-09,P001,VINEYARD,Imola,1.9130941295244592,11,0.9214993932030418,0.9234603643417358,0.03723075813293065,0.9026368856430054,0.951567530632019
20230203_20230215,2023-02-03,2023-02-15,2023-02-09,P002,VINEYARD,Imola,2.5911511834798726,16,0.9062479734420776,0.8995058834552765,0.03244995401218886,0.8687295615673065,0.9504322409629822
20230203_20230215,2023-02-03,2023-02-15,2023-02-09,P003,VINEYARD,Imola,3.2184014498998685,19,0.949760051150071,0.9499629139900208,0.011491841364076289,0.9375227332115174,0.9635307431221009
20230203_20230215,2023-02-03,2023-02-15,2023-02-09,P004,VINEYARD,Imola,2.2713803924214653,15,0.8883500377337138,0.915274441242218,0.05234716061560287,0.8108250260353088,0.9391487240791321
20230203_20230215,2023-02-03,2023-02-15,2023-02-09,P005,VINEYARD,Castel_Bolognese,1.3227825441167154,9,0.938767843776279,0.9438953399658203,0.02089691473321768,0.9096362590789795,0.9572677493095398
20230203_20230215,2023-02-03,2023-02-15,2023-02-09,P006,VINEYARD,Castel_Bolognese,3.283078601794735,19,0.8701731593985307,0.8943043947219849,0.10074785801738029,0.6960973381996155,0.9621610164642334
20230203_20230215,2023-02-03,2023-02-15,2023-02-09,P007,VINEYARD,Castel_Bolognese,1.6341771995019418,9,0.8241314225726657,0.837807834148407,0.03692285477820003,0.7719648122787476,0.8657752990722656
20230203_20230215,2023-02-03,2023-02-15,2023-02-09,P008,VINEYARD,Castel_Bolognese,3.1378819555604034,20,0.9504892021417618,0.9531491696834564,0.01187497048997377,0.9413836240768433,0.9602902710437775
20230203_20230215,2023-02-03,2023-02-15,2023-02-09,P009,VINEYARD,Faenza,1.127335037414474,7,0.9103859322411674,0.9080811738967896,0.023394198157141492,0.8817211627960205,0.9385549783706665
20230203_20230215,2023-02-03,2023-02-15,2023-02-09,P010,VINEYARD,Faenza,3.0861339275106148,20,0.879373374581337,0.8713746964931488,0.029523869595619437,0.852826064825058,0.9160109519958496
20230203_20230215,2023-02-03,2023-02-15,2023-02-09,P011,VINEYARD,Faenza,2.2900730299202556,12,0.9647445529699326,0.964714765548706,0.00627540973463567,0.9580576658248902,0.971111249923706
20230203_20230215,2023-02-03,2023-02-15,2023-02-09,P012,VINEYARD,Faenza,1.6479114213760804,11,0.9047724496234547,0.9128071069717407,0.020310045411310304,0.8660874366760254,0.9219173789024353
20230203_20230215,2023-02-03,2023-02-15,2023-02-09,P013,ORCHARD,Imola,1.1212221068519543,8,0.8195110112428665,0.8349096477031708,0.05572184802287542,0.7481337010860443,0.8726692378520966
20230203_20230215,2023-02-03,2023-02-15,2023-02-09,P014,ORCHARD,Imola,1.0423997486130316,6,0.9220397571722666,0.9437971115112305,0.048008784883987604,0.8557578921318054,0.966564267873764
20230203_20230215,2023-02-03,2023-02-15,2023-02-09,P015,ORCHARD,Imola,1.7492436176504955,11,0.8647017749873075,0.8776079416275024,0.048839841624785295,0.8074156045913696,0.9227144122123718
20230203_20230215,2023-02-03,2023-02-15,2023-02-09,P016,ORCHARD,Imola,1.3561007198771098,9,0.9304201735390557,0.9357436299324036,0.021078766348481322,0.9064245223999023,0.9538262724876404
20230203_20230215,2023-02-03,2023-02-15,2023-02-09,P017,ORCHARD,Castel_Bolognese,4.8815691430335795,30,0.9541610340277354,0.9655787348747253,0.03435434870732106,0.9176500737667084,0.978145432472229
20230203_20230215,2023-02-03,2023-02-15,2023-02-09,P018,ORCHARD,Castel_Bolognese,1.986698681743416,12,0.8773908714453379,0.9046955406665802,0.04979274796657071,0.816886568069458,0.9217954516410828
20230203_20230215,2023-02-03,2023-02-15,2023-02-09,P019,ORCHARD,Castel_Bolognese,1.3057565462515373,9,0.9491017129686143,0.9492973685264587,0.00532221391477993,0.9429141998291015,0.9540040612220764
20230203_20230215,2023-02-03,2023-02-15,2023-02-09,P020,ORCHARD,Castel_Bolognese,3.9838281908742994,27,0.9076629435574567,0.9390261173248291,0.08487140086171635,0.8379114627838135,0.9503815531730652
20230203_20230215,2023-02-03,2023-02-15,2023-02-09,P021,ORCHARD,Faenza,2.4495404841857016,16,0.9595390670001507,0.9575507044792175,0.008395767581596802,0.9540014564990997,0.9686025381088257
20230203_20230215,2023-02-03,2023-02-15,2023-02-09,P022,ORCHARD,Faenza,2.571818079338909,16,0.9141593612730503,0.9434475898742676,0.05439669988671323,0.8503445386886597,0.9530722200870514
20230203_20230215,2023-02-03,2023-02-15,2023-02-09,P023,ORCHARD,Faenza,1.4711440486604825,11,0.958594100041823,0.9590662717819214,0.006525329516644032,0.9507540464401245,0.9675718545913696
20230203_20230215,2023-02-03,2023-02-15,2023-02-09,P024,ORCHARD,Faenza,1.2599808495088698,8,0.9321976900100708,0.9342479407787323,0.02465962479612107,0.9004735827445984,0.9599562287330627
20230203_20230215,2023-02-03,2023-02-15,2023-02-09,P025,OLIVE,Imola,1.9150729844597532,9,0.8657881220181783,0.8580837249755859,0.02467515067843998,0.835847795009613,0.8951511859893799
20230203_20230215,2023-02-03,2023-02-15,2023-02-09,P026,OLIVE,Imola,1.1815758805827754,9,0.8999171058336893,0.9055079817771912,0.026745351366306257,0.8714414119720459,0.9286949515342713
20230203_20230215,2023-02-03,2023-02-15,2023-02-09,P027,OLIVE,Imola,4.765880858111484,29,0.8778829780118219,0.8844156265258789,0.055750413582436195,0.8606579303741455,0.9317620992660522
20230203_20230215,2023-02-03,2023-02-15,2023-02-09,P028,OLIVE,Imola,4.328583603126005,30,0.9474450985590617,0.9524257779121399,0.023810515523921227,0.9092059135437012,0.9708023369312286
20230203_20230215,2023-02-03,2023-02-15,2023-02-09,P029,OLIVE,Castel_Bolognese,1.2327611211807428,8,0.8589149191975594,0.8940394520759583,0.06723587605932499,0.7623900055885315,0.9193222641944885
20230203_20230215,2023-02-03,2023-02-15,2023-02-09,P030,OLIVE,Castel_Bolognese,0.8616854169272335,5,0.8003702521324157,0.8104222416877747,0.017610354669730693,0.7784956336021424,0.8161411285400391
20230203_20230215,2023-02-03,2023-02-15,2023-02-09,P031,OLIVE,Castel_Bolognese,0.8498648283629534,5,0.7298346996307373,0.7440668940544128,0.045948794768576336,0.6751128554344177,0.7726335048675537
20230203_20230215,2023-02-03,2023-02-15,2023-02-09,P032,OLIVE,Faenza,1.8067331179867738,12,0.9242916206518809,0.9320263862609863,0.026574091151777064,0.8748216331005096,0.943680715560913
20230203_20230215,2023-02-03,2023-02-15,2023-02-09,P033,OLIVE,Faenza,1.810513599398476,12,0.8367177893718084,0.8273922204971313,0.03740616672962769,0.8069362759590148,0.8937094867229461
20230203_20230215,2023-02-03,2023-02-15,2023-02-09,P034,OLIVE,Faenza,1.8238712197133842,9,0.8025788068771362,0.7866121530532837,0.026700855817598197,0.7779013872146606,0.8385827541351318
20230203_20230215,2023-02-03,2023-02-15,2023-02-09,P035,OLIVE,Faenza,3.297137421456931,23,0.8159601170083751,0.7914472818374634,0.056947347817930614,0.7565368056297302,0.8931117415428161
20230203_20230215,2023-02-03,2023-02-15,2023-02-09,P036,ANNUAL,Imola,1.9843605238570365,11,0.928566114469008,0.9341092705726624,0.024530476083688423,0.8966547250747681,0.9559993147850037
20230203_20230215,2023-02-03,2023-02-15,2023-02-09,P037,ANNUAL,Imola,1.77998878845148,12,0.43873799095551175,0.40413011610507965,0.10086912037397995,0.3489152044057846,0.5868272960186005
20230203_20230215,2023-02-03,2023-02-15,2023-02-09,P038,ANNUAL,Imola,1.6633032750356371,10,0.9467958390712738,0.9433659613132477,0.012435705019250303,0.9354583859443665,0.961887514591217
20230203_20230215,2023-02-03,2023-02-15,2023-02-09,P039,ANNUAL,Imola,3.6919313708525134,24,0.45371614520748454,0.46514691412448883,0.15872792694250484,0.23908510506153108,0.6601440608501434
20230203_20230215,2023-02-03,2023-02-15,2023-02-09,P040,ANNUAL,Castel_Bolognese,1.5247924967245798,10,0.6158131450414658,0.6123777627944946,0.12486629543370756,0.5024568945169449,0.764159083366394
20230203_20230215,2023-02-03,2023-02-15,2023-02-09,P041,ANNUAL,Castel_Bolognese,1.4654585177199049,9,0.8525193068716261,0.8424397110939026,0.035518991921911956,0.8237025141716003,0.9125862956047058
20230203_20230215,2023-02-03,2023-02-15,2023-02-09,P042,ANNUAL,Castel_Bolognese,2.428693267176382,15,0.8597080906232198,0.8604300022125244,0.026015273475858375,0.8325398206710816,0.8932310581207276
20230203_20230215,2023-02-03,2023-02-15,2023-02-09,P043,ANNUAL,Castel_Bolognese,3.5177944746824332,22,0.8841604698788036,0.8846085667610168,0.03641506188762174,0.8359486818313598,0.9357360363006592
20230203_20230215,2023-02-03,2023-02-15,2023-02-09,P044,ANNUAL,Faenza,1.6610601958768552,9,0.9601963758468628,0.9678064584732056,0.02920514129888603,0.928006935119629,0.9824926853179932
20230203_20230215,2023-02-03,2023-02-15,2023-02-09,P045,ANNUAL,Faenza,2.5206803329840266,16,0.9273084439337254,0.9321136772632599,0.02212817460081684,0.8943802714347839,0.9469994008541107
20230203_20230215,2023-02-03,2023-02-15,2023-02-09,P046,ANNUAL,Faenza,1.5921051212000719,9,0.9395120673709445,0.9551185965538025,0.029770863616046406,0.8961226105690002,0.9693393468856811
20230203_20230215,2023-02-03,2023-02-15,2023-02-09,P047,ANNUAL,Faenza,2.3432589230863856,14,0.9673417849200112,0.9677141010761261,0.004983676849698546,0.9608541488647461,0.9726945221424103
20230404_20230416,2023-04-04,2023-04-16,2023-04-10,P001,VINEYARD,Imola,1.9130941295244592,11,0.654575074260885,0.6865748167037964,0.08382543384005965,0.5324550867080688,0.7233021259307861
20230404_20230416,2023-04-04,2023-04-16,2023-04-10,P002,VINEYARD,Imola,2.5911511834798726,16,0.6767818294465542,0.6829379796981812,0.07010050870437773,0.5778098106384277,0.7612599432468414
20230404_20230416,2023-04-04,2023-04-16,2023-04-10,P003,VINEYARD,Imola,3.2184014498998685,19,0.32394556034552424,0.35136133432388306,0.11219814940911789,0.1915678709745407,0.4445314049720764
20230404_20230416,2023-04-04,2023-04-16,2023-04-10,P004,VINEYARD,Imola,2.2713803924214653,15,0.7630976597468059,0.7562087774276733,0.09079066041451114,0.6251568913459777,0.8658137440681457
20230404_20230416,2023-04-04,2023-04-16,2023-04-10,P005,VINEYARD,Castel_Bolognese,1.3227825441167154,9,0.24330000910494062,0.2295423150062561,0.07907655390569286,0.1501569241285324,0.33457190394401554
20230404_20230416,2023-04-04,2023-04-16,2023-04-10,P006,VINEYARD,Castel_Bolognese,3.283078601794735,19,0.538310728575054,0.5337659120559692,0.11091461404673533,0.3823784053325653,0.681283688545227
20230404_20230416,2023-04-04,2023-04-16,2023-04-10,P007,VINEYARD,Castel_Bolognese,1.6341771995019418,9,0.6869824330012003,0.6741848587989807,0.06619138318180699,0.621019971370697,0.7950449466705323
20230404_20230416,2023-04-04,2023-04-16,2023-04-10,P008,VINEYARD,Castel_Bolognese,3.1378819555604034,20,0.688933715224266,0.6848727464675903,0.0906949545012458,0.5457663893699646,0.7837664902210236
20230404_20230416,2023-04-04,2023-04-16,2023-04-10,P009,VINEYARD,Faenza,1.127335037414474,7,0.41068434502397266,0.4201347231864929,0.093741368513323,0.31673883199691777,0.49526070356369023
20230404_20230416,2023-04-04,2023-04-16,2023-04-10,P010,VINEYARD,Faenza,3.0861339275106148,20,0.7328187376260757,0.7463385462760925,0.06232030500059325,0.6774204790592193,0.7995376229286194
20230404_20230416,2023-04-04,2023-04-16,2023-04-10,P011,VINEYARD,Faenza,2.2900730299202556,12,0.8029373784859976,0.8112557828426361,0.05107630416606648,0.7154485404491424,0.8655140399932861
20230404_20230416,2023-04-04,2023-04-16,2023-04-10,P012,VINEYARD,Faenza,1.6479114213760804,11,0.6987907182086598,0.7085822820663452,0.044153244014151154,0.6354011297225952,0.7311214208602905
20230404_20230416,2023-04-04,2023-04-16,2023-04-10,P013,ORCHARD,Imola,1.1212221068519543,8,0.6600553542375565,0.6517248451709747,0.05559511286146924,0.600516963005066,0.731179928779602
20230404_20230416,2023-04-04,2023-04-16,2023-04-10,P014,ORCHARD,Imola,1.0423997486130316,6,0.4357608159383138,0.40900756418704987,0.07819218177996136,0.3576420694589615,0.54063281416893
20230404_20230416,2023-04-04,2023-04-16,2023-04-10,P015,ORCHARD,Imola,1.7492436176504955,11,0.47065209986811335,0.44546759128570557,0.2024552045323987,0.30979013442993164,0.6758164763450623
20230404_20230416,2023-04-04,2023-04-16,2023-04-10,P016,ORCHARD,Imola,1.3561007198771098,9,0.6370981997913785,0.6205253005027771,0.06361346935868588,0.5652300596237183,0.7090673208236694
20230404_20230416,2023-04-04,2023-04-16,2023-04-10,P017,ORCHARD,Castel_Bolognese,4.8815691430335795,30,0.7072284440199534,0.7050290405750275,0.118165448167229,0.5631141662597656,0.8747084856033325
20230404_20230416,2023-04-04,2023-04-16,2023-04-10,P018,ORCHARD,Castel_Bolognese,1.986698681743416,12,0.7757381945848465,0.7959871292114258,0.08766802453281058,0.6586417198181153,0.8639038741588593
20230404_20230416,2023-04-04,2023-04-16,2023-04-10,P019,ORCHARD,Castel_Bolognese,1.3057565462515373,9,0.8880516886711121,0.9003058671951294,0.039174177878799586,0.8641443014144897,0.912199342250824
20230404_20230416,2023-04-04,2023-04-16,2023-04-10,P020,ORCHARD,Castel_Bolognese,3.9838281908742994,27,0.7705932833530285,0.7886249423027039,0.0675439903015922,0.6644745707511902,0.8392691612243652
20230404_20230416,2023-04-04,2023-04-16,2023-04-10,P021,ORCHARD,Faenza,2.4495404841857016,16,0.4417538680136204,0.40955621004104614,0.08764458414426146,0.361879363656044,0.5852554142475128
20230404_20230416,2023-04-04,2023-04-16,2023-04-10,P022,ORCHARD,Faenza,2.571818079338909,16,0.8154104761779308,0.8330104649066925,0.05998222845390132,0.7439142167568207,0.8625195026397705
20230404_20230416,2023-04-04,2023-04-16,2023-04-10,P023,ORCHARD,Faenza,1.4711440486604825,11,0.2399076216600158,0.29638829827308655,0.1286698366575059,0.0514533594250679,0.41521432995796204
20230404_20230416,2023-04-04,2023-04-16,2023-04-10,P024,ORCHARD,Faenza,1.2599808495088698,8,0.6533156000077724,0.6517634093761444,0.08003348033696946,0.5793912142515183,0.7398358285427094
20230404_20230416,2023-04-04,2023-04-16,2023-04-10,P025,OLIVE,Imola,1.9150729844597532,9,0.7990984519322714,0.8023936748504639,0.06554524070976045,0.7409939646720887,0.8710110545158386
20230404_20230416,2023-04-04,2023-04-16,2023-04-10,P026,OLIVE,Imola,1.1815758805827754,9,0.5518784191873338,0.5896508097648621,0.1327183955757894,0.35845566391944883,0.697870409488678
20230404_20230416,2023-04-04,2023-04-16,2023-04-10,P027,OLIVE,Imola,4.765880858111484,29,0.7318891882896423,0.7551203370094299,0.10192109463440965,0.6279968976974487,0.8502355098724366
20230404_20230416,2023-04-04,2023-04-16,2023-04-10,P028,OLIVE,Imola,4.328583603126005,30,0.5223275671402613,0.5284006595611572,0.10758713577914973,0.39248161613941196,0.6211098670959473
20230404_20230416,2023-04-04,2023-04-16,2023-04-10,P029,OLIVE,Castel_Bolognese,1.2327611211807428,8,0.549572728574276,0.5561946630477905,0.14449930668571062,0.4151870995759964,0.7008347153663635
20230404_20230416,2023-04-04,2023-04-16,2023-04-10,P030,OLIVE,Castel_Bolognese,0.8616854169272335,5,0.7960146307945252,0.7904422879219055,0.013912592157470908,0.7844581604003906,0.8126298189163208
20230404_20230416,2023-04-04,2023-04-16,2023-04-10,P031,OLIVE,Castel_Bolognese,0.8498648283629534,5,0.6248943209648132,0.649795651435852,0.08240406866136721,0.5396043539047242,0.6849814653396606
20230404_20230416,2023-04-04,2023-04-16,2023-04-10,P032,OLIVE,Faenza,1.8067331179867738,12,0.7676056524117788,0.7998846471309662,0.084230814612915,0.6792935431003571,0.8525974929332734
20230404_20230416,2023-04-04,2023-04-16,2023-04-10,P033,OLIVE,Faenza,1.810513599398476,12,0.8133042256037394,0.8123974800109863,0.07418785975910956,0.7334881961345673,0.8968479871749878
20230404_20230416,2023-04-04,2023-04-16,2023-04-10,P034,OLIVE,Faenza,1.8238712197133842,9,0.6225155095259348,0.6085616946220398,0.1047987605427786,0.5202566683292389,0.7446752786636353
20230404_20230416,2023-04-04,2023-04-16,2023-04-10,P035,OLIVE,Faenza,3.297137421456931,23,0.6070184370745784,0.6020209193229675,0.09282911594695345,0.48754664659500124,0.7278038978576661
20230404_20230416,2023-04-04,2023-04-16,2023-04-10,P036,ANNUAL,Imola,1.9843605238570365,11,0.4658160033551129,0.4402643144130707,0.18212979062690152,0.26677149534225464,0.6922739744186401
20230404_20230416,2023-04-04,2023-04-16,2023-04-10,P037,ANNUAL,Imola,1.77998878845148,12,0.86113174756368,0.873832643032074,0.0752197457513884,0.7585112452507019,0.9658565998077393
20230404_20230416,2023-04-04,2023-04-16,2023-04-10,P038,ANNUAL,Imola,1.6633032750356371,10,0.41564668267965316,0.43154193460941315,0.10623390044860859,0.2854478195309639,0.5444572508335114
20230404_20230416,2023-04-04,2023-04-16,2023-04-10,P039,ANNUAL,Imola,3.6919313708525134,24,0.8879597981770834,0.9200310111045837,0.08712257157538109,0.773958420753479,0.9733578562736511
20230404_20230416,2023-04-04,2023-04-16,2023-04-10,P040,ANNUAL,Castel_Bolognese,1.5247924967245798,10,0.9461875438690186,0.9534525871276855,0.02349993190840203,0.9124646008014679,0.9714610815048218
20230404_20230416,2023-04-04,2023-04-16,2023-04-10,P041,ANNUAL,Castel_Bolognese,1.4654585177199049,9,0.8657711678081088,0.8654630780220032,0.03551487959793004,0.8252623200416564,0.9061854481697083
20230404_20230416,2023-04-04,2023-04-16,2023-04-10,P042,ANNUAL,Castel_Bolognese,2.428693267176382,15,0.6136299630006155,0.5934204459190369,0.12230558079990705,0.47317984104156496,0.7930712103843689
20230404_20230416,2023-04-04,2023-04-16,2023-04-10,P043,ANNUAL,Castel_Bolognese,3.5177944746824332,22,0.40312738479538396,0.40588250756263733,0.16697882385707355,0.16598909795284272,0.6054625928401948
20230404_20230416,2023-04-04,2023-04-16,2023-04-10,P044,ANNUAL,Faenza,1.6610601958768552,9,0.8607913653055826,0.8601779341697693,0.056791136452089296,0.8175011038780212,0.9062279224395752
20230404_20230416,2023-04-04,2023-04-16,2023-04-10,P045,ANNUAL,Faenza,2.5206803329840266,16,0.5150964502245188,0.48450706899166107,0.15375807328467525,0.3952556550502777,0.7048070132732391
20230404_20230416,2023-04-04,2023-04-16,2023-04-10,P046,ANNUAL,Faenza,1.5921051212000719,9,0.6061300668451521,0.577243983745575,0.06512642516310395,0.5437739074230195,0.6760061025619507
20230404_20230416,2023-04-04,2023-04-16,2023-04-10,P047,ANNUAL,Faenza,2.3432589230863856,14,0.3641208005802972,0.37048546969890594,0.102680798675386,0.2570378392934799,0.49434948563575754
20230603_20230615,2023-06-03,2023-06-15,2023-06-09,P001,VINEYARD,Imola,1.9130941295244592,11,0.33182343569668854,0.3033764362335205,0.0773494595668974,0.2517651915550232,0.4382152855396271
20230603_20230615,2023-06-03,2023-06-15,2023-06-09,P002,VINEYARD,Imola,2.5911511834798726,16,0.26239490136504173,0.2614983692765236,0.0995271124106838,0.15266207605600357,0.3879207670688629
20230603_20230615,2023-06-03,2023-06-15,2023-06-09,P003,VINEYARD,Imola,3.2184014498998685,19,0.24084188161711945,0.2052404284477234,0.12808246343221125,0.10375701934099198,0.46915467381477355
20230603_20230615,2023-06-03,2023-06-15,2023-06-09,P004,VINEYARD,Imola,2.2713803924214653,15,0.35358414351940154,0.3816550076007843,0.15814626897652012,0.1468576416373253,0.5295012712478637
20230603_20230615,2023-06-03,2023-06-15,2023-06-09,P005,VINEYARD,Castel_Bolognese,1.3227825441167154,9,0.45628725985685986,0.42188769578933716,0.14436671128827144,0.286258789896965,0.631012761592865
20230603_20230615,2023-06-03,2023-06-15,2023-06-09,P006,VINEYARD,Castel_Bolognese,3.283078601794735,19,0.25212681999332026,0.277437686920166,0.1058288846110119,0.08833862468600273,0.34954075217247005
20230603_20230615,2023-06-03,2023-06-15,2023-06-09,P007,VINEYARD,Castel_Bolognese,1.6341771995019418,9,0.6543149020936754,0.6407669186592102,0.0871042034049394,0.5273124575614929,0.7575895428657532
20230603_20230615,2023-06-03,2023-06-15,2023-06-09,P008,VINEYARD,Castel_Bolognese,3.1378819555604034,20,0.4198235526680946,0.42386308312416077,0.08013153664256675,0.29609796702861785,0.5291918933391571
20230603_20230615,2023-06-03,2023-06-15,2023-06-09,P009,VINEYARD,Faenza,1.127335037414474,7,0.33627722944532124,0.34431779384613037,0.0927909337858751,0.23240145444869997,0.43468446731567384
20230603_20230615,2023-06-03,2023-06-15,2023-06-09,P010,VINEYARD,Faenza,3.0861339275106148,20,0.43851172626018525,0.4044444113969803,0.08171643306800672,0.3634620815515518,0.5604090213775635
20230603_20230615,2023-06-03,2023-06-15,2023-06-09,P011,VINEYARD,Faenza,2.2900730299202556,12,0.34849918136994046,0.34641407430171967,0.10166200108132217,0.2174156352877617,0.48673591017723083
20230603_20230615,2023-06-03,2023-06-15,2023-06-09,P012,VINEYARD,Faenza,1.6479114213760804,11,0.45108347318389197,0.47237104177474976,0.14368910344067445,0.2758427560329437,0.604664146900177
20230603_20230615,2023-06-03,2023-06-15,2023-06-09,P013,ORCHARD,Imola,1.1212221068519543,8,0.431532621383667,0.4275888353586197,0.0804510272289302,0.3411099940538406,0.5324592888355255
20230603_20230615,2023-06-03,2023-06-15,2023-06-09,P014,ORCHARD,Imola,1.0423997486130316,6,0.5724036693572998,0.6212860643863678,0.09257553185044604,0.45740121603012085,0.6385237276554108
20230603_20230615,2023-06-03,2023-06-15,2023-06-09,P015,ORCHARD,Imola,1.7492436176504955,11,0.38982790166681464,0.361981600522995,0.10269674865185373,0.27727198600769043,0.4663698077201843
20230603_20230615,2023-06-03,2023-06-15,2023-06-09,P016,ORCHARD,Imola,1.3561007198771098,9,0.4161874320771959,0.4264339506626129,0.08369773167677995,0.3150433778762817,0.52850182056427
20230603_20230615,2023-06-03,2023-06-15,2023-06-09,P017,ORCHARD,Castel_Bolognese,4.8815691430335795,30,0.4137616723775864,0.39216943085193634,0.17454142788787502,0.19629830420017244,0.6600625514984131
20230603_20230615,2023-06-03,2023-06-15,2023-06-09,P018,ORCHARD,Castel_Bolognese,1.986698681743416,12,0.3587116003036499,0.3648804575204849,0.13003066526952065,0.24132146388292314,0.4660277634859085
20230603_20230615,2023-06-03,2023-06-15,2023-06-09,P019,ORCHARD,Castel_Bolognese,1.3057565462515373,9,0.4371677603986528,0.4270418584346771,0.09088783028822138,0.3354405403137207,0.5429149150848389
20230603_20230615,2023-06-03,2023-06-15,2023-06-09,P020,ORCHARD,Castel_Bolognese,3.9838281908742994,27,0.3495109484151558,0.37535524368286133,0.11028337722488712,0.20186177790164947,0.46679214239120487
20230603_20230615,2023-06-03,2023-06-15,2023-06-09,P021,ORCHARD,Faenza,2.4495404841857016,16,0.23804940469563007,0.24111931771039963,0.09873127256271533,0.10719547420740128,0.37832967936992645
20230603_20230615,2023-06-03,2023-06-15,2023-06-09,P022,ORCHARD,Faenza,2.571818079338909,16,0.4913381114602089,0.5017222166061401,0.06586660124940404,0.41225701570510864,0.5634764432907104
20230603_20230615,2023-06-03,2023-06-15,2023-06-09,P023,ORCHARD,Faenza,1.4711440486604825,11,0.1383384256200357,0.125315323472023,0.07282339382550265,0.057252977043390274,0.2615526020526886
20230603_20230615,2023-06-03,2023-06-15,2023-06-09,P024,ORCHARD,Faenza,1.2599808495088698,8,0.20672522485256195,0.20697733014822006,0.07319667973582929,0.11694187074899673,0.29160372018814085
20230603_20230615,2023-06-03,2023-06-15,2023-06-09,P025,OLIVE,Imola,1.9150729844597532,9,0.1884744879272249,0.19628770649433136,0.059499200569712224,0.09249883145093918,0.2501800775527954
20230603_20230615,2023-06-03,2023-06-15,2023-06-09,P026,OLIVE,Imola,1.1815758805827754,9,0.34506553411483765,0.36543262004852295,0.08087968536800981,0.2504052460193634,0.4500758945941925
20230603_20230615,2023-06-03,2023-06-15,2023-06-09,P027,OLIVE,Imola,4.765880858111484,29,0.44494727562213765,0.45170876383781433,0.12625290497308225,0.28724995851516727,0.6156275868415833
20230603_20230615,2023-06-03,2023-06-15,2023-06-09,P028,OLIVE,Imola,4.328583603126005,30,0.30457598666350044,0.2972351014614105,0.11837016969457237,0.16125558614730837,0.48037078976631165
20230603_20230615,2023-06-03,2023-06-15,2023-06-09,P029,OLIVE,Castel_Bolognese,1.2327611211807428,8,0.4455244056880474,0.46190403401851654,0.14191661220586094,0.28014861345291137,0.6111533164978027
20230603_20230615,2023-06-03,2023-06-15,2023-06-09,P030,OLIVE,Castel_Bolognese,0.8616854169272335,5,0.530108630657196,0.5304996967315674,0.0850459244945658,0.4349849820137024,0.6122949361801148
20230603_20230615,2023-06-03,2023-06-15,2023-06-09,P031,OLIVE,Castel_Bolognese,0.8498648283629534,5,0.24592006504535674,0.2697465121746063,0.06558866940406714,0.16880248188972474,0.3104721188545227
20230603_20230615,2023-06-03,2023-06-15,2023-06-09,P032,OLIVE,Faenza,1.8067331179867738,12,0.5140146091580391,0.5126776397228241,0.04367752595330904,0.4635747313499451,0.5407768249511719
20230603_20230615,2023-06-03,2023-06-15,2023-06-09,P033,OLIVE,Faenza,1.810513599398476,12,0.21898474978903928,0.19064360111951828,0.08129999728268983,0.11816954240202904,0.29398550391197203
20230603_20230615,2023-06-03,2023-06-15,2023-06-09,P034,OLIVE,Faenza,1.8238712197133842,9,0.12716578071316084,0.12403955310583115,0.0873895415701723,0.02683255262672901,0.23130619525909424
20230603_20230615,2023-06-03,2023-06-15,2023-06-09,P035,OLIVE,Faenza,3.297137421456931,23,0.5285298293051512,0.5845596194267273,0.13843196894678558,0.3120874285697937,0.6771037340164184
20230603_20230615,2023-06-03,2023-06-15,2023-06-09,P036,ANNUAL,Imola,1.9843605238570365,11,0.29528168656609277,0.2912052869796753,0.07002678787191727,0.21774694323539734,0.37206733226776123
20230603_20230615,2023-06-03,2023-06-15,2023-06-09,P037,ANNUAL,Imola,1.77998878845148,12,0.38122910633683205,0.4462355673313141,0.12190276503205418,0.19879209399223327,0.500967514514923
20230603_20230615,2023-06-03,2023-06-15,2023-06-09,P038,ANNUAL,Imola,1.6633032750356371,10,0.5078157246112823,0.5298232138156891,0.12401280928598955,0.3871944427490234,0.621934711933136
20230603_20230615,2023-06-03,2023-06-15,2023-06-09,P039,ANNUAL,Imola,3.6919313708525134,24,0.48325231795509654,0.4846733808517456,0.06864258350343631,0.4203041970729828,0.5686278581619263
20230603_20230615,2023-06-03,2023-06-15,2023-06-09,P040,ANNUAL,Castel_Bolognese,1.5247924967245798,10,0.5859767735004425,0.6151072084903717,0.06186848286137505,0.47519627809524534,0.6393864810466766
20230603_20230615,2023-06-03,2023-06-15,2023-06-09,P041,ANNUAL,Castel_Bolognese,1.4654585177199049,9,0.48863792419433594,0.481912761926651,0.08297428930533163,0.3901450753211975,0.5989874601364136
20230603_20230615,2023-06-03,2023-06-15,2023-06-09,P042,ANNUAL,Castel_Bolognese,2.428693267176382,15,0.2657911827166875,0.26214084029197693,0.07187496716257147,0.1768009752035141,0.3654736042022705
20230603_20230615,2023-06-03,2023-06-15,2023-06-09,P043,ANNUAL,Castel_Bolognese,3.5177944746824332,22,0.3842487423257394,0.3298463970422745,0.21654353271689822,0.13587493151426316,0.7227203488349915
20230603_20230615,2023-06-03,2023-06-15,2023-06-09,P044,ANNUAL,Faenza,1.6610601958768552,9,0.82510996527142,0.8299188017845154,0.03238403224769172,0.782025420665741,0.8634771108627319
20230603_20230615,2023-06-03,2023-06-15,2023-06-09,P045,ANNUAL,Faenza,2.5206803329840266,16,0.38035518769174814,0.3937392085790634,0.10564562181379782,0.23567543923854828,0.5127008110284805
20230603_20230615,2023-06-03,2023-06-15,2023-06-09,P046,ANNUAL,Faenza,1.5921051212000719,9,0.44038497739368015,0.40079164505004883,0.10608143626247792,0.3266567409038544,0.5673057556152343
20230603_20230615,2023-06-03,2023-06-15,2023-06-09,P047,ANNUAL,Faenza,2.3432589230863856,14,0.19865330255457334,0.22820717096328735,0.08195272654303344,0.09126459285616875,0.29580803811550144
20230802_20230814,2023-08-02,2023-08-14,2023-08-08,P001,VINEYARD,Imola,1.9130941295244592,11,0.7560075142166831,0.7705146074295044,0.05445035682080418,0.6723889708518982,0.8148470520973206
20230802_20230814,2023-08-02,2023-08-14,2023-08-08,P002,VINEYARD,Imola,2.5911511834798726,16,0.6395075991749763,0.6653630435466766,0.10838290678818104,0.490178719162941,0.7345934212207794
20230802_20230814,2023-08-02,2023-08-14,2023-08-08,P003,VINEYARD,Imola,3.2184014498998685,19,0.5554386659672386,0.5566475987434387,0.12717715537468763,0.40054376125335694,0.6962515234947204
20230802_20230814,2023-08-02,2023-08-14,2023-08-08,P004,VINEYARD,Imola,2.2713803924214653,15,0.8370103359222412,0.8568328022956848,0.0629988545316076,0.7580637454986572,0.9072235226631165
20230802_20230814,2023-08-02,2023-08-14,2023-08-08,P005,VINEYARD,Castel_Bolognese,1.3227825441167154,9,0.46110072400834823,0.44777247309684753,0.11996105032281011,0.3310935914516449,0.5773443579673767
20230802_20230814,2023-08-02,2023-08-14,2023-08-08,P006,VINEYARD,Castel_Bolognese,3.283078601794735,19,0.3453945046976993,0.3508879840373993,0.11913802898324033,0.19144808650016784,0.48827762007713316
20230802_20230814,2023-08-02,2023-08-14,2023-08-08,P007,VINEYARD,Castel_Bolognese,1.6341771995019418,9,0.7039227022065057,0.7160922288894653,0.08477827204470136,0.6128023386001586,0.7815946340560913
20230802_20230814,2023-08-02,2023-08-14,2023-08-08,P008,VINEYARD,Castel_Bolognese,3.1378819555604034,20,0.6108163833618164,0.5930565595626831,0.10820900323663771,0.48329130113124846,0.7580897450447083
20230802_20230814,2023-08-02,2023-08-14,2023-08-08,P009,VINEYARD,Faenza,1.127335037414474,7,0.5680871307849884,0.5725939869880676,0.04566422274227196,0.5121332049369812,0.6113696813583375
20230802_20230814,2023-08-02,2023-08-14,2023-08-08,P010,VINEYARD,Faenza,3.0861339275106148,20,0.7343015432357788,0.7340480089187622,0.033782016550932735,0.6924838900566102,0.7717853248119355
20230802_20230814,2023-08-02,2023-08-14,2023-08-08,P011,VINEYARD,Faenza,2.2900730299202556,12,0.6801933745543162,0.6871524155139923,0.06323554077247415,0.5871114194393158,0.7544986844062805
20230802_20230814,2023-08-02,2023-08-14,2023-08-08,P012,VINEYARD,Faenza,1.6479114213760804,11,0.6230857372283936,0.620444655418396,0.047245800865295104,0.591361403465271,0.6667481660842896
20230802_20230814,2023-08-02,2023-08-14,2023-08-08,P013,ORCHARD,Imola,1.1212221068519543,8,0.8042076602578163,0.8438549339771271,0.08677337423773618,0.6831814527511597,0.8829160809516907
20230802_20230814,2023-08-02,2023-08-14,2023-08-08,P014,ORCHARD,Imola,1.0423997486130316,6,0.8892981211344401,0.9111382961273193,0.03883247406211163,0.835121750831604,0.921634316444397
20230802_20230814,2023-08-02,2023-08-14,2023-08-08,P015,ORCHARD,Imola,1.7492436176504955,11,0.7615248615091498,0.7695626020431519,0.05845160377737544,0.694139838218689,0.8369030356407166
20230802_20230814,2023-08-02,2023-08-14,2023-08-08,P016,ORCHARD,Imola,1.3561007198771098,9,0.6131167676713731,0.5790429711341858,0.05456307802353001,0.5742970943450928,0.6676920056343079
20230802_20230814,2023-08-02,2023-08-14,2023-08-08,P017,ORCHARD,Castel_Bolognese,4.8815691430335795,30,0.747281081477801,0.77476966381073,0.09253129706565853,0.5978671193122864,0.8277724087238312
20230802_20230814,2023-08-02,2023-08-14,2023-08-08,P018,ORCHARD,Castel_Bolognese,1.986698681743416,12,0.4786369303862254,0.4698322266340256,0.10795113499604343,0.36833045780658724,0.6365108132362366
20230802_20230814,2023-08-02,2023-08-14,2023-08-08,P019,ORCHARD,Castel_Bolognese,1.3057565462515373,9,0.6767844756444296,0.6891488432884216,0.03976404918802538,0.6394733309745788,0.7161885142326355
20230802_20230814,2023-08-02,2023-08-14,2023-08-08,P020,ORCHARD,Castel_Bolognese,3.9838281908742994,27,0.5504326025644938,0.5239936709403992,0.13489653176216726,0.3715629458427429,0.7198367238044738
20230802_20230814,2023-08-02,2023-08-14,2023-08-08,P021,ORCHARD,Faenza,2.4495404841857016,16,0.7358432076871395,0.7448374032974243,0.04985992655673377,0.6669282019138336,0.792405366897583
20230802_20230814,2023-08-02,2023-08-14,2023-08-08,P022,ORCHARD,Faenza,2.571818079338909,16,0.7368035186082125,0.7692153453826904,0.13513489311221036,0.6204385459423065,0.8774664998054504
20230802_20230814,2023-08-02,2023-08-14,2023-08-08,P023,ORCHARD,Faenza,1.4711440486604825,11,0.7625331878662109,0.7369421124458313,0.06358122179148105,0.6983097195625305,0.8280787467956543
20230802_20230814,2023-08-02,2023-08-14,2023-08-08,P024,ORCHARD,Faenza,1.2599808495088698,8,0.7582920342683792,0.7601546049118042,0.030517939790173556,0.7231746315956116,0.7885059177875519
20230802_20230814,2023-08-02,2023-08-14,2023-08-08,P025,OLIVE,Imola,1.9150729844597532,9,0.7810273236698575,0.7866345643997192,0.03141042454482128,0.7335281491279602,0.807630968093872
20230802_20230814,2023-08-02,2023-08-14,2023-08-08,P026,OLIVE,Imola,1.1815758805827754,9,0.7406569851769341,0.7487348318099976,0.05828043736574568,0.6620064496994018,0.8008821129798889
20230802_20230814,2023-08-02,2023-08-14,2023-08-08,P027,OLIVE,Imola,4.765880858111484,29,0.7429472824622845,0.7364409565925598,0.06672406232064587,0.6683087229728699,0.8379148125648499
20230802_20230814,2023-08-02,2023-08-14,2023-08-08,P028,OLIVE,Imola,4.328583603126005,30,0.8200118064880371,0.8436161577701569,0.09411336141043115,0.6701655149459839,0.9138250350952148
20230802_20230814,2023-08-02,2023-08-14,2023-08-08,P029,OLIVE,Castel_Bolognese,1.2327611211807428,8,0.8212247937917709,0.8361456096172333,0.0467072270933563,0.7644115924835205,0.8641704976558685
20230802_20230814,2023-08-02,2023-08-14,2023-08-08,P030,OLIVE,Castel_Bolognese,0.8616854169272335,5,0.7304982423782349,0.7179685235023499,0.04195145469375619,0.6870794653892517,0.7807504892349243
20230802_20230814,2023-08-02,2023-08-14,2023-08-08,P031,OLIVE,Castel_Bolognese,0.8498648283629534,5,0.5837634444236756,0.5706645846366882,0.10987381660419396,0.46072986125946047,0.7103686809539795
20230802_20230814,2023-08-02,2023-08-14,2023-08-08,P032,OLIVE,Faenza,1.8067331179867738,12,0.7436913450558981,0.7664569914340973,0.13033876024051147,0.5297746181488038,0.8814686357975006
20230802_20230814,2023-08-02,2023-08-14,2023-08-08,P033,OLIVE,Faenza,1.810513599398476,12,0.7664980640014013,0.7703746557235718,0.042979310909708926,0.7061836004257203,0.811103618144989
20230802_20230814,2023-08-02,2023-08-14,2023-08-08,P034,OLIVE,Faenza,1.8238712197133842,9,0.6181792550616794,0.6122053265571594,0.0375005740341701,0.5803415536880493,0.6627410769462585
20230802_20230814,2023-08-02,2023-08-14,2023-08-08,P035,OLIVE,Faenza,3.297137421456931,23,0.8393773229225822,0.8523022532463074,0.05551701812305156,0.7695325970649719,0.8898776292800903
20230802_20230814,2023-08-02,2023-08-14,2023-08-08,P036,ANNUAL,Imola,1.9843605238570365,11,0.876181038943204,0.8820107579231262,0.029043437779181787,0.8408982753753662,0.9068424105644226
20230802_20230814,2023-08-02,2023-08-14,2023-08-08,P037,ANNUAL,Imola,1.77998878845148,12,0.8558167964220047,0.8521308600902557,0.025640103284029957,0.8386349201202392,0.8880338132381439
20230802_20230814,2023-08-02,2023-08-14,2023-08-08,P038,ANNUAL,Imola,1.6633032750356371,10,0.8371532201766968,0.8451087176799774,0.061495039284247176,0.758767056465149,0.9137825071811676
20230802_20230814,2023-08-02,2023-08-14,2023-08-08,P039,ANNUAL,Imola,3.6919313708525134,24,0.7802943562467893,0.7850658893585205,0.08238515650973399,0.6663713932037354,0.8715843498706818
20230802_20230814,2023-08-02,2023-08-14,2023-08-08,P040,ANNUAL,Castel_Bolognese,1.5247924967245798,10,0.7546421706676483,0.766261100769043,0.055305331961535385,0.6835288047790528,0.7975159585475922
20230802_20230814,2023-08-02,2023-08-14,2023-08-08,P041,ANNUAL,Castel_Bolognese,1.4654585177199049,9,0.39972852998309666,0.3904685378074646,0.0943206930504331,0.29770455360412595,0.5021236300468445
20230802_20230814,2023-08-02,2023-08-14,2023-08-08,P042,ANNUAL,Castel_Bolognese,2.428693267176382,15,0.24420404558380446,0.24189361929893494,0.11850873171672759,0.0954916775226593,0.35974348783493043
20230802_20230814,2023-08-02,2023-08-14,2023-08-08,P043,ANNUAL,Castel_Bolognese,3.5177944746824332,22,0.886367835781791,0.8966824114322662,0.03920559805592133,0.8469497501850128,0.9262351870536805
20230802_20230814,2023-08-02,2023-08-14,2023-08-08,P044,ANNUAL,Faenza,1.6610601958768552,9,0.5281411243809594,0.49282482266426086,0.1094466988464764,0.42668598890304565,0.6625420331954956
20230802_20230814,2023-08-02,2023-08-14,2023-08-08,P045,ANNUAL,Faenza,2.5206803329840266,16,0.27409642189741135,0.26059358566999435,0.13527554327559013,0.1385379061102867,0.3893849551677704
20230802_20230814,2023-08-02,2023-08-14,2023-08-08,P046,ANNUAL,Faenza,1.5921051212000719,9,0.7428157660696242,0.7074862718582153,0.0762608264679292,0.6692494988441468,0.865592360496521
20230802_20230814,2023-08-02,2023-08-14,2023-08-08,P047,ANNUAL,Faenza,2.3432589230863856,14,0.3840377171124731,0.40171070396900177,0.11104786134036364,0.24863344728946685,0.5091834515333176
20231001_20231013,2023-10-01,2023-10-13,2023-10-07,P001,VINEYARD,Imola,1.9130941295244592,11,0.8689293156970631,0.8805768489837646,0.040883246304631346,0.8570478558540344,0.8962372541427612
20231001_20231013,2023-10-01,2023-10-13,2023-10-07,P002,VINEYARD,Imola,2.5911511834798726,16,0.8742408975958824,0.8953154981136322,0.0593731437912182,0.7873309850692749,0.9275829195976257
20231001_20231013,2023-10-01,2023-10-13,2023-10-07,P003,VINEYARD,Imola,3.2184014498998685,19,0.9127416014671326,0.9246126413345337,0.02624137620061338,0.8727350234985352,0.9373794436454773
20231001_20231013,2023-10-01,2023-10-13,2023-10-07,P004,VINEYARD,Imola,2.2713803924214653,15,0.9028620243072509,0.917740523815155,0.05905037624013841,0.8203444361686707,0.9622549414634705
20231001_20231013,2023-10-01,2023-10-13,2023-10-07,P005,VINEYARD,Castel_Bolognese,1.3227825441167154,9,0.9121369984414842,0.9229496717453003,0.03548385431995839,0.8795785546302796,0.9397298932075501
20231001_20231013,2023-10-01,2023-10-13,2023-10-07,P006,VINEYARD,Castel_Bolognese,3.283078601794735,19,0.8047877173674735,0.8042032122612,0.08025010072804045,0.7044741868972778,0.9056435823440552
20231001_20231013,2023-10-01,2023-10-13,2023-10-07,P007,VINEYARD,Castel_Bolognese,1.6341771995019418,9,0.7419900099436442,0.7381531596183777,0.1173185342138923,0.6003513336181641,0.8825387597084046
20231001_20231013,2023-10-01,2023-10-13,2023-10-07,P008,VINEYARD,Castel_Bolognese,3.1378819555604034,20,0.6043835446238518,0.6078378260135651,0.11707722978001744,0.47023155689239504,0.7811866760253906
20231001_20231013,2023-10-01,2023-10-13,2023-10-07,P009,VINEYARD,Faenza,1.127335037414474,7,0.9258940305028643,0.9185740351676941,0.016554328310463294,0.9078103423118591,0.9460920214653015
20231001_20231013,2023-10-01,2023-10-13,2023-10-07,P010,VINEYARD,Faenza,3.0861339275106148,20,0.9357084274291992,0.9393317103385925,0.013813659278811568,0.9169645547866822,0.9495597660541535
20231001_20231013,2023-10-01,2023-10-13,2023-10-07,P011,VINEYARD,Faenza,2.2900730299202556,12,0.8407240758339564,0.8350426852703094,0.0291137167972728,0.8090088605880738,0.8733908951282501
20231001_20231013,2023-10-01,2023-10-13,2023-10-07,P012,VINEYARD,Faenza,1.6479114213760804,11,0.7099698240106757,0.6966267824172974,0.07931682322959044,0.648585319519043,0.8109896183013916
20231001_20231013,2023-10-01,2023-10-13,2023-10-07,P013,ORCHARD,Imola,1.1212221068519543,8,0.8805183991789818,0.8868594765663147,0.021062446392842524,0.8466433465480805,0.9007582008838654
20231001_20231013,2023-10-01,2023-10-13,2023-10-07,P014,ORCHARD,Imola,1.0423997486130316,6,0.9348074098428091,0.9350920915603638,0.0039376072982338535,0.9310458898544312,0.9382842481136322
20231001_20231013,2023-10-01,2023-10-13,2023-10-07,P015,ORCHARD,Imola,1.7492436176504955,11,0.9453442746942694,0.9495224356651306,0.018113756783354557,0.9097163677215576,0.9612725973129272
20231001_20231013,2023-10-01,2023-10-13,2023-10-07,P016,ORCHARD,Imola,1.3561007198771098,9,0.7316023111343384,0.7291285395622253,0.06408454230342776,0.6590713739395142,0.7978920817375184
20231001_20231013,2023-10-01,2023-10-13,2023-10-07,P017,ORCHARD,Castel_Bolognese,4.8815691430335795,30,0.8920316318670909,0.896778404712677,0.04793695691681138,0.8226377725601196,0.9478862762451172
20231001_20231013,2023-10-01,2023-10-13,2023-10-07,P018,ORCHARD,Castel_Bolognese,1.986698681743416,12,0.7537628263235092,0.7796984612941742,0.062366440779303936,0.6544956624507904,0.8035382330417633
20231001_20231013,2023-10-01,2023-10-13,2023-10-07,P019,ORCHARD,Castel_Bolognese,1.3057565462515373,9,0.8958381613095602,0.9210856556892395,0.05670370819869671,0.8462809801101685,0.9348264336585999
20231001_20231013,2023-10-01,2023-10-13,2023-10-07,P020,ORCHARD,Castel_Bolognese,3.9838281908742994,27,0.7253714788843084,0.7368599772453308,0.10741840298782639,0.5788721084594727,0.8493822097778321
20231001_20231013,2023-10-01,2023-10-13,2023-10-07,P021,ORCHARD,Faenza,2.4495404841857016,16,0.9652767293155193,0.9701815545558929,0.015737048212607338,0.9384448528289795,0.9805534780025482
20231001_20231013,2023-10-01,2023-10-13,2023-10-07,P022,ORCHARD,Faenza,2.571818079338909,16,0.9062857553362846,0.9128918349742889,0.03056781542011184,0.8807497620582581,0.9327740371227264
20231001_20231013,2023-10-01,2023-10-13,2023-10-07,P023,ORCHARD,Faenza,1.4711440486604825,11,0.7489025376059792,0.7470692992210388,0.04360058731689794,0.6951280236244202,0.8014881014823914
20231001_20231013,2023-10-01,2023-10-13,2023-10-07,P024,ORCHARD,Faenza,1.2599808495088698,8,0.8917775452136993,0.9182999432086945,0.06340938938959957,0.7969272673130036,0.949840122461319
20231001_20231013,2023-10-01,2023-10-13,2023-10-07,P025,OLIVE,Imola,1.9150729844597532,9,0.9505721794234382,0.9413028359413147,0.0252821216380571,0.9197001576423645,0.9789348363876342
20231001_20231013,2023-10-01,2023-10-13,2023-10-07,P026,OLIVE,Imola,1.1815758805827754,9,0.8824502229690552,0.87535560131073,0.02369443344980377,0.8617797374725342,0.9130243301391602
20231001_20231013,2023-10-01,2023-10-13,2023-10-07,P027,OLIVE,Imola,4.765880858111484,29,0.9062219529316343,0.9015432000160217,0.04788433853346485,0.8616353034973144,0.9641075372695923
20231001_20231013,2023-10-01,2023-10-13,2023-10-07,P028,OLIVE,Imola,4.328583603126005,30,0.8886949956417084,0.9005431532859802,0.05407716497987677,0.7950313508510589,0.9498300969600677
20231001_20231013,2023-10-01,2023-10-13,2023-10-07,P029,OLIVE,Castel_Bolognese,1.2327611211807428,8,0.9210331365466118,0.9235854148864746,0.02432958059305662,0.8945824027061462,0.945074063539505
20231001_20231013,2023-10-01,2023-10-13,2023-10-07,P030,OLIVE,Castel_Bolognese,0.8616854169272335,5,0.9330866932868958,0.9393491148948669,0.014667201659762983,0.9159371614456177,0.9449862241744995
20231001_20231013,2023-10-01,2023-10-13,2023-10-07,P031,OLIVE,Castel_Bolognese,0.8498648283629534,5,0.775592052936554,0.7888962626457214,0.02842868032705287,0.7415119290351868,0.7998310208320618
20231001_20231013,2023-10-01,2023-10-13,2023-10-07,P032,OLIVE,Faenza,1.8067331179867738,12,0.8513653626044592,0.8529652059078217,0.05769554986612991,0.7827485561370849,0.9284462928771973
20231001_20231013,2023-10-01,2023-10-13,2023-10-07,P033,OLIVE,Faenza,1.810513599398476,12,0.9408238480488459,0.9477333724498749,0.016291960906166445,0.9199693024158477,0.9550762414932251
20231001_20231013,2023-10-01,2023-10-13,2023-10-07,P034,OLIVE,Faenza,1.8238712197133842,9,0.7874479293823242,0.7890793681144714,0.03011930157790591,0.7630913496017456,0.8183560729026794
20231001_20231013,2023-10-01,2023-10-13,2023-10-07,P035,OLIVE,Faenza,3.297137421456931,23,0.9058053363924441,0.9176333546638489,0.04039978059631846,0.8653800368309021,0.9437520861625671
20231001_20231013,2023-10-01,2023-10-13,2023-10-07,P036,ANNUAL,Imola,1.9843605238570365,11,0.9366607124155218,0.939009428024292,0.024173124989970096,0.9123044610023499,0.9624607563018799
20231001_20231013,2023-10-01,2023-10-13,2023-10-07,P037,ANNUAL,Imola,1.77998878845148,12,0.9044123540321986,0.9061918556690216,0.021145634823367662,0.8778193175792695,0.92811279296875
20231001_20231013,2023-10-01,2023-10-13,2023-10-07,P038,ANNUAL,Imola,1.6633032750356371,10,0.955902373790741,0.9550399780273438,0.005410157911016289,0.9514149844646453,0.9617216646671295
20231001_20231013,2023-10-01,2023-10-13,2023-10-07,P039,ANNUAL,Imola,3.6919313708525134,24,0.9473416358232498,0.9504308998584747,0.02436983551086,0.9250257909297943,0.9765171110630035
20231001_20231013,2023-10-01,2023-10-13,2023-10-07,P040,ANNUAL,Castel_Bolognese,1.5247924967245798,10,0.9244167149066925,0.9351122379302979,0.03495573097312873,0.8848853766918182,0.9547676801681518
20231001_20231013,2023-10-01,2023-10-13,2023-10-07,P041,ANNUAL,Castel_Bolognese,1.4654585177199049,9,0.7996816105312772,0.8217779397964478,0.044058334488977585,0.7414975047111512,0.8385183453559876
20231001_20231013,2023-10-01,2023-10-13,2023-10-07,P042,ANNUAL,Castel_Bolognese,2.428693267176382,15,0.9249783476193746,0.9306975603103638,0.034772889651804785,0.883154034614563,0.9563343286514282
20231001_20231013,2023-10-01,2023-10-13,2023-10-07,P043,ANNUAL,Castel_Bolognese,3.5177944746824332,22,0.9823064018379558,0.9841264188289642,0.010099833974194972,0.9684277296066284,0.9939790666103363
20231001_20231013,2023-10-01,2023-10-13,2023-10-07,P044,ANNUAL,Faenza,1.6610601958768552,9,0.9037322269545661,0.8989050984382629,0.03477177623725196,0.8655338287353516,0.9454274535179138
20231001_20231013,2023-10-01,2023-10-13,2023-10-07,P045,ANNUAL,Faenza,2.5206803329840266,16,0.9475836083292961,0.9687032103538513,0.04255566784443818,0.8753189146518707,0.9896285533905029
20231001_20231013,2023-10-01,2023-10-13,2023-10-07,P046,ANNUAL,Faenza,1.5921051212000719,9,0.9089256789949205,0.9150291681289673,0.023551653114557727,0.8781513929367065,0.9294690370559693
20231001_20231013,2023-10-01,2023-10-13,2023-10-07,P047,ANNUAL,Faenza,2.3432589230863856,14,0.5982042976788112,0.5950744450092316,0.0926665241634973,0.4929170846939087,0.7304746448993683
20231130_20231212,2023-11-30,2023-12-12,2023-12-06,P001,VINEYARD,Imola,1.9130941295244592,11,0.8013240965929899,0.8333398699760437,0.08092974726856549,0.6975510120391846,0.8810560703277588
20231130_20231212,2023-11-30,2023-12-12,2023-12-06,P002,VINEYARD,Imola,2.5911511834798726,16,0.6918929517269135,0.6934657692909241,0.08125337737853248,0.5951844751834869,0.7803587913513184
20231130_20231212,2023-11-30,2023-12-12,2023-12-06,P003,VINEYARD,Imola,3.2184014498998685,19,0.8308971649722049,0.8285744786262512,0.04975101217830252,0.7597020506858826,0.8914577484130859
20231130_20231212,2023-11-30,2023-12-12,2023-12-06,P004,VINEYARD,Imola,2.2713803924214653,15,0.8496339877446493,0.8608295321464539,0.04736470680654918,0.784809923171997,0.9012503266334534
20231130_20231212,2023-11-30,2023-12-12,2023-12-06,P005,VINEYARD,Castel_Bolognese,1.3227825441167154,9,0.758170121245914,0.7570888996124268,0.040971452009349374,0.7096346855163574,0.7999616146087647
20231130_20231212,2023-11-30,2023-12-12,2023-12-06,P006,VINEYARD,Castel_Bolognese,3.283078601794735,19,0.8472564502766258,0.8506151437759399,0.033228804054123304,0.8100957155227662,0.8928199529647827
20231130_20231212,2023-11-30,2023-12-12,2023-12-06,P007,VINEYARD,Castel_Bolognese,1.6341771995019418,9,0.8552169269985623,0.8594084978103638,0.05821623821350749,0.8101093649864197,0.9103132367134095
20231130_20231212,2023-11-30,2023-12-12,2023-12-06,P008,VINEYARD,Castel_Bolognese,3.1378819555604034,20,0.6909353911876679,0.7050657868385315,0.06758089783040785,0.5933553457260132,0.7508310794830323
20231130_20231212,2023-11-30,2023-12-12,2023-12-06,P009,VINEYARD,Faenza,1.127335037414474,7,0.8402709790638515,0.8404639959335327,0.023252338025393324,0.8129851341247558,0.8653435707092285
20231130_20231212,2023-11-30,2023-12-12,2023-12-06,P010,VINEYARD,Faenza,3.0861339275106148,20,0.8630933701992035,0.8712123930454254,0.043527117912433695,0.8014438331127167,0.926921546459198
20231130_20231212,2023-11-30,2023-12-12,2023-12-06,P011,VINEYARD,Faenza,2.2900730299202556,12,0.9469189544518789,0.9437564611434937,0.013200763915146385,0.92962726354599,0.9647176563739777
20231130_20231212,2023-11-30,2023-12-12,2023-12-06,P012,VINEYARD,Faenza,1.6479114213760804,11,0.9433306618170305,0.9497554302215576,0.024335846780422405,0.8995374441146851,0.9667340517044067
20231130_20231212,2023-11-30,2023-12-12,2023-12-06,P013,ORCHARD,Imola,1.1212221068519543,8,0.8814622312784195,0.8848796784877777,0.026546764039529065,0.8468578338623047,0.9058493614196778
20231130_20231212,2023-11-30,2023-12-12,2023-12-06,P014,ORCHARD,Imola,1.0423997486130316,6,0.7771518925825754,0.7652793526649475,0.04363481038056796,0.7345945835113525,0.8315817415714264
20231130_20231212,2023-11-30,2023-12-12,2023-12-06,P015,ORCHARD,Imola,1.7492436176504955,11,0.9096390442414717,0.9074524641036987,0.018548780289222206,0.884020984172821,0.9289283752441406
20231130_20231212,2023-11-30,2023-12-12,2023-12-06,P016,ORCHARD,Imola,1.3561007198771098,9,0.8833879431088766,0.8759760856628418,0.02334074081948662,0.8585351943969727,0.9130434989929199
20231130_20231212,2023-11-30,2023-12-12,2023-12-06,P017,ORCHARD,Castel_Bolognese,4.8815691430335795,30,0.9654000540574391,0.9747236669063568,0.02569321213089138,0.9266185879707336,0.9852770864963531
20231130_20231212,2023-11-30,2023-12-12,2023-12-06,P018,ORCHARD,Castel_Bolognese,1.986698681743416,12,0.5849726597468058,0.5876173079013824,0.1345412251183047,0.416191440820694,0.7529629230499267
20231130_20231212,2023-11-30,2023-12-12,2023-12-06,P019,ORCHARD,Castel_Bolognese,1.3057565462515373,9,0.9590278069178263,0.9598971009254456,0.009186580029190785,0.9490013122558594,0.9679117918014526
20231130_20231212,2023-11-30,2023-12-12,2023-12-06,P020,ORCHARD,Castel_Bolognese,3.9838281908742994,27,0.8951519219963638,0.9207803606987,0.06588594283239628,0.7894175767898559,0.9509347081184387
20231130_20231212,2023-11-30,2023-12-12,2023-12-06,P021,ORCHARD,Faenza,2.4495404841857016,16,0.9309069849550724,0.9281548857688904,0.015659115836272164,0.913646787405014,0.9503363966941833
20231130_20231212,2023-11-30,2023-12-12,2023-12-06,P022,ORCHARD,Faenza,2.571818079338909,16,0.8256452828645706,0.8222683668136597,0.04930317406988855,0.7583695352077484,0.8866202235221863
20231130_20231212,2023-11-30,2023-12-12,2023-12-06,P023,ORCHARD,Faenza,1.4711440486604825,11,0.9378987713293596,0.9350060224533081,0.011451818585952372,0.9250770211219788,0.9524722099304199
20231130_20231212,2023-11-30,2023-12-12,2023-12-06,P024,ORCHARD,Faenza,1.2599808495088698,8,0.9385158270597458,0.9294802248477936,0.020468467672979915,0.9203565359115601,0.9702028393745422
20231130_20231212,2023-11-30,2023-12-12,2023-12-06,P025,OLIVE,Imola,1.9150729844597532,9,0.8324060175153944,0.8401196599006653,0.05873971065404244,0.7555098414421082,0.9056010723114014
20231130_20231212,2023-11-30,2023-12-12,2023-12-06,P026,OLIVE,Imola,1.1815758805827754,9,0.8643766972753737,0.8736316561698914,0.04596453594552609,0.8078141808509827,0.917274558544159
20231130_20231212,2023-11-30,2023-12-12,2023-12-06,P027,OLIVE,Imola,4.765880858111484,29,0.9098709266761253,0.9053868055343628,0.02428197644007846,0.884153401851654,0.9452744007110596
20231130_20231212,2023-11-30,2023-12-12,2023-12-06,P028,OLIVE,Imola,4.328583603126005,30,0.9092034657796224,0.9293967187404633,0.05835568783579128,0.8155369639396668,0.9529020369052887
20231130_20231212,2023-11-30,2023-12-12,2023-12-06,P029,OLIVE,Castel_Bolognese,1.2327611211807428,8,0.8667897060513496,0.8913280963897705,0.065789057732899,0.774523663520813,0.9240504741668701
20231130_20231212,2023-11-30,2023-12-12,2023-12-06,P030,OLIVE,Castel_Bolognese,0.8616854169272335,5,0.6844902873039246,0.6731945276260376,0.06282431675337996,0.6216179609298706,0.7522449731826782
20231130_20231212,2023-11-30,2023-12-12,2023-12-06,P031,OLIVE,Castel_Bolognese,0.8498648283629534,5,0.6616330146789551,0.6165459752082825,0.06870205590480848,0.6151032447814941,0.7431117415428161
20231130_20231212,2023-11-30,2023-12-12,2023-12-06,P032,OLIVE,Faenza,1.8067331179867738,12,0.8671002636353174,0.8729771673679352,0.046372522587203445,0.820439088344574,0.9106891274452209
20231130_20231212,2023-11-30,2023-12-12,2023-12-06,P033,OLIVE,Faenza,1.810513599398476,12,0.8836147785186768,0.8806561827659607,0.030838933017143775,0.8569484770298004,0.9223269939422607
20231130_20231212,2023-11-30,2023-12-12,2023-12-06,P034,OLIVE,Faenza,1.8238712197133842,9,0.7816088265842862,0.7879849076271057,0.02903885574584756,0.7420474529266358,0.808342432975769
20231130_20231212,2023-11-30,2023-12-12,2023-12-06,P035,OLIVE,Faenza,3.297137421456931,23,0.8130538930063662,0.8129567503929138,0.062309089895197504,0.750925886631012,0.8896418452262879
20231130_20231212,2023-11-30,2023-12-12,2023-12-06,P036,ANNUAL,Imola,1.9843605238570365,11,0.9552343216809359,0.9568964838981628,0.019226646430772792,0.9285235404968262,0.9755699038505554
20231130_20231212,2023-11-30,2023-12-12,2023-12-06,P037,ANNUAL,Imola,1.77998878845148,12,0.7142196695009867,0.7260293066501617,0.05201399739897814,0.6727393925189972,0.7723603010177612
20231130_20231212,2023-11-30,2023-12-12,2023-12-06,P038,ANNUAL,Imola,1.6633032750356371,10,0.9567846715450287,0.9583314955234528,0.00812233292092283,0.9474883377552032,0.9673858046531677
20231130_20231212,2023-11-30,2023-12-12,2023-12-06,P039,ANNUAL,Imola,3.6919313708525134,24,0.8922370026508967,0.8865448832511902,0.028478453037954033,0.8582114398479461,0.9324940264225006
20231130_20231212,2023-11-30,2023-12-12,2023-12-06,P040,ANNUAL,Castel_Bolognese,1.5247924967245798,10,0.845946627855301,0.8619709610939026,0.03947713466551098,0.7914807617664337,0.88133544921875
20231130_20231212,2023-11-30,2023-12-12,2023-12-06,P041,ANNUAL,Castel_Bolognese,1.4654585177199049,9,0.874846981631385,0.8836647868156433,0.036924095826872255,0.8238519430160522,0.9170519232749939
20231130_20231212,2023-11-30,2023-12-12,2023-12-06,P042,ANNUAL,Castel_Bolognese,2.428693267176382,15,0.9242565155029296,0.9405367970466614,0.03345578803331234,0.8717662930488587,0.956500518321991
20231130_20231212,2023-11-30,2023-12-12,2023-12-06,P043,ANNUAL,Castel_Bolognese,3.5177944746824332,22,0.9644904190843756,0.9665138125419617,0.01976165825641674,0.9480084717273712,0.9830316722393035
20231130_20231212,2023-11-30,2023-12-12,2023-12-06,P044,ANNUAL,Faenza,1.6610601958768552,9,0.4632369445429908,0.41159388422966003,0.0928213378681216,0.36844024658203123,0.6092371344566345
20231130_20231212,2023-11-30,2023-12-12,2023-12-06,P045,ANNUAL,Faenza,2.5206803329840266,16,0.9450875408947468,0.9575398564338684,0.036068347795724265,0.9026250243186951,0.9782604277133942
20231130_20231212,2023-11-30,2023-12-12,2023-12-06,P046,ANNUAL,Faenza,1.5921051212000719,9,0.8075147138701545,0.8092172145843506,0.030406988527699054,0.7762370586395264,0.8337451100349427
20231130_20231212,2023-11-30,2023-12-12,2023-12-06,P047,ANNUAL,Faenza,2.3432589230863856,14,0.9656656682491302,0.9700851440429688,0.018530761048947127,0.9382751643657684,0.9830280661582946
