scene_source,rtc_item,date,relative_orbit,orbit_state,polarization,source_href,local,crs,resolution_x,resolution_y,nodata,dtype,height,width
S1A_IW_GRDH_1SDV_20230311T051943_20230311T052008_047592_05B725_358B,S1A_IW_GRDH_1SDV_20230311T051943_20230311T052008_047592_05B725_rtc,2023-03-11,95,DESCENDING,VV,https://sentinel1euwestrtc.blob.core.windows.net/sentinel1-grd-rtc/GRD/2023/3/11/IW/DV/S1A_IW_GRDH_1SDV_20230311T051943_20230311T052008_047592_05B725_358B/measurement/iw-vv.rtc.tiff,C:\Projetos\SAR_Optical_Perennial_Crops_Italy\data\processed\sentinel1\rtc\S1A_IW_GRDH_1SDV_20230311T051943_20230311T052008_047592_05B725_rtc\S1A_IW_GRDH_1SDV_20230311T051943_20230311T052008_047592_05B725_rtc_VV_gamma0_rtc.tif,EPSG:32633,10.0,10.0,-32768.0,float32,2408,2919
S1A_IW_GRDH_1SDV_20230311T051943_20230311T052008_047592_05B725_358B,S1A_IW_GRDH_1SDV_20230311T051943_20230311T052008_047592_05B725_rtc,2023-03-11,95,DESCENDING,VH,https://sentinel1euwestrtc.blob.core.windows.net/sentinel1-grd-rtc/GRD/2023/3/11/IW/DV/S1A_IW_GRDH_1SDV_20230311T051943_20230311T052008_047592_05B725_358B/measurement/iw-vh.rtc.tiff,C:\Projetos\SAR_Optical_Perennial_Crops_Italy\data\processed\sentinel1\rtc\S1A_IW_GRDH_1SDV_20230311T051943_20230311T052008_047592_05B725_rtc\S1A_IW_GRDH_1SDV_20230311T051943_20230311T052008_047592_05B725_rtc_VH_gamma0_rtc.tif,EPSG:32633,10.0,10.0,-32768.0,float32,2408,2919
S1A_IW_GRDH_1SDV_20230510T051945_20230510T052010_048467_05D488_5F72,S1A_IW_GRDH_1SDV_20230510T051945_20230510T052010_048467_05D488_rtc,2023-05-10,95,DESCENDING,VV,https://sentinel1euwestrtc.blob.core.windows.net/sentinel1-grd-rtc/GRD/2023/5/10/IW/DV/S1A_IW_GRDH_1SDV_20230510T051945_20230510T052010_048467_05D488_5F72/measurement/iw-vv.rtc.tiff,C:\Projetos\SAR_Optical_Perennial_Crops_Italy\data\processed\sentinel1\rtc\S1A_IW_GRDH_1SDV_20230510T051945_20230510T052010_048467_05D488_rtc\S1A_IW_GRDH_1SDV_20230510T051945_20230510T052010_048467_05D488_rtc_VV_gamma0_rtc.tif,EPSG:32633,10.0,10.0,-32768.0,float32,2408,2919
S1A_IW_GRDH_1SDV_20230510T051945_20230510T052010_048467_05D488_5F72,S1A_IW_GRDH_1SDV_20230510T051945_20230510T052010_048467_05D488_rtc,2023-05-10,95,DESCENDING,VH,https://sentinel1euwestrtc.blob.core.windows.net/sentinel1-grd-rtc/GRD/2023/5/10/IW/DV/S1A_IW_GRDH_1SDV_20230510T051945_20230510T052010_048467_05D488_5F72/measurement/iw-vh.rtc.tiff,C:\Projetos\SAR_Optical_Perennial_Crops_Italy\data\processed\sentinel1\rtc\S1A_IW_GRDH_1SDV_20230510T051945_20230510T052010_048467_05D488_rtc\S1A_IW_GRDH_1SDV_20230510T051945_20230510T052010_048467_05D488_rtc_VH_gamma0_rtc.tif,EPSG:32633,10.0,10.0,-32768.0,float32,2408,2919
S1A_IW_GRDH_1SDV_20230709T051948_20230709T052013_049342_05EEF9_D42E,S1A_IW_GRDH_1SDV_20230709T051948_20230709T052013_049342_05EEF9_rtc,2023-07-09,95,DESCENDING,VV,https://sentinel1euwestrtc.blob.core.windows.net/sentinel1-grd-rtc/GRD/2023/7/9/IW/DV/S1A_IW_GRDH_1SDV_20230709T051948_20230709T052013_049342_05EEF9_75D8/measurement/iw-vv.rtc.tiff,C:\Projetos\SAR_Optical_Perennial_Crops_Italy\data\processed\sentinel1\rtc\S1A_IW_GRDH_1SDV_20230709T051948_20230709T052013_049342_05EEF9_rtc\S1A_IW_GRDH_1SDV_20230709T051948_20230709T052013_049342_05EEF9_rtc_VV_gamma0_rtc.tif,EPSG:32633,10.0,10.0,-32768.0,float32,2408,2919
S1A_IW_GRDH_1SDV_20230709T051948_20230709T052013_049342_05EEF9_D42E,S1A_IW_GRDH_1SDV_20230709T051948_20230709T052013_049342_05EEF9_rtc,2023-07-09,95,DESCENDING,VH,https://sentinel1euwestrtc.blob.core.windows.net/sentinel1-grd-rtc/GRD/2023/7/9/IW/DV/S1A_IW_GRDH_1SDV_20230709T051948_20230709T052013_049342_05EEF9_75D8/measurement/iw-vh.rtc.tiff,C:\Projetos\SAR_Optical_Perennial_Crops_Italy\data\processed\sentinel1\rtc\S1A_IW_GRDH_1SDV_20230709T051948_20230709T052013_049342_05EEF9_rtc\S1A_IW_GRDH_1SDV_20230709T051948_20230709T052013_049342_05EEF9_rtc_VH_gamma0_rtc.tif,EPSG:32633,10.0,10.0,-32768.0,float32,2408,2919
S1A_IW_GRDH_1SDV_20230919T051952_20230919T052017_050392_061156_4FE8,S1A_IW_GRDH_1SDV_20230919T051952_20230919T052017_050392_061156_rtc,2023-09-19,95,DESCENDING,VV,https://sentinel1euwestrtc.blob.core.windows.net/sentinel1-grd-rtc/GRD/2023/9/19/IW/DV/S1A_IW_GRDH_1SDV_20230919T051952_20230919T052017_050392_061156_03AB/measurement/iw-vv.rtc.tiff,C:\Projetos\SAR_Optical_Perennial_Crops_Italy\data\processed\sentinel1\rtc\S1A_IW_GRDH_1SDV_20230919T051952_20230919T052017_050392_061156_rtc\S1A_IW_GRDH_1SDV_20230919T051952_20230919T052017_050392_061156_rtc_VV_gamma0_rtc.tif,EPSG:32633,10.0,10.0,-32768.0,float32,2408,2919
S1A_IW_GRDH_1SDV_20230919T051952_20230919T052017_050392_061156_4FE8,S1A_IW_GRDH_1SDV_20230919T051952_20230919T052017_050392_061156_rtc,2023-09-19,95,DESCENDING,VH,https://sentinel1euwestrtc.blob.core.windows.net/sentinel1-grd-rtc/GRD/2023/9/19/IW/DV/S1A_IW_GRDH_1SDV_20230919T051952_20230919T052017_050392_061156_03AB/measurement/iw-vh.rtc.tiff,C:\Projetos\SAR_Optical_Perennial_Crops_Italy\data\processed\sentinel1\rtc\S1A_IW_GRDH_1SDV_20230919T051952_20230919T052017_050392_061156_rtc\S1A_IW_GRDH_1SDV_20230919T051952_20230919T052017_050392_061156_rtc_VH_gamma0_rtc.tif,EPSG:32633,10.0,10.0,-32768.0,float32,2408,2919
S1A_IW_GRDH_1SDV_20231106T051952_20231106T052017_051092_062947_5150,S1A_IW_GRDH_1SDV_20231106T051952_20231106T052017_051092_062947_rtc,2023-11-06,95,DESCENDING,VV,https://sentinel1euwestrtc.blob.core.windows.net/sentinel1-grd-rtc/GRD/2023/11/6/IW/DV/S1A_IW_GRDH_1SDV_20231106T051952_20231106T052017_051092_062947_27C7/measurement/iw-vv.rtc.tiff,C:\Projetos\SAR_Optical_Perennial_Crops_Italy\data\processed\sentinel1\rtc\S1A_IW_GRDH_1SDV_20231106T051952_20231106T052017_051092_062947_rtc\S1A_IW_GRDH_1SDV_20231106T051952_20231106T052017_051092_062947_rtc_VV_gamma0_rtc.tif,EPSG:32633,10.0,10.0,-32768.0,float32,2408,2919
S1A_IW_GRDH_1SDV_20231106T051952_20231106T052017_051092_062947_5150,S1A_IW_GRDH_1SDV_20231106T051952_20231106T052017_051092_062947_rtc,2023-11-06,95,DESCENDING,VH,https://sentinel1euwestrtc.blob.core.windows.net/sentinel1-grd-rtc/GRD/2023/11/6/IW/DV/S1A_IW_GRDH_1SDV_20231106T051952_20231106T052017_051092_062947_27C7/measurement/iw-vh.rtc.tiff,C:\Projetos\SAR_Optical_Perennial_Crops_Italy\data\processed\sentinel1\rtc\S1A_IW_GRDH_1SDV_20231106T051952_20231106T052017_051092_062947_rtc\S1A_IW_GRDH_1SDV_20231106T051952_20231106T052017_051092_062947_rtc_VH_gamma0_rtc.tif,EPSG:32633,10.0,10.0,-32768.0,float32,2408,2919
