status,scene_source,date,rtc_item,polarization,local,crs,resolution_x,resolution_y,height,width,source_href,nodata,dtype
existing,S1A_IW_GRDH_1SDV_20230110T051944_20230110T052009_046717_0599A6_E28E,20230110,S1A_IW_GRDH_1SDV_20230110T051944_20230110T052009_046717_0599A6_rtc,VH,C:\Projetos\SAR_Optical_Perennial_Crops_Italy\data\processed\sentinel1\rtc_2023_full\20230110\S1A_IW_GRDH_1SDV_20230110T051944_20230110T052009_046717_0599A6_rtc_VH_gamma0_rtc.tif,EPSG:32633,10.0,10.0,2408,2919,,,
existing,S1A_IW_GRDH_1SDV_20230110T051944_20230110T052009_046717_0599A6_E28E,20230110,S1A_IW_GRDH_1SDV_20230110T051944_20230110T052009_046717_0599A6_rtc,VV,C:\Projetos\SAR_Optical_Perennial_Crops_Italy\data\processed\sentinel1\rtc_2023_full\20230110\S1A_IW_GRDH_1SDV_20230110T051944_20230110T052009_046717_0599A6_rtc_VV_gamma0_rtc.tif,EPSG:32633,10.0,10.0,2408,2919,,,
existing,S1A_IW_GRDH_1SDV_20230122T051944_20230122T052009_046892_059F8E_F74B,20230122,S1A_IW_GRDH_1SDV_20230122T051944_20230122T052009_046892_059F8E_rtc,VH,C:\Projetos\SAR_Optical_Perennial_Crops_Italy\data\processed\sentinel1\rtc_2023_full\20230122\S1A_IW_GRDH_1SDV_20230122T051944_20230122T052009_046892_059F8E_rtc_VH_gamma0_rtc.tif,EPSG:32633,10.0,10.0,2408,2919,,,
existing,S1A_IW_GRDH_1SDV_20230122T051944_20230122T052009_046892_059F8E_F74B,20230122,S1A_IW_GRDH_1SDV_20230122T051944_20230122T052009_046892_059F8E_rtc,VV,C:\Projetos\SAR_Optical_Perennial_Crops_Italy\data\processed\sentinel1\rtc_2023_full\20230122\S1A_IW_GRDH_1SDV_20230122T051944_20230122T052009_046892_059F8E_rtc_VV_gamma0_rtc.tif,EPSG:32633,10.0,10.0,2408,2919,,,
existing,S1A_IW_GRDH_1SDV_20230203T051944_20230203T052009_047067_05A563_0D3E,20230203,S1A_IW_GRDH_1SDV_20230203T051944_20230203T052009_047067_05A563_rtc,VH,C:\Projetos\SAR_Optical_Perennial_Crops_Italy\data\processed\sentinel1\rtc_2023_full\20230203\S1A_IW_GRDH_1SDV_20230203T051944_20230203T052009_047067_05A563_rtc_VH_gamma0_rtc.tif,EPSG:32633,10.0,10.0,2408,2919,,,
existing,S1A_IW_GRDH_1SDV_20230203T051944_20230203T052009_047067_05A563_0D3E,20230203,S1A_IW_GRDH_1SDV_20230203T051944_20230203T052009_047067_05A563_rtc,VV,C:\Projetos\SAR_Optical_Perennial_Crops_Italy\data\processed\sentinel1\rtc_2023_full\20230203\S1A_IW_GRDH_1SDV_20230203T051944_20230203T052009_047067_05A563_rtc_VV_gamma0_rtc.tif,EPSG:32633,10.0,10.0,2408,2919,,,
existing,S1A_IW_GRDH_1SDV_20230215T051943_20230215T052008_047242_05AB3E_CB06,20230215,S1A_IW_GRDH_1SDV_20230215T051943_20230215T052008_047242_05AB3E_rtc,VH,C:\Projetos\SAR_Optical_Perennial_Crops_Italy\data\processed\sentinel1\rtc_2023_full\20230215\S1A_IW_GRDH_1SDV_20230215T051943_20230215T052008_047242_05AB3E_rtc_VH_gamma0_rtc.tif,EPSG:32633,10.0,10.0,2408,2919,,,
existing,S1A_IW_GRDH_1SDV_20230215T051943_20230215T052008_047242_05AB3E_CB06,20230215,S1A_IW_GRDH_1SDV_20230215T051943_20230215T052008_047242_05AB3E_rtc,VV,C:\Projetos\SAR_Optical_Perennial_Crops_Italy\data\processed\sentinel1\rtc_2023_full\20230215\S1A_IW_GRDH_1SDV_20230215T051943_20230215T052008_047242_05AB3E_rtc_VV_gamma0_rtc.tif,EPSG:32633,10.0,10.0,2408,2919,,,
existing,S1A_IW_GRDH_1SDV_20230227T051943_20230227T052008_047417_05B13B_EE7B,20230227,S1A_IW_GRDH_1SDV_20230227T051943_20230227T052008_047417_05B13B_rtc,VH,C:\Projetos\SAR_Optical_Perennial_Crops_Italy\data\processed\sentinel1\rtc_2023_full\20230227\S1A_IW_GRDH_1SDV_20230227T051943_20230227T052008_047417_05B13B_rtc_VH_gamma0_rtc.tif,EPSG:32633,10.0,10.0,2408,2919,,,
existing,S1A_IW_GRDH_1SDV_20230227T051943_20230227T052008_047417_05B13B_EE7B,20230227,S1A_IW_GRDH_1SDV_20230227T051943_20230227T052008_047417_05B13B_rtc,VV,C:\Projetos\SAR_Optical_Perennial_Crops_Italy\data\processed\sentinel1\rtc_2023_full\20230227\S1A_IW_GRDH_1SDV_20230227T051943_20230227T052008_047417_05B13B_rtc_VV_gamma0_rtc.tif,EPSG:32633,10.0,10.0,2408,2919,,,
existing,S1A_IW_GRDH_1SDV_20230311T051943_20230311T052008_047592_05B725_358B,20230311,S1A_IW_GRDH_1SDV_20230311T051943_20230311T052008_047592_05B725_rtc,VH,C:\Projetos\SAR_Optical_Perennial_Crops_Italy\data\processed\sentinel1\rtc_2023_full\20230311\S1A_IW_GRDH_1SDV_20230311T051943_20230311T052008_047592_05B725_rtc_VH_gamma0_rtc.tif,EPSG:32633,10.0,10.0,2408,2919,,,
existing,S1A_IW_GRDH_1SDV_20230311T051943_20230311T052008_047592_05B725_358B,20230311,S1A_IW_GRDH_1SDV_20230311T051943_20230311T052008_047592_05B725_rtc,VV,C:\Projetos\SAR_Optical_Perennial_Crops_Italy\data\processed\sentinel1\rtc_2023_full\20230311\S1A_IW_GRDH_1SDV_20230311T051943_20230311T052008_047592_05B725_rtc_VV_gamma0_rtc.tif,EPSG:32633,10.0,10.0,2408,2919,,,
existing,S1A_IW_GRDH_1SDV_20230323T051943_20230323T052008_047767_05BD0A_CD20,20230323,S1A_IW_GRDH_1SDV_20230323T051943_20230323T052008_047767_05BD0A_rtc,VH,C:\Projetos\SAR_Optical_Perennial_Crops_Italy\data\processed\sentinel1\rtc_2023_full\20230323\S1A_IW_GRDH_1SDV_20230323T051943_20230323T052008_047767_05BD0A_rtc_VH_gamma0_rtc.tif,EPSG:32633,10.0,10.0,2408,2919,,,
existing,S1A_IW_GRDH_1SDV_20230323T051943_20230323T052008_047767_05BD0A_CD20,20230323,S1A_IW_GRDH_1SDV_20230323T051943_20230323T052008_047767_05BD0A_rtc,VV,C:\Projetos\SAR_Optical_Perennial_Crops_Italy\data\processed\sentinel1\rtc_2023_full\20230323\S1A_IW_GRDH_1SDV_20230323T051943_20230323T052008_047767_05BD0A_rtc_VV_gamma0_rtc.tif,EPSG:32633,10.0,10.0,2408,2919,,,
existing,S1A_IW_GRDH_1SDV_20230404T051943_20230404T052008_047942_05C2F3_319E,20230404,S1A_IW_GRDH_1SDV_20230404T051943_20230404T052008_047942_05C2F3_rtc,VH,C:\Projetos\SAR_Optical_Perennial_Crops_Italy\data\processed\sentinel1\rtc_2023_full\20230404\S1A_IW_GRDH_1SDV_20230404T051943_20230404T052008_047942_05C2F3_rtc_VH_gamma0_rtc.tif,EPSG:32633,10.0,10.0,2408,2919,,,
existing,S1A_IW_GRDH_1SDV_20230404T051943_20230404T052008_047942_05C2F3_319E,20230404,S1A_IW_GRDH_1SDV_20230404T051943_20230404T052008_047942_05C2F3_rtc,VV,C:\Projetos\SAR_Optical_Perennial_Crops_Italy\data\processed\sentinel1\rtc_2023_full\20230404\S1A_IW_GRDH_1SDV_20230404T051943_20230404T052008_047942_05C2F3_rtc_VV_gamma0_rtc.tif,EPSG:32633,10.0,10.0,2408,2919,,,
existing,S1A_IW_GRDH_1SDV_20230416T051944_20230416T052009_048117_05C8DF_91E5,20230416,S1A_IW_GRDH_1SDV_20230416T051944_20230416T052009_048117_05C8DF_rtc,VH,C:\Projetos\SAR_Optical_Perennial_Crops_Italy\data\processed\sentinel1\rtc_2023_full\20230416\S1A_IW_GRDH_1SDV_20230416T051944_20230416T052009_048117_05C8DF_rtc_VH_gamma0_rtc.tif,EPSG:32633,10.0,10.0,2408,2919,,,
existing,S1A_IW_GRDH_1SDV_20230416T051944_20230416T052009_048117_05C8DF_91E5,20230416,S1A_IW_GRDH_1SDV_20230416T051944_20230416T052009_048117_05C8DF_rtc,VV,C:\Projetos\SAR_Optical_Perennial_Crops_Italy\data\processed\sentinel1\rtc_2023_full\20230416\S1A_IW_GRDH_1SDV_20230416T051944_20230416T052009_048117_05C8DF_rtc_VV_gamma0_rtc.tif,EPSG:32633,10.0,10.0,2408,2919,,,
existing,S1A_IW_GRDH_1SDV_20230428T051944_20230428T052009_048292_05CEBB_C2DC,20230428,S1A_IW_GRDH_1SDV_20230428T051944_20230428T052009_048292_05CEBB_rtc,VH,C:\Projetos\SAR_Optical_Perennial_Crops_Italy\data\processed\sentinel1\rtc_2023_full\20230428\S1A_IW_GRDH_1SDV_20230428T051944_20230428T052009_048292_05CEBB_rtc_VH_gamma0_rtc.tif,EPSG:32633,10.0,10.0,2408,2919,,,
existing,S1A_IW_GRDH_1SDV_20230428T051944_20230428T052009_048292_05CEBB_C2DC,20230428,S1A_IW_GRDH_1SDV_20230428T051944_20230428T052009_048292_05CEBB_rtc,VV,C:\Projetos\SAR_Optical_Perennial_Crops_Italy\data\processed\sentinel1\rtc_2023_full\20230428\S1A_IW_GRDH_1SDV_20230428T051944_20230428T052009_048292_05CEBB_rtc_VV_gamma0_rtc.tif,EPSG:32633,10.0,10.0,2408,2919,,,
existing,S1A_IW_GRDH_1SDV_20230510T051945_20230510T052010_048467_05D488_5F72,20230510,S1A_IW_GRDH_1SDV_20230510T051945_20230510T052010_048467_05D488_rtc,VH,C:\Projetos\SAR_Optical_Perennial_Crops_Italy\data\processed\sentinel1\rtc_2023_full\20230510\S1A_IW_GRDH_1SDV_20230510T051945_20230510T052010_048467_05D488_rtc_VH_gamma0_rtc.tif,EPSG:32633,10.0,10.0,2408,2919,,,
existing,S1A_IW_GRDH_1SDV_20230510T051945_20230510T052010_048467_05D488_5F72,20230510,S1A_IW_GRDH_1SDV_20230510T051945_20230510T052010_048467_05D488_rtc,VV,C:\Projetos\SAR_Optical_Perennial_Crops_Italy\data\processed\sentinel1\rtc_2023_full\20230510\S1A_IW_GRDH_1SDV_20230510T051945_20230510T052010_048467_05D488_rtc_VV_gamma0_rtc.tif,EPSG:32633,10.0,10.0,2408,2919,,,
existing,S1A_IW_GRDH_1SDV_20230522T051946_20230522T052011_048642_05D9B6_20B9,20230522,S1A_IW_GRDH_1SDV_20230522T051946_20230522T052011_048642_05D9B6_rtc,VH,C:\Projetos\SAR_Optical_Perennial_Crops_Italy\data\processed\sentinel1\rtc_2023_full\20230522\S1A_IW_GRDH_1SDV_20230522T051946_20230522T052011_048642_05D9B6_rtc_VH_gamma0_rtc.tif,EPSG:32633,10.0,10.0,2408,2919,,,
existing,S1A_IW_GRDH_1SDV_20230522T051946_20230522T052011_048642_05D9B6_20B9,20230522,S1A_IW_GRDH_1SDV_20230522T051946_20230522T052011_048642_05D9B6_rtc,VV,C:\Projetos\SAR_Optical_Perennial_Crops_Italy\data\processed\sentinel1\rtc_2023_full\20230522\S1A_IW_GRDH_1SDV_20230522T051946_20230522T052011_048642_05D9B6_rtc_VV_gamma0_rtc.tif,EPSG:32633,10.0,10.0,2408,2919,,,
existing,S1A_IW_GRDH_1SDV_20230603T051946_20230603T052011_048817_05DEE7_7478,20230603,S1A_IW_GRDH_1SDV_20230603T051946_20230603T052011_048817_05DEE7_rtc,VH,C:\Projetos\SAR_Optical_Perennial_Crops_Italy\data\processed\sentinel1\rtc_2023_full\20230603\S1A_IW_GRDH_1SDV_20230603T051946_20230603T052011_048817_05DEE7_rtc_VH_gamma0_rtc.tif,EPSG:32633,10.0,10.0,2408,2919,,,
existing,S1A_IW_GRDH_1SDV_20230603T051946_20230603T052011_048817_05DEE7_7478,20230603,S1A_IW_GRDH_1SDV_20230603T051946_20230603T052011_048817_05DEE7_rtc,VV,C:\Projetos\SAR_Optical_Perennial_Crops_Italy\data\processed\sentinel1\rtc_2023_full\20230603\S1A_IW_GRDH_1SDV_20230603T051946_20230603T052011_048817_05DEE7_rtc_VV_gamma0_rtc.tif,EPSG:32633,10.0,10.0,2408,2919,,,
existing,S1A_IW_GRDH_1SDV_20230615T051947_20230615T052012_048992_05E43B_2276,20230615,S1A_IW_GRDH_1SDV_20230615T051947_20230615T052012_048992_05E43B_rtc,VH,C:\Projetos\SAR_Optical_Perennial_Crops_Italy\data\processed\sentinel1\rtc_2023_full\20230615\S1A_IW_GRDH_1SDV_20230615T051947_20230615T052012_048992_05E43B_rtc_VH_gamma0_rtc.tif,EPSG:32633,10.0,10.0,2408,2919,,,
existing,S1A_IW_GRDH_1SDV_20230615T051947_20230615T052012_048992_05E43B_2276,20230615,S1A_IW_GRDH_1SDV_20230615T051947_20230615T052012_048992_05E43B_rtc,VV,C:\Projetos\SAR_Optical_Perennial_Crops_Italy\data\processed\sentinel1\rtc_2023_full\20230615\S1A_IW_GRDH_1SDV_20230615T051947_20230615T052012_048992_05E43B_rtc_VV_gamma0_rtc.tif,EPSG:32633,10.0,10.0,2408,2919,,,
existing,S1A_IW_GRDH_1SDV_20230627T051947_20230627T052012_049167_05E991_61B7,20230627,S1A_IW_GRDH_1SDV_20230627T051947_20230627T052012_049167_05E991_rtc,VH,C:\Projetos\SAR_Optical_Perennial_Crops_Italy\data\processed\sentinel1\rtc_2023_full\20230627\S1A_IW_GRDH_1SDV_20230627T051947_20230627T052012_049167_05E991_rtc_VH_gamma0_rtc.tif,EPSG:32633,10.0,10.0,2408,2919,,,
existing,S1A_IW_GRDH_1SDV_20230627T051947_20230627T052012_049167_05E991_61B7,20230627,S1A_IW_GRDH_1SDV_20230627T051947_20230627T052012_049167_05E991_rtc,VV,C:\Projetos\SAR_Optical_Perennial_Crops_Italy\data\processed\sentinel1\rtc_2023_full\20230627\S1A_IW_GRDH_1SDV_20230627T051947_20230627T052012_049167_05E991_rtc_VV_gamma0_rtc.tif,EPSG:32633,10.0,10.0,2408,2919,,,
existing,S1A_IW_GRDH_1SDV_20230709T051948_20230709T052013_049342_05EEF9_D42E,20230709,S1A_IW_GRDH_1SDV_20230709T051948_20230709T052013_049342_05EEF9_rtc,VH,C:\Projetos\SAR_Optical_Perennial_Crops_Italy\data\processed\sentinel1\rtc_2023_full\20230709\S1A_IW_GRDH_1SDV_20230709T051948_20230709T052013_049342_05EEF9_rtc_VH_gamma0_rtc.tif,EPSG:32633,10.0,10.0,2408,2919,,,
existing,S1A_IW_GRDH_1SDV_20230709T051948_20230709T052013_049342_05EEF9_D42E,20230709,S1A_IW_GRDH_1SDV_20230709T051948_20230709T052013_049342_05EEF9_rtc,VV,C:\Projetos\SAR_Optical_Perennial_Crops_Italy\data\processed\sentinel1\rtc_2023_full\20230709\S1A_IW_GRDH_1SDV_20230709T051948_20230709T052013_049342_05EEF9_rtc_VV_gamma0_rtc.tif,EPSG:32633,10.0,10.0,2408,2919,,,
existing,S1A_IW_GRDH_1SDV_20230721T051949_20230721T052014_049517_05F44B_CBA7,20230721,S1A_IW_GRDH_1SDV_20230721T051949_20230721T052014_049517_05F44B_rtc,VH,C:\Projetos\SAR_Optical_Perennial_Crops_Italy\data\processed\sentinel1\rtc_2023_full\20230721\S1A_IW_GRDH_1SDV_20230721T051949_20230721T052014_049517_05F44B_rtc_VH_gamma0_rtc.tif,EPSG:32633,10.0,10.0,2408,2919,,,
existing,S1A_IW_GRDH_1SDV_20230721T051949_20230721T052014_049517_05F44B_CBA7,20230721,S1A_IW_GRDH_1SDV_20230721T051949_20230721T052014_049517_05F44B_rtc,VV,C:\Projetos\SAR_Optical_Perennial_Crops_Italy\data\processed\sentinel1\rtc_2023_full\20230721\S1A_IW_GRDH_1SDV_20230721T051949_20230721T052014_049517_05F44B_rtc_VV_gamma0_rtc.tif,EPSG:32633,10.0,10.0,2408,2919,,,
existing,S1A_IW_GRDH_1SDV_20230802T051949_20230802T052014_049692_05F9B6_3A3D,20230802,S1A_IW_GRDH_1SDV_20230802T051949_20230802T052014_049692_05F9B6_rtc,VH,C:\Projetos\SAR_Optical_Perennial_Crops_Italy\data\processed\sentinel1\rtc_2023_full\20230802\S1A_IW_GRDH_1SDV_20230802T051949_20230802T052014_049692_05F9B6_rtc_VH_gamma0_rtc.tif,EPSG:32633,10.0,10.0,2408,2919,,,
existing,S1A_IW_GRDH_1SDV_20230802T051949_20230802T052014_049692_05F9B6_3A3D,20230802,S1A_IW_GRDH_1SDV_20230802T051949_20230802T052014_049692_05F9B6_rtc,VV,C:\Projetos\SAR_Optical_Perennial_Crops_Italy\data\processed\sentinel1\rtc_2023_full\20230802\S1A_IW_GRDH_1SDV_20230802T051949_20230802T052014_049692_05F9B6_rtc_VV_gamma0_rtc.tif,EPSG:32633,10.0,10.0,2408,2919,,,
existing,S1A_IW_GRDH_1SDV_20230814T051950_20230814T052015_049867_05FF6B_404B,20230814,S1A_IW_GRDH_1SDV_20230814T051950_20230814T052015_049867_05FF6B_rtc,VH,C:\Projetos\SAR_Optical_Perennial_Crops_Italy\data\processed\sentinel1\rtc_2023_full\20230814\S1A_IW_GRDH_1SDV_20230814T051950_20230814T052015_049867_05FF6B_rtc_VH_gamma0_rtc.tif,EPSG:32633,10.0,10.0,2408,2919,,,
existing,S1A_IW_GRDH_1SDV_20230814T051950_20230814T052015_049867_05FF6B_404B,20230814,S1A_IW_GRDH_1SDV_20230814T051950_20230814T052015_049867_05FF6B_rtc,VV,C:\Projetos\SAR_Optical_Perennial_Crops_Italy\data\processed\sentinel1\rtc_2023_full\20230814\S1A_IW_GRDH_1SDV_20230814T051950_20230814T052015_049867_05FF6B_rtc_VV_gamma0_rtc.tif,EPSG:32633,10.0,10.0,2408,2919,,,
existing,S1A_IW_GRDH_1SDV_20230826T051951_20230826T052016_050042_060562_E0D4,20230826,S1A_IW_GRDH_1SDV_20230826T051951_20230826T052016_050042_060562_rtc,VH,C:\Projetos\SAR_Optical_Perennial_Crops_Italy\data\processed\sentinel1\rtc_2023_full\20230826\S1A_IW_GRDH_1SDV_20230826T051951_20230826T052016_050042_060562_rtc_VH_gamma0_rtc.tif,EPSG:32633,10.0,10.0,2408,2919,,,
existing,S1A_IW_GRDH_1SDV_20230826T051951_20230826T052016_050042_060562_E0D4,20230826,S1A_IW_GRDH_1SDV_20230826T051951_20230826T052016_050042_060562_rtc,VV,C:\Projetos\SAR_Optical_Perennial_Crops_Italy\data\processed\sentinel1\rtc_2023_full\20230826\S1A_IW_GRDH_1SDV_20230826T051951_20230826T052016_050042_060562_rtc_VV_gamma0_rtc.tif,EPSG:32633,10.0,10.0,2408,2919,,,
existing,S1A_IW_GRDH_1SDV_20230907T051951_20230907T052016_050217_060B56_A22B,20230907,S1A_IW_GRDH_1SDV_20230907T051951_20230907T052016_050217_060B56_rtc,VH,C:\Projetos\SAR_Optical_Perennial_Crops_Italy\data\processed\sentinel1\rtc_2023_full\20230907\S1A_IW_GRDH_1SDV_20230907T051951_20230907T052016_050217_060B56_rtc_VH_gamma0_rtc.tif,EPSG:32633,10.0,10.0,2408,2919,,,
existing,S1A_IW_GRDH_1SDV_20230907T051951_20230907T052016_050217_060B56_A22B,20230907,S1A_IW_GRDH_1SDV_20230907T051951_20230907T052016_050217_060B56_rtc,VV,C:\Projetos\SAR_Optical_Perennial_Crops_Italy\data\processed\sentinel1\rtc_2023_full\20230907\S1A_IW_GRDH_1SDV_20230907T051951_20230907T052016_050217_060B56_rtc_VV_gamma0_rtc.tif,EPSG:32633,10.0,10.0,2408,2919,,,
existing,S1A_IW_GRDH_1SDV_20230919T051952_20230919T052017_050392_061156_4FE8,20230919,S1A_IW_GRDH_1SDV_20230919T051952_20230919T052017_050392_061156_rtc,VH,C:\Projetos\SAR_Optical_Perennial_Crops_Italy\data\processed\sentinel1\rtc_2023_full\20230919\S1A_IW_GRDH_1SDV_20230919T051952_20230919T052017_050392_061156_rtc_VH_gamma0_rtc.tif,EPSG:32633,10.0,10.0,2408,2919,,,
existing,S1A_IW_GRDH_1SDV_20230919T051952_20230919T052017_050392_061156_4FE8,20230919,S1A_IW_GRDH_1SDV_20230919T051952_20230919T052017_050392_061156_rtc,VV,C:\Projetos\SAR_Optical_Perennial_Crops_Italy\data\processed\sentinel1\rtc_2023_full\20230919\S1A_IW_GRDH_1SDV_20230919T051952_20230919T052017_050392_061156_rtc_VV_gamma0_rtc.tif,EPSG:32633,10.0,10.0,2408,2919,,,
existing,S1A_IW_GRDH_1SDV_20231001T051952_20231001T052017_050567_061751_3878,20231001,S1A_IW_GRDH_1SDV_20231001T051952_20231001T052017_050567_061751_rtc,VH,C:\Projetos\SAR_Optical_Perennial_Crops_Italy\data\processed\sentinel1\rtc_2023_full\20231001\S1A_IW_GRDH_1SDV_20231001T051952_20231001T052017_050567_061751_rtc_VH_gamma0_rtc.tif,EPSG:32633,10.0,10.0,2408,2919,,,
existing,S1A_IW_GRDH_1SDV_20231001T051952_20231001T052017_050567_061751_3878,20231001,S1A_IW_GRDH_1SDV_20231001T051952_20231001T052017_050567_061751_rtc,VV,C:\Projetos\SAR_Optical_Perennial_Crops_Italy\data\processed\sentinel1\rtc_2023_full\20231001\S1A_IW_GRDH_1SDV_20231001T051952_20231001T052017_050567_061751_rtc_VV_gamma0_rtc.tif,EPSG:32633,10.0,10.0,2408,2919,,,
existing,S1A_IW_GRDH_1SDV_20231013T051952_20231013T052017_050742_061D51_754B,20231013,S1A_IW_GRDH_1SDV_20231013T051952_20231013T052017_050742_061D51_rtc,VH,C:\Projetos\SAR_Optical_Perennial_Crops_Italy\data\processed\sentinel1\rtc_2023_full\20231013\S1A_IW_GRDH_1SDV_20231013T051952_20231013T052017_050742_061D51_rtc_VH_gamma0_rtc.tif,EPSG:32633,10.0,10.0,2408,2919,,,
existing,S1A_IW_GRDH_1SDV_20231013T051952_20231013T052017_050742_061D51_754B,20231013,S1A_IW_GRDH_1SDV_20231013T051952_20231013T052017_050742_061D51_rtc,VV,C:\Projetos\SAR_Optical_Perennial_Crops_Italy\data\processed\sentinel1\rtc_2023_full\20231013\S1A_IW_GRDH_1SDV_20231013T051952_20231013T052017_050742_061D51_rtc_VV_gamma0_rtc.tif,EPSG:32633,10.0,10.0,2408,2919,,,
existing,S1A_IW_GRDH_1SDV_20231025T051952_20231025T052017_050917_06234A_1211,20231025,S1A_IW_GRDH_1SDV_20231025T051952_20231025T052017_050917_06234A_rtc,VH,C:\Projetos\SAR_Optical_Perennial_Crops_Italy\data\processed\sentinel1\rtc_2023_full\20231025\S1A_IW_GRDH_1SDV_20231025T051952_20231025T052017_050917_06234A_rtc_VH_gamma0_rtc.tif,EPSG:32633,10.0,10.0,2408,2919,,,
existing,S1A_IW_GRDH_1SDV_20231025T051952_20231025T052017_050917_06234A_1211,20231025,S1A_IW_GRDH_1SDV_20231025T051952_20231025T052017_050917_06234A_rtc,VV,C:\Projetos\SAR_Optical_Perennial_Crops_Italy\data\processed\sentinel1\rtc_2023_full\20231025\S1A_IW_GRDH_1SDV_20231025T051952_20231025T052017_050917_06234A_rtc_VV_gamma0_rtc.tif,EPSG:32633,10.0,10.0,2408,2919,,,
existing,S1A_IW_GRDH_1SDV_20231106T051952_20231106T052017_051092_062947_5150,20231106,S1A_IW_GRDH_1SDV_20231106T051952_20231106T052017_051092_062947_rtc,VH,C:\Projetos\SAR_Optical_Perennial_Crops_Italy\data\processed\sentinel1\rtc_2023_full\20231106\S1A_IW_GRDH_1SDV_20231106T051952_20231106T052017_051092_062947_rtc_VH_gamma0_rtc.tif,EPSG:32633,10.0,10.0,2408,2919,,,
existing,S1A_IW_GRDH_1SDV_20231106T051952_20231106T052017_051092_062947_5150,20231106,S1A_IW_GRDH_1SDV_20231106T051952_20231106T052017_051092_062947_rtc,VV,C:\Projetos\SAR_Optical_Perennial_Crops_Italy\data\processed\sentinel1\rtc_2023_full\20231106\S1A_IW_GRDH_1SDV_20231106T051952_20231106T052017_051092_062947_rtc_VV_gamma0_rtc.tif,EPSG:32633,10.0,10.0,2408,2919,,,
existing,S1A_IW_GRDH_1SDV_20231118T051952_20231118T052017_051267_062F56_B39C,20231118,S1A_IW_GRDH_1SDV_20231118T051952_20231118T052017_051267_062F56_rtc,VH,C:\Projetos\SAR_Optical_Perennial_Crops_Italy\data\processed\sentinel1\rtc_2023_full\20231118\S1A_IW_GRDH_1SDV_20231118T051952_20231118T052017_051267_062F56_rtc_VH_gamma0_rtc.tif,EPSG:32633,10.0,10.0,2408,2919,,,
existing,S1A_IW_GRDH_1SDV_20231118T051952_20231118T052017_051267_062F56_B39C,20231118,S1A_IW_GRDH_1SDV_20231118T051952_20231118T052017_051267_062F56_rtc,VV,C:\Projetos\SAR_Optical_Perennial_Crops_Italy\data\processed\sentinel1\rtc_2023_full\20231118\S1A_IW_GRDH_1SDV_20231118T051952_20231118T052017_051267_062F56_rtc_VV_gamma0_rtc.tif,EPSG:32633,10.0,10.0,2408,2919,,,
downloaded,S1A_IW_GRDH_1SDV_20231130T051951_20231130T052016_051442_063550_8ECE,20231130,S1A_IW_GRDH_1SDV_20231130T051951_20231130T052016_051442_063550_rtc,VH,C:\Projetos\SAR_Optical_Perennial_Crops_Italy\data\processed\sentinel1\rtc_2023_full\20231130\S1A_IW_GRDH_1SDV_20231130T051951_20231130T052016_051442_063550_rtc_VH_gamma0_rtc.tif,EPSG:32633,10.0,10.0,2408,2919,https://sentinel1euwestrtc.blob.core.windows.net/sentinel1-grd-rtc/GRD/2023/11/30/IW/DV/S1A_IW_GRDH_1SDV_20231130T051951_20231130T052016_051442_063550_8120/measurement/iw-vh.rtc.tiff,-32768.0,float32
existing,S1A_IW_GRDH_1SDV_20231130T051951_20231130T052016_051442_063550_8ECE,20231130,S1A_IW_GRDH_1SDV_20231130T051951_20231130T052016_051442_063550_rtc,VV,C:\Projetos\SAR_Optical_Perennial_Crops_Italy\data\processed\sentinel1\rtc_2023_full\20231130\S1A_IW_GRDH_1SDV_20231130T051951_20231130T052016_051442_063550_rtc_VV_gamma0_rtc.tif,EPSG:32633,10.0,10.0,2408,2919,,,
existing,S1A_IW_GRDH_1SDV_20231212T051951_20231212T052016_051617_063B7D_BEFE,20231212,S1A_IW_GRDH_1SDV_20231212T051951_20231212T052016_051617_063B7D_rtc,VH,C:\Projetos\SAR_Optical_Perennial_Crops_Italy\data\processed\sentinel1\rtc_2023_full\20231212\S1A_IW_GRDH_1SDV_20231212T051951_20231212T052016_051617_063B7D_rtc_VH_gamma0_rtc.tif,EPSG:32633,10.0,10.0,2408,2919,,,
existing,S1A_IW_GRDH_1SDV_20231212T051951_20231212T052016_051617_063B7D_BEFE,20231212,S1A_IW_GRDH_1SDV_20231212T051951_20231212T052016_051617_063B7D_rtc,VV,C:\Projetos\SAR_Optical_Perennial_Crops_Italy\data\processed\sentinel1\rtc_2023_full\20231212\S1A_IW_GRDH_1SDV_20231212T051951_20231212T052016_051617_063B7D_rtc_VV_gamma0_rtc.tif,EPSG:32633,10.0,10.0,2408,2919,,,
downloaded,S1A_IW_GRDH_1SDV_20231224T051950_20231224T052015_051792_064185_0ABD,20231224,S1A_IW_GRDH_1SDV_20231224T051950_20231224T052015_051792_064185_rtc,VH,C:\Projetos\SAR_Optical_Perennial_Crops_Italy\data\processed\sentinel1\rtc_2023_full\20231224\S1A_IW_GRDH_1SDV_20231224T051950_20231224T052015_051792_064185_rtc_VH_gamma0_rtc.tif,EPSG:32633,10.0,10.0,2408,2919,https://sentinel1euwestrtc.blob.core.windows.net/sentinel1-grd-rtc/GRD/2023/12/24/IW/DV/S1A_IW_GRDH_1SDV_20231224T051950_20231224T052015_051792_064185_793A/measurement/iw-vh.rtc.tiff,-32768.0,float32
downloaded,S1A_IW_GRDH_1SDV_20231224T051950_20231224T052015_051792_064185_0ABD,20231224,S1A_IW_GRDH_1SDV_20231224T051950_20231224T052015_051792_064185_rtc,VV,C:\Projetos\SAR_Optical_Perennial_Crops_Italy\data\processed\sentinel1\rtc_2023_full\20231224\S1A_IW_GRDH_1SDV_20231224T051950_20231224T052015_051792_064185_rtc_VV_gamma0_rtc.tif,EPSG:32633,10.0,10.0,2408,2919,https://sentinel1euwestrtc.blob.core.windows.net/sentinel1-grd-rtc/GRD/2023/12/24/IW/DV/S1A_IW_GRDH_1SDV_20231224T051950_20231224T052015_051792_064185_793A/measurement/iw-vv.rtc.tiff,-32768.0,float32
