centerLat,centerLon,stopTime,fileID,flightDirection,pathNumber,processingLevel,url,startTime,sceneName,browse,platform,bytes,md5sum,frameNumber,granuleType,orbit,polarization,processingDate,sensor,groupID,pgeVersion,fileName,beamModeType,s3Urls
44.4443,10.0551,2023-01-03T05:28:19Z,S1A_IW_GRDH_1SDV_20230103T052754_20230103T052819_046615_059639_778D-GRD_HD,DESCENDING,168,GRD_HD,https://datapool.asf.alaska.edu/GRD_HD/SA/S1A_IW_GRDH_1SDV_20230103T052754_20230103T052819_046615_059639_778D.zip,2023-01-03 05:27:54+00:00,S1A_IW_GRDH_1SDV_20230103T052754_20230103T052819_046615_059639_778D,['https://datapool.asf.alaska.edu/BROWSE/SA/S1A_IW_GRDH_1SDV_20230103T052754_20230103T052819_046615_059639_778D.jpg'],Sentinel-1A,1011720195,59d83bd9b130074a771814e42b1f6bcf,444,SENTINEL_1A_FRAME,46615,VV+VH,2023-01-03T05:27:54Z,C-SAR,S1A_IWDV_0443_0450_046615_168,003.52,S1A_IW_GRDH_1SDV_20230103T052754_20230103T052819_046615_059639_778D.zip,IW,['s3://asf-ngap2w-p-s1-grd-7d1b4348/S1A_IW_GRDH_1SDV_20230103T052754_20230103T052819_046615_059639_778D.zip']
44.1575,12.0397,2023-01-10T05:20:09Z,S1A_IW_GRDH_1SDV_20230110T051944_20230110T052009_046717_0599A6_E28E-GRD_HD,DESCENDING,95,GRD_HD,https://datapool.asf.alaska.edu/GRD_HD/SA/S1A_IW_GRDH_1SDV_20230110T051944_20230110T052009_046717_0599A6_E28E.zip,2023-01-10 05:19:44+00:00,S1A_IW_GRDH_1SDV_20230110T051944_20230110T052009_046717_0599A6_E28E,['https://datapool.asf.alaska.edu/BROWSE/SA/S1A_IW_GRDH_1SDV_20230110T051944_20230110T052009_046717_0599A6_E28E.jpg'],Sentinel-1A,994617116,ddb593c49d91ea4d2afe0aafcffa4aec,445,SENTINEL_1A_FRAME,46717,VV+VH,2023-01-10T05:19:44Z,C-SAR,S1A_IWDV_0444_0451_046717_095,003.52,S1A_IW_GRDH_1SDV_20230110T051944_20230110T052009_046717_0599A6_E28E.zip,IW,['s3://asf-ngap2w-p-s1-grd-7d1b4348/S1A_IW_GRDH_1SDV_20230110T051944_20230110T052009_046717_0599A6_E28E.zip']
44.8983,11.743,2023-01-11T17:07:18Z,S1A_IW_GRDH_1SDV_20230111T170653_20230111T170718_046739_059A6C_D8C7-GRD_HD,ASCENDING,117,GRD_HD,https://datapool.asf.alaska.edu/GRD_HD/SA/S1A_IW_GRDH_1SDV_20230111T170653_20230111T170718_046739_059A6C_D8C7.zip,2023-01-11 17:06:53+00:00,S1A_IW_GRDH_1SDV_20230111T170653_20230111T170718_046739_059A6C_D8C7,['https://datapool.asf.alaska.edu/BROWSE/SA/S1A_IW_GRDH_1SDV_20230111T170653_20230111T170718_046739_059A6C_D8C7.jpg'],Sentinel-1A,967991530,de43a9a84a23c913ecc2a720720bf9ff,143,SENTINEL_1A_FRAME,46739,VV+VH,2023-01-11T17:06:53Z,C-SAR,S1A_IWDV_0142_0149_046739_117,003.52,S1A_IW_GRDH_1SDV_20230111T170653_20230111T170718_046739_059A6C_D8C7.zip,IW,['s3://asf-ngap2w-p-s1-grd-7d1b4348/S1A_IW_GRDH_1SDV_20230111T170653_20230111T170718_046739_059A6C_D8C7.zip']
44.4443,10.0571,2023-01-15T05:28:18Z,S1A_IW_GRDH_1SDV_20230115T052753_20230115T052818_046790_059C18_1F2E-GRD_HD,DESCENDING,168,GRD_HD,https://datapool.asf.alaska.edu/GRD_HD/SA/S1A_IW_GRDH_1SDV_20230115T052753_20230115T052818_046790_059C18_1F2E.zip,2023-01-15 05:27:53+00:00,S1A_IW_GRDH_1SDV_20230115T052753_20230115T052818_046790_059C18_1F2E,['https://datapool.asf.alaska.edu/BROWSE/SA/S1A_IW_GRDH_1SDV_20230115T052753_20230115T052818_046790_059C18_1F2E.jpg'],Sentinel-1A,996830160,d64c16da4ad07c7aa6e89f1f6588de2c,444,SENTINEL_1A_FRAME,46790,VV+VH,2023-01-15T05:27:53Z,C-SAR,S1A_IWDV_0444_0449_046790_168,003.52,S1A_IW_GRDH_1SDV_20230115T052753_20230115T052818_046790_059C18_1F2E.zip,IW,['s3://asf-ngap2w-p-s1-grd-7d1b4348/S1A_IW_GRDH_1SDV_20230115T052753_20230115T052818_046790_059C18_1F2E.zip']
44.1575,12.0384,2023-01-22T05:20:09Z,S1A_IW_GRDH_1SDV_20230122T051944_20230122T052009_046892_059F8E_F74B-GRD_HD,DESCENDING,95,GRD_HD,https://datapool.asf.alaska.edu/GRD_HD/SA/S1A_IW_GRDH_1SDV_20230122T051944_20230122T052009_046892_059F8E_F74B.zip,2023-01-22 05:19:44+00:00,S1A_IW_GRDH_1SDV_20230122T051944_20230122T052009_046892_059F8E_F74B,['https://datapool.asf.alaska.edu/BROWSE/SA/S1A_IW_GRDH_1SDV_20230122T051944_20230122T052009_046892_059F8E_F74B.jpg'],Sentinel-1A,1003727244,eb5a41328b32685a99e08466e25c728b,445,SENTINEL_1A_FRAME,46892,VV+VH,2023-01-22T05:19:44Z,C-SAR,S1A_IWDV_0444_0451_046892_095,003.52,S1A_IW_GRDH_1SDV_20230122T051944_20230122T052009_046892_059F8E_F74B.zip,IW,['s3://asf-ngap2w-p-s1-grd-7d1b4348/S1A_IW_GRDH_1SDV_20230122T051944_20230122T052009_046892_059F8E_F74B.zip']
44.8983,11.7406,2023-01-23T17:07:18Z,S1A_IW_GRDH_1SDV_20230123T170653_20230123T170718_046914_05A054_737C-GRD_HD,ASCENDING,117,GRD_HD,https://datapool.asf.alaska.edu/GRD_HD/SA/S1A_IW_GRDH_1SDV_20230123T170653_20230123T170718_046914_05A054_737C.zip,2023-01-23 17:06:53+00:00,S1A_IW_GRDH_1SDV_20230123T170653_20230123T170718_046914_05A054_737C,['https://datapool.asf.alaska.edu/BROWSE/SA/S1A_IW_GRDH_1SDV_20230123T170653_20230123T170718_046914_05A054_737C.jpg'],Sentinel-1A,1008715208,6b907a3e6e301c4fcfda075dc2b64660,143,SENTINEL_1A_FRAME,46914,VV+VH,2023-01-23T17:06:53Z,C-SAR,S1A_IWDV_0142_0149_046914_117,003.52,S1A_IW_GRDH_1SDV_20230123T170653_20230123T170718_046914_05A054_737C.zip,IW,['s3://asf-ngap2w-p-s1-grd-7d1b4348/S1A_IW_GRDH_1SDV_20230123T170653_20230123T170718_046914_05A054_737C.zip']
44.4443,10.0547,2023-01-27T05:28:18Z,S1A_IW_GRDH_1SDV_20230127T052753_20230127T052818_046965_05A203_0B72-GRD_HD,DESCENDING,168,GRD_HD,https://datapool.asf.alaska.edu/GRD_HD/SA/S1A_IW_GRDH_1SDV_20230127T052753_20230127T052818_046965_05A203_0B72.zip,2023-01-27 05:27:53+00:00,S1A_IW_GRDH_1SDV_20230127T052753_20230127T052818_046965_05A203_0B72,['https://datapool.asf.alaska.edu/BROWSE/SA/S1A_IW_GRDH_1SDV_20230127T052753_20230127T052818_046965_05A203_0B72.jpg'],Sentinel-1A,992298216,c215ab2778607a337acb4709042f0b65,444,SENTINEL_1A_FRAME,46965,VV+VH,2023-01-27T05:27:53Z,C-SAR,S1A_IWDV_0443_0450_046965_168,003.52,S1A_IW_GRDH_1SDV_20230127T052753_20230127T052818_046965_05A203_0B72.zip,IW,['s3://asf-ngap2w-p-s1-grd-7d1b4348/S1A_IW_GRDH_1SDV_20230127T052753_20230127T052818_046965_05A203_0B72.zip']
44.1575,12.0379,2023-02-03T05:20:09Z,S1A_IW_GRDH_1SDV_20230203T051944_20230203T052009_047067_05A563_0D3E-GRD_HD,DESCENDING,95,GRD_HD,https://datapool.asf.alaska.edu/GRD_HD/SA/S1A_IW_GRDH_1SDV_20230203T051944_20230203T052009_047067_05A563_0D3E.zip,2023-02-03 05:19:44+00:00,S1A_IW_GRDH_1SDV_20230203T051944_20230203T052009_047067_05A563_0D3E,['https://datapool.asf.alaska.edu/BROWSE/SA/S1A_IW_GRDH_1SDV_20230203T051944_20230203T052009_047067_05A563_0D3E.jpg'],Sentinel-1A,964760187,c72a131184ecd3ca845e5ff8419f46e9,445,SENTINEL_1A_FRAME,47067,VV+VH,2023-02-03T05:19:44Z,C-SAR,S1A_IWDV_0444_0451_047067_095,003.52,S1A_IW_GRDH_1SDV_20230203T051944_20230203T052009_047067_05A563_0D3E.zip,IW,['s3://asf-ngap2w-p-s1-grd-7d1b4348/S1A_IW_GRDH_1SDV_20230203T051944_20230203T052009_047067_05A563_0D3E.zip']
44.8984,11.742,2023-02-04T17:07:17Z,S1A_IW_GRDH_1SDV_20230204T170652_20230204T170717_047089_05A629_751D-GRD_HD,ASCENDING,117,GRD_HD,https://datapool.asf.alaska.edu/GRD_HD/SA/S1A_IW_GRDH_1SDV_20230204T170652_20230204T170717_047089_05A629_751D.zip,2023-02-04 17:06:52+00:00,S1A_IW_GRDH_1SDV_20230204T170652_20230204T170717_047089_05A629_751D,['https://datapool.asf.alaska.edu/BROWSE/SA/S1A_IW_GRDH_1SDV_20230204T170652_20230204T170717_047089_05A629_751D.jpg'],Sentinel-1A,968872095,b123781f4b3b70d9ec53b9e285926420,143,SENTINEL_1A_FRAME,47089,VV+VH,2023-02-04T17:06:52Z,C-SAR,S1A_IWDV_0142_0149_047089_117,003.52,S1A_IW_GRDH_1SDV_20230204T170652_20230204T170717_047089_05A629_751D.zip,IW,['s3://asf-ngap2w-p-s1-grd-7d1b4348/S1A_IW_GRDH_1SDV_20230204T170652_20230204T170717_047089_05A629_751D.zip']
44.4442,10.0551,2023-02-08T05:28:17Z,S1A_IW_GRDH_1SDV_20230208T052752_20230208T052817_047140_05A7DD_6D44-GRD_HD,DESCENDING,168,GRD_HD,https://datapool.asf.alaska.edu/GRD_HD/SA/S1A_IW_GRDH_1SDV_20230208T052752_20230208T052817_047140_05A7DD_6D44.zip,2023-02-08 05:27:52+00:00,S1A_IW_GRDH_1SDV_20230208T052752_20230208T052817_047140_05A7DD_6D44,['https://datapool.asf.alaska.edu/BROWSE/SA/S1A_IW_GRDH_1SDV_20230208T052752_20230208T052817_047140_05A7DD_6D44.jpg'],Sentinel-1A,960751614,8b5f39f53811f3ecef675a840d6b943b,444,SENTINEL_1A_FRAME,47140,VV+VH,2023-02-08T05:27:52Z,C-SAR,S1A_IWDV_0444_0449_047140_168,003.52,S1A_IW_GRDH_1SDV_20230208T052752_20230208T052817_047140_05A7DD_6D44.zip,IW,['s3://asf-ngap2w-p-s1-grd-7d1b4348/S1A_IW_GRDH_1SDV_20230208T052752_20230208T052817_047140_05A7DD_6D44.zip']
44.1573,12.0403,2023-02-15T05:20:08Z,S1A_IW_GRDH_1SDV_20230215T051943_20230215T052008_047242_05AB3E_CB06-GRD_HD,DESCENDING,95,GRD_HD,https://datapool.asf.alaska.edu/GRD_HD/SA/S1A_IW_GRDH_1SDV_20230215T051943_20230215T052008_047242_05AB3E_CB06.zip,2023-02-15 05:19:43+00:00,S1A_IW_GRDH_1SDV_20230215T051943_20230215T052008_047242_05AB3E_CB06,['https://datapool.asf.alaska.edu/BROWSE/SA/S1A_IW_GRDH_1SDV_20230215T051943_20230215T052008_047242_05AB3E_CB06.jpg'],Sentinel-1A,950798717,51628b96fa5356904c2abb83ed74ac19,445,SENTINEL_1A_FRAME,47242,VV+VH,2023-02-15T05:19:43Z,C-SAR,S1A_IWDV_0444_0451_047242_095,003.52,S1A_IW_GRDH_1SDV_20230215T051943_20230215T052008_047242_05AB3E_CB06.zip,IW,['s3://asf-ngap2w-p-s1-grd-7d1b4348/S1A_IW_GRDH_1SDV_20230215T051943_20230215T052008_047242_05AB3E_CB06.zip']
44.8982,11.7425,2023-02-16T17:07:17Z,S1A_IW_GRDH_1SDV_20230216T170652_20230216T170717_047264_05AC0C_A42B-GRD_HD,ASCENDING,117,GRD_HD,https://datapool.asf.alaska.edu/GRD_HD/SA/S1A_IW_GRDH_1SDV_20230216T170652_20230216T170717_047264_05AC0C_A42B.zip,2023-02-16 17:06:52+00:00,S1A_IW_GRDH_1SDV_20230216T170652_20230216T170717_047264_05AC0C_A42B,['https://datapool.asf.alaska.edu/BROWSE/SA/S1A_IW_GRDH_1SDV_20230216T170652_20230216T170717_047264_05AC0C_A42B.jpg'],Sentinel-1A,936972588,9c1c6a94280796a3fb87cdbaece92b39,143,SENTINEL_1A_FRAME,47264,VV+VH,2023-02-16T17:06:52Z,C-SAR,S1A_IWDV_0142_0149_047264_117,003.52,S1A_IW_GRDH_1SDV_20230216T170652_20230216T170717_047264_05AC0C_A42B.zip,IW,['s3://asf-ngap2w-p-s1-grd-7d1b4348/S1A_IW_GRDH_1SDV_20230216T170652_20230216T170717_047264_05AC0C_A42B.zip']
44.4442,10.0544,2023-02-20T05:28:17Z,S1A_IW_GRDH_1SDV_20230220T052752_20230220T052817_047315_05ADC6_7CA8-GRD_HD,DESCENDING,168,GRD_HD,https://datapool.asf.alaska.edu/GRD_HD/SA/S1A_IW_GRDH_1SDV_20230220T052752_20230220T052817_047315_05ADC6_7CA8.zip,2023-02-20 05:27:52+00:00,S1A_IW_GRDH_1SDV_20230220T052752_20230220T052817_047315_05ADC6_7CA8,['https://datapool.asf.alaska.edu/BROWSE/SA/S1A_IW_GRDH_1SDV_20230220T052752_20230220T052817_047315_05ADC6_7CA8.jpg'],Sentinel-1A,962684757,586a4c35d0c12187e78945ee7a21b73e,444,SENTINEL_1A_FRAME,47315,VV+VH,2023-02-20T05:27:52Z,C-SAR,S1A_IWDV_0444_0450_047315_168,003.52,S1A_IW_GRDH_1SDV_20230220T052752_20230220T052817_047315_05ADC6_7CA8.zip,IW,['s3://asf-ngap2w-p-s1-grd-7d1b4348/S1A_IW_GRDH_1SDV_20230220T052752_20230220T052817_047315_05ADC6_7CA8.zip']
44.1574,12.0388,2023-02-27T05:20:08Z,S1A_IW_GRDH_1SDV_20230227T051943_20230227T052008_047417_05B13B_EE7B-GRD_HD,DESCENDING,95,GRD_HD,https://datapool.asf.alaska.edu/GRD_HD/SA/S1A_IW_GRDH_1SDV_20230227T051943_20230227T052008_047417_05B13B_EE7B.zip,2023-02-27 05:19:43+00:00,S1A_IW_GRDH_1SDV_20230227T051943_20230227T052008_047417_05B13B_EE7B,['https://datapool.asf.alaska.edu/BROWSE/SA/S1A_IW_GRDH_1SDV_20230227T051943_20230227T052008_047417_05B13B_EE7B.jpg'],Sentinel-1A,998277360,3b8406f22c94c2bec0dcf4a1f5bd9db2,445,SENTINEL_1A_FRAME,47417,VV+VH,2023-02-27T05:19:43Z,C-SAR,S1A_IWDV_0444_0451_047417_095,003.52,S1A_IW_GRDH_1SDV_20230227T051943_20230227T052008_047417_05B13B_EE7B.zip,IW,['s3://asf-ngap2w-p-s1-grd-7d1b4348/S1A_IW_GRDH_1SDV_20230227T051943_20230227T052008_047417_05B13B_EE7B.zip']
44.8983,11.7404,2023-02-28T17:07:17Z,S1A_IW_GRDH_1SDV_20230228T170652_20230228T170717_047439_05B200_E107-GRD_HD,ASCENDING,117,GRD_HD,https://datapool.asf.alaska.edu/GRD_HD/SA/S1A_IW_GRDH_1SDV_20230228T170652_20230228T170717_047439_05B200_E107.zip,2023-02-28 17:06:52+00:00,S1A_IW_GRDH_1SDV_20230228T170652_20230228T170717_047439_05B200_E107,['https://datapool.asf.alaska.edu/BROWSE/SA/S1A_IW_GRDH_1SDV_20230228T170652_20230228T170717_047439_05B200_E107.jpg'],Sentinel-1A,955101262,636f8bea983deeede641116d343cebee,143,SENTINEL_1A_FRAME,47439,VV+VH,2023-02-28T17:06:52Z,C-SAR,S1A_IWDV_0142_0149_047439_117,003.52,S1A_IW_GRDH_1SDV_20230228T170652_20230228T170717_047439_05B200_E107.zip,IW,['s3://asf-ngap2w-p-s1-grd-7d1b4348/S1A_IW_GRDH_1SDV_20230228T170652_20230228T170717_047439_05B200_E107.zip']
44.4441,10.0528,2023-03-04T05:28:17Z,S1A_IW_GRDH_1SDV_20230304T052752_20230304T052817_047490_05B3B1_FF42-GRD_HD,DESCENDING,168,GRD_HD,https://datapool.asf.alaska.edu/GRD_HD/SA/S1A_IW_GRDH_1SDV_20230304T052752_20230304T052817_047490_05B3B1_FF42.zip,2023-03-04 05:27:52+00:00,S1A_IW_GRDH_1SDV_20230304T052752_20230304T052817_047490_05B3B1_FF42,['https://datapool.asf.alaska.edu/BROWSE/SA/S1A_IW_GRDH_1SDV_20230304T052752_20230304T052817_047490_05B3B1_FF42.jpg'],Sentinel-1A,985684043,e0587f163918ccb3798e6240573ad69e,444,SENTINEL_1A_FRAME,47490,VV+VH,2023-03-04T05:27:52Z,C-SAR,S1A_IWDV_0443_0450_047490_168,003.52,S1A_IW_GRDH_1SDV_20230304T052752_20230304T052817_047490_05B3B1_FF42.zip,IW,['s3://asf-ngap2w-p-s1-grd-7d1b4348/S1A_IW_GRDH_1SDV_20230304T052752_20230304T052817_047490_05B3B1_FF42.zip']
44.1573,12.0384,2023-03-11T05:20:08Z,S1A_IW_GRDH_1SDV_20230311T051943_20230311T052008_047592_05B725_358B-GRD_HD,DESCENDING,95,GRD_HD,https://datapool.asf.alaska.edu/GRD_HD/SA/S1A_IW_GRDH_1SDV_20230311T051943_20230311T052008_047592_05B725_358B.zip,2023-03-11 05:19:43+00:00,S1A_IW_GRDH_1SDV_20230311T051943_20230311T052008_047592_05B725_358B,['https://datapool.asf.alaska.edu/BROWSE/SA/S1A_IW_GRDH_1SDV_20230311T051943_20230311T052008_047592_05B725_358B.jpg'],Sentinel-1A,969561427,6e631cf38cd85a2aac035244365b5cd5,445,SENTINEL_1A_FRAME,47592,VV+VH,2023-03-11T05:19:43Z,C-SAR,S1A_IWDV_0444_0451_047592_095,003.52,S1A_IW_GRDH_1SDV_20230311T051943_20230311T052008_047592_05B725_358B.zip,IW,['s3://asf-ngap2w-p-s1-grd-7d1b4348/S1A_IW_GRDH_1SDV_20230311T051943_20230311T052008_047592_05B725_358B.zip']
44.8983,11.7409,2023-03-12T17:07:17Z,S1A_IW_GRDH_1SDV_20230312T170652_20230312T170717_047614_05B7EA_27A5-GRD_HD,ASCENDING,117,GRD_HD,https://datapool.asf.alaska.edu/GRD_HD/SA/S1A_IW_GRDH_1SDV_20230312T170652_20230312T170717_047614_05B7EA_27A5.zip,2023-03-12 17:06:52+00:00,S1A_IW_GRDH_1SDV_20230312T170652_20230312T170717_047614_05B7EA_27A5,['https://datapool.asf.alaska.edu/BROWSE/SA/S1A_IW_GRDH_1SDV_20230312T170652_20230312T170717_047614_05B7EA_27A5.jpg'],Sentinel-1A,948718343,44f87c4405f218c9058e6e036fd7c16b,143,SENTINEL_1A_FRAME,47614,VV+VH,2023-03-12T17:06:52Z,C-SAR,S1A_IWDV_0142_0149_047614_117,003.52,S1A_IW_GRDH_1SDV_20230312T170652_20230312T170717_047614_05B7EA_27A5.zip,IW,['s3://asf-ngap2w-p-s1-grd-7d1b4348/S1A_IW_GRDH_1SDV_20230312T170652_20230312T170717_047614_05B7EA_27A5.zip']
44.4441,10.0575,2023-03-16T05:28:16Z,S1A_IW_GRDH_1SDV_20230316T052751_20230316T052816_047665_05B99A_70DB-GRD_HD,DESCENDING,168,GRD_HD,https://datapool.asf.alaska.edu/GRD_HD/SA/S1A_IW_GRDH_1SDV_20230316T052751_20230316T052816_047665_05B99A_70DB.zip,2023-03-16 05:27:51+00:00,S1A_IW_GRDH_1SDV_20230316T052751_20230316T052816_047665_05B99A_70DB,['https://datapool.asf.alaska.edu/BROWSE/SA/S1A_IW_GRDH_1SDV_20230316T052751_20230316T052816_047665_05B99A_70DB.jpg'],Sentinel-1A,976743520,42eafc353465af373f521fe9717f8d6d,444,SENTINEL_1A_FRAME,47665,VV+VH,2023-03-16T05:27:51Z,C-SAR,S1A_IWDV_0443_0450_047665_168,003.52,S1A_IW_GRDH_1SDV_20230316T052751_20230316T052816_047665_05B99A_70DB.zip,IW,['s3://asf-ngap2w-p-s1-grd-7d1b4348/S1A_IW_GRDH_1SDV_20230316T052751_20230316T052816_047665_05B99A_70DB.zip']
44.1572,12.0385,2023-03-23T05:20:08Z,S1A_IW_GRDH_1SDV_20230323T051943_20230323T052008_047767_05BD0A_CD20-GRD_HD,DESCENDING,95,GRD_HD,https://datapool.asf.alaska.edu/GRD_HD/SA/S1A_IW_GRDH_1SDV_20230323T051943_20230323T052008_047767_05BD0A_CD20.zip,2023-03-23 05:19:43+00:00,S1A_IW_GRDH_1SDV_20230323T051943_20230323T052008_047767_05BD0A_CD20,['https://datapool.asf.alaska.edu/BROWSE/SA/S1A_IW_GRDH_1SDV_20230323T051943_20230323T052008_047767_05BD0A_CD20.jpg'],Sentinel-1A,958444738,3652e9153401f1a465d6d62bcaaa0239,445,SENTINEL_1A_FRAME,47767,VV+VH,2023-03-23T05:19:43Z,C-SAR,S1A_IWDV_0444_0451_047767_095,003.52,S1A_IW_GRDH_1SDV_20230323T051943_20230323T052008_047767_05BD0A_CD20.zip,IW,['s3://asf-ngap2w-p-s1-grd-7d1b4348/S1A_IW_GRDH_1SDV_20230323T051943_20230323T052008_047767_05BD0A_CD20.zip']
44.8984,11.7412,2023-03-24T17:07:17Z,S1A_IW_GRDH_1SDV_20230324T170652_20230324T170717_047789_05BDCF_0ABD-GRD_HD,ASCENDING,117,GRD_HD,https://datapool.asf.alaska.edu/GRD_HD/SA/S1A_IW_GRDH_1SDV_20230324T170652_20230324T170717_047789_05BDCF_0ABD.zip,2023-03-24 17:06:52+00:00,S1A_IW_GRDH_1SDV_20230324T170652_20230324T170717_047789_05BDCF_0ABD,['https://datapool.asf.alaska.edu/BROWSE/SA/S1A_IW_GRDH_1SDV_20230324T170652_20230324T170717_047789_05BDCF_0ABD.jpg'],Sentinel-1A,953325041,56eb5ac55b4e36569b5911433406091b,143,SENTINEL_1A_FRAME,47789,VV+VH,2023-03-24T17:06:52Z,C-SAR,S1A_IWDV_0142_0149_047789_117,003.52,S1A_IW_GRDH_1SDV_20230324T170652_20230324T170717_047789_05BDCF_0ABD.zip,IW,['s3://asf-ngap2w-p-s1-grd-7d1b4348/S1A_IW_GRDH_1SDV_20230324T170652_20230324T170717_047789_05BDCF_0ABD.zip']
44.4438,10.0543,2023-03-28T05:28:17Z,S1A_IW_GRDH_1SDV_20230328T052752_20230328T052817_047840_05BF83_4E09-GRD_HD,DESCENDING,168,GRD_HD,https://datapool.asf.alaska.edu/GRD_HD/SA/S1A_IW_GRDH_1SDV_20230328T052752_20230328T052817_047840_05BF83_4E09.zip,2023-03-28 05:27:52+00:00,S1A_IW_GRDH_1SDV_20230328T052752_20230328T052817_047840_05BF83_4E09,['https://datapool.asf.alaska.edu/BROWSE/SA/S1A_IW_GRDH_1SDV_20230328T052752_20230328T052817_047840_05BF83_4E09.jpg'],Sentinel-1A,973980792,89f30b63bc2cb0c3a6f498b1148c00d9,444,SENTINEL_1A_FRAME,47840,VV+VH,2023-03-28T05:27:52Z,C-SAR,S1A_IWDV_0443_0450_047840_168,003.52,S1A_IW_GRDH_1SDV_20230328T052752_20230328T052817_047840_05BF83_4E09.zip,IW,['s3://asf-ngap2w-p-s1-grd-7d1b4348/S1A_IW_GRDH_1SDV_20230328T052752_20230328T052817_047840_05BF83_4E09.zip']
44.1571,12.0366,2023-04-04T05:20:08Z,S1A_IW_GRDH_1SDV_20230404T051943_20230404T052008_047942_05C2F3_319E-GRD_HD,DESCENDING,95,GRD_HD,https://datapool.asf.alaska.edu/GRD_HD/SA/S1A_IW_GRDH_1SDV_20230404T051943_20230404T052008_047942_05C2F3_319E.zip,2023-04-04 05:19:43+00:00,S1A_IW_GRDH_1SDV_20230404T051943_20230404T052008_047942_05C2F3_319E,['https://datapool.asf.alaska.edu/BROWSE/SA/S1A_IW_GRDH_1SDV_20230404T051943_20230404T052008_047942_05C2F3_319E.jpg'],Sentinel-1A,967684785,a5d9942aa10ded9bda936960b2d7d79d,445,SENTINEL_1A_FRAME,47942,VV+VH,2023-04-04T05:19:43Z,C-SAR,S1A_IWDV_0444_0451_047942_095,003.61,S1A_IW_GRDH_1SDV_20230404T051943_20230404T052008_047942_05C2F3_319E.zip,IW,['s3://asf-ngap2w-p-s1-grd-7d1b4348/S1A_IW_GRDH_1SDV_20230404T051943_20230404T052008_047942_05C2F3_319E.zip']
44.8984,11.7434,2023-04-05T17:07:17Z,S1A_IW_GRDH_1SDV_20230405T170652_20230405T170717_047964_05C3B7_9317-GRD_HD,ASCENDING,117,GRD_HD,https://datapool.asf.alaska.edu/GRD_HD/SA/S1A_IW_GRDH_1SDV_20230405T170652_20230405T170717_047964_05C3B7_9317.zip,2023-04-05 17:06:52+00:00,S1A_IW_GRDH_1SDV_20230405T170652_20230405T170717_047964_05C3B7_9317,['https://datapool.asf.alaska.edu/BROWSE/SA/S1A_IW_GRDH_1SDV_20230405T170652_20230405T170717_047964_05C3B7_9317.jpg'],Sentinel-1A,938562790,07c282d5a52974be3d94306c16f23efb,143,SENTINEL_1A_FRAME,47964,VV+VH,2023-04-05T17:06:52Z,C-SAR,S1A_IWDV_0142_0149_047964_117,003.61,S1A_IW_GRDH_1SDV_20230405T170652_20230405T170717_047964_05C3B7_9317.zip,IW,['s3://asf-ngap2w-p-s1-grd-7d1b4348/S1A_IW_GRDH_1SDV_20230405T170652_20230405T170717_047964_05C3B7_9317.zip']
44.4439,10.0523,2023-04-09T05:28:18Z,S1A_IW_GRDH_1SDV_20230409T052753_20230409T052818_048015_05C56B_8D72-GRD_HD,DESCENDING,168,GRD_HD,https://datapool.asf.alaska.edu/GRD_HD/SA/S1A_IW_GRDH_1SDV_20230409T052753_20230409T052818_048015_05C56B_8D72.zip,2023-04-09 05:27:53+00:00,S1A_IW_GRDH_1SDV_20230409T052753_20230409T052818_048015_05C56B_8D72,['https://datapool.asf.alaska.edu/BROWSE/SA/S1A_IW_GRDH_1SDV_20230409T052753_20230409T052818_048015_05C56B_8D72.jpg'],Sentinel-1A,974961976,35b995315e1e343fbae70d2bab545061,444,SENTINEL_1A_FRAME,48015,VV+VH,2023-04-09T05:27:53Z,C-SAR,S1A_IWDV_0444_0449_048015_168,003.61,S1A_IW_GRDH_1SDV_20230409T052753_20230409T052818_048015_05C56B_8D72.zip,IW,['s3://asf-ngap2w-p-s1-grd-7d1b4348/S1A_IW_GRDH_1SDV_20230409T052753_20230409T052818_048015_05C56B_8D72.zip']
44.1569,12.0367,2023-04-16T05:20:09Z,S1A_IW_GRDH_1SDV_20230416T051944_20230416T052009_048117_05C8DF_91E5-GRD_HD,DESCENDING,95,GRD_HD,https://datapool.asf.alaska.edu/GRD_HD/SA/S1A_IW_GRDH_1SDV_20230416T051944_20230416T052009_048117_05C8DF_91E5.zip,2023-04-16 05:19:44+00:00,S1A_IW_GRDH_1SDV_20230416T051944_20230416T052009_048117_05C8DF_91E5,['https://datapool.asf.alaska.edu/BROWSE/SA/S1A_IW_GRDH_1SDV_20230416T051944_20230416T052009_048117_05C8DF_91E5.jpg'],Sentinel-1A,973798069,014c685027031d59c27425bccabf534e,445,SENTINEL_1A_FRAME,48117,VV+VH,2023-04-16T05:19:44Z,C-SAR,S1A_IWDV_0445_0450_048117_095,003.61,S1A_IW_GRDH_1SDV_20230416T051944_20230416T052009_048117_05C8DF_91E5.zip,IW,['s3://asf-ngap2w-p-s1-grd-7d1b4348/S1A_IW_GRDH_1SDV_20230416T051944_20230416T052009_048117_05C8DF_91E5.zip']
44.8985,11.7424,2023-04-17T17:07:18Z,S1A_IW_GRDH_1SDV_20230417T170653_20230417T170718_048139_05C9A1_E756-GRD_HD,ASCENDING,117,GRD_HD,https://datapool.asf.alaska.edu/GRD_HD/SA/S1A_IW_GRDH_1SDV_20230417T170653_20230417T170718_048139_05C9A1_E756.zip,2023-04-17 17:06:53+00:00,S1A_IW_GRDH_1SDV_20230417T170653_20230417T170718_048139_05C9A1_E756,['https://datapool.asf.alaska.edu/BROWSE/SA/S1A_IW_GRDH_1SDV_20230417T170653_20230417T170718_048139_05C9A1_E756.jpg'],Sentinel-1A,950879536,1831890edcb40889cefb491832445b60,143,SENTINEL_1A_FRAME,48139,VV+VH,2023-04-17T17:06:53Z,C-SAR,S1A_IWDV_0142_0149_048139_117,003.61,S1A_IW_GRDH_1SDV_20230417T170653_20230417T170718_048139_05C9A1_E756.zip,IW,['s3://asf-ngap2w-p-s1-grd-7d1b4348/S1A_IW_GRDH_1SDV_20230417T170653_20230417T170718_048139_05C9A1_E756.zip']
44.4438,10.0547,2023-04-21T05:28:17Z,S1A_IW_GRDH_1SDV_20230421T052752_20230421T052817_048190_05CB44_BF91-GRD_HD,DESCENDING,168,GRD_HD,https://datapool.asf.alaska.edu/GRD_HD/SA/S1A_IW_GRDH_1SDV_20230421T052752_20230421T052817_048190_05CB44_BF91.zip,2023-04-21 05:27:52+00:00,S1A_IW_GRDH_1SDV_20230421T052752_20230421T052817_048190_05CB44_BF91,['https://datapool.asf.alaska.edu/BROWSE/SA/S1A_IW_GRDH_1SDV_20230421T052752_20230421T052817_048190_05CB44_BF91.jpg'],Sentinel-1A,983599967,d4dfd9128824a5dfd4c25714293624be,444,SENTINEL_1A_FRAME,48190,VV+VH,2023-04-21T05:27:52Z,C-SAR,S1A_IWDV_0444_0449_048190_168,003.61,S1A_IW_GRDH_1SDV_20230421T052752_20230421T052817_048190_05CB44_BF91.zip,IW,['s3://asf-ngap2w-p-s1-grd-7d1b4348/S1A_IW_GRDH_1SDV_20230421T052752_20230421T052817_048190_05CB44_BF91.zip']
44.157,12.0389,2023-04-28T05:20:09Z,S1A_IW_GRDH_1SDV_20230428T051944_20230428T052009_048292_05CEBB_C2DC-GRD_HD,DESCENDING,95,GRD_HD,https://datapool.asf.alaska.edu/GRD_HD/SA/S1A_IW_GRDH_1SDV_20230428T051944_20230428T052009_048292_05CEBB_C2DC.zip,2023-04-28 05:19:44+00:00,S1A_IW_GRDH_1SDV_20230428T051944_20230428T052009_048292_05CEBB_C2DC,['https://datapool.asf.alaska.edu/BROWSE/SA/S1A_IW_GRDH_1SDV_20230428T051944_20230428T052009_048292_05CEBB_C2DC.jpg'],Sentinel-1A,959194405,87b09d903fff582b383ef28751dfaa4f,445,SENTINEL_1A_FRAME,48292,VV+VH,2023-04-28T05:19:44Z,C-SAR,S1A_IWDV_0444_0451_048292_095,003.61,S1A_IW_GRDH_1SDV_20230428T051944_20230428T052009_048292_05CEBB_C2DC.zip,IW,['s3://asf-ngap2w-p-s1-grd-7d1b4348/S1A_IW_GRDH_1SDV_20230428T051944_20230428T052009_048292_05CEBB_C2DC.zip']
44.8986,11.7411,2023-04-29T17:07:18Z,S1A_IW_GRDH_1SDV_20230429T170653_20230429T170718_048314_05CF81_FDF6-GRD_HD,ASCENDING,117,GRD_HD,https://datapool.asf.alaska.edu/GRD_HD/SA/S1A_IW_GRDH_1SDV_20230429T170653_20230429T170718_048314_05CF81_FDF6.zip,2023-04-29 17:06:53+00:00,S1A_IW_GRDH_1SDV_20230429T170653_20230429T170718_048314_05CF81_FDF6,['https://datapool.asf.alaska.edu/BROWSE/SA/S1A_IW_GRDH_1SDV_20230429T170653_20230429T170718_048314_05CF81_FDF6.jpg'],Sentinel-1A,947249184,b6f1318f5367066b4613ecaef968f0ad,143,SENTINEL_1A_FRAME,48314,VV+VH,2023-04-29T17:06:53Z,C-SAR,S1A_IWDV_0142_0149_048314_117,003.61,S1A_IW_GRDH_1SDV_20230429T170653_20230429T170718_048314_05CF81_FDF6.zip,IW,['s3://asf-ngap2w-p-s1-grd-7d1b4348/S1A_IW_GRDH_1SDV_20230429T170653_20230429T170718_048314_05CF81_FDF6.zip']
44.4438,10.0531,2023-05-03T05:28:18Z,S1A_IW_GRDH_1SDV_20230503T052753_20230503T052818_048365_05D12D_D4EC-GRD_HD,DESCENDING,168,GRD_HD,https://datapool.asf.alaska.edu/GRD_HD/SA/S1A_IW_GRDH_1SDV_20230503T052753_20230503T052818_048365_05D12D_D4EC.zip,2023-05-03 05:27:53+00:00,S1A_IW_GRDH_1SDV_20230503T052753_20230503T052818_048365_05D12D_D4EC,['https://datapool.asf.alaska.edu/BROWSE/SA/S1A_IW_GRDH_1SDV_20230503T052753_20230503T052818_048365_05D12D_D4EC.jpg'],Sentinel-1A,1005706090,193f1876d66a48c5045f6e78794ed2a5,444,SENTINEL_1A_FRAME,48365,VV+VH,2023-05-03T05:27:53Z,C-SAR,S1A_IWDV_0443_0450_048365_168,003.61,S1A_IW_GRDH_1SDV_20230503T052753_20230503T052818_048365_05D12D_D4EC.zip,IW,['s3://asf-ngap2w-p-s1-grd-7d1b4348/S1A_IW_GRDH_1SDV_20230503T052753_20230503T052818_048365_05D12D_D4EC.zip']
44.157,12.0381,2023-05-10T05:20:10Z,S1A_IW_GRDH_1SDV_20230510T051945_20230510T052010_048467_05D488_5F72-GRD_HD,DESCENDING,95,GRD_HD,https://datapool.asf.alaska.edu/GRD_HD/SA/S1A_IW_GRDH_1SDV_20230510T051945_20230510T052010_048467_05D488_5F72.zip,2023-05-10 05:19:45+00:00,S1A_IW_GRDH_1SDV_20230510T051945_20230510T052010_048467_05D488_5F72,['https://datapool.asf.alaska.edu/BROWSE/SA/S1A_IW_GRDH_1SDV_20230510T051945_20230510T052010_048467_05D488_5F72.jpg'],Sentinel-1A,997905319,363f2e0dace35c6d901b029cddc1effb,445,SENTINEL_1A_FRAME,48467,VV+VH,2023-05-10T05:19:45Z,C-SAR,S1A_IWDV_0444_0451_048467_095,003.61,S1A_IW_GRDH_1SDV_20230510T051945_20230510T052010_048467_05D488_5F72.zip,IW,['s3://asf-ngap2w-p-s1-grd-7d1b4348/S1A_IW_GRDH_1SDV_20230510T051945_20230510T052010_048467_05D488_5F72.zip']
44.8986,11.7416,2023-05-11T17:07:19Z,S1A_IW_GRDH_1SDV_20230511T170654_20230511T170719_048489_05D52B_2999-GRD_HD,ASCENDING,117,GRD_HD,https://datapool.asf.alaska.edu/GRD_HD/SA/S1A_IW_GRDH_1SDV_20230511T170654_20230511T170719_048489_05D52B_2999.zip,2023-05-11 17:06:54+00:00,S1A_IW_GRDH_1SDV_20230511T170654_20230511T170719_048489_05D52B_2999,['https://datapool.asf.alaska.edu/BROWSE/SA/S1A_IW_GRDH_1SDV_20230511T170654_20230511T170719_048489_05D52B_2999.jpg'],Sentinel-1A,985723474,7dd18697e5b5e36a5ba1fced5c6594d1,143,SENTINEL_1A_FRAME,48489,VV+VH,2023-05-11T17:06:54Z,C-SAR,S1A_IWDV_0142_0149_048489_117,003.61,S1A_IW_GRDH_1SDV_20230511T170654_20230511T170719_048489_05D52B_2999.zip,IW,['s3://asf-ngap2w-p-s1-grd-7d1b4348/S1A_IW_GRDH_1SDV_20230511T170654_20230511T170719_048489_05D52B_2999.zip']
44.4438,10.0531,2023-05-15T05:28:19Z,S1A_IW_GRDH_1SDV_20230515T052754_20230515T052819_048540_05D6AC_9F70-GRD_HD,DESCENDING,168,GRD_HD,https://datapool.asf.alaska.edu/GRD_HD/SA/S1A_IW_GRDH_1SDV_20230515T052754_20230515T052819_048540_05D6AC_9F70.zip,2023-05-15 05:27:54+00:00,S1A_IW_GRDH_1SDV_20230515T052754_20230515T052819_048540_05D6AC_9F70,['https://datapool.asf.alaska.edu/BROWSE/SA/S1A_IW_GRDH_1SDV_20230515T052754_20230515T052819_048540_05D6AC_9F70.jpg'],Sentinel-1A,996986573,f86a65d636394f1dfaabbdcaf3875d27,444,SENTINEL_1A_FRAME,48540,VV+VH,2023-05-15T05:27:54Z,C-SAR,S1A_IWDV_0444_0450_048540_168,003.61,S1A_IW_GRDH_1SDV_20230515T052754_20230515T052819_048540_05D6AC_9F70.zip,IW,['s3://asf-ngap2w-p-s1-grd-7d1b4348/S1A_IW_GRDH_1SDV_20230515T052754_20230515T052819_048540_05D6AC_9F70.zip']
44.1571,12.0369,2023-05-22T05:20:11Z,S1A_IW_GRDH_1SDV_20230522T051946_20230522T052011_048642_05D9B6_20B9-GRD_HD,DESCENDING,95,GRD_HD,https://datapool.asf.alaska.edu/GRD_HD/SA/S1A_IW_GRDH_1SDV_20230522T051946_20230522T052011_048642_05D9B6_20B9.zip,2023-05-22 05:19:46+00:00,S1A_IW_GRDH_1SDV_20230522T051946_20230522T052011_048642_05D9B6_20B9,['https://datapool.asf.alaska.edu/BROWSE/SA/S1A_IW_GRDH_1SDV_20230522T051946_20230522T052011_048642_05D9B6_20B9.jpg'],Sentinel-1A,982477943,f5abc729c0d9d830b44f60110fd75552,445,SENTINEL_1A_FRAME,48642,VV+VH,2023-05-22T05:19:46Z,C-SAR,S1A_IWDV_0444_0451_048642_095,003.61,S1A_IW_GRDH_1SDV_20230522T051946_20230522T052011_048642_05D9B6_20B9.zip,IW,['s3://asf-ngap2w-p-s1-grd-7d1b4348/S1A_IW_GRDH_1SDV_20230522T051946_20230522T052011_048642_05D9B6_20B9.zip']
44.8986,11.7427,2023-05-23T17:07:19Z,S1A_IW_GRDH_1SDV_20230523T170654_20230523T170719_048664_05DA5B_0063-GRD_HD,ASCENDING,117,GRD_HD,https://datapool.asf.alaska.edu/GRD_HD/SA/S1A_IW_GRDH_1SDV_20230523T170654_20230523T170719_048664_05DA5B_0063.zip,2023-05-23 17:06:54+00:00,S1A_IW_GRDH_1SDV_20230523T170654_20230523T170719_048664_05DA5B_0063,['https://datapool.asf.alaska.edu/BROWSE/SA/S1A_IW_GRDH_1SDV_20230523T170654_20230523T170719_048664_05DA5B_0063.jpg'],Sentinel-1A,963356052,ef50e01e8b6a38e478051030f85d1b67,143,SENTINEL_1A_FRAME,48664,VV+VH,2023-05-23T17:06:54Z,C-SAR,S1A_IWDV_0142_0149_048664_117,003.61,S1A_IW_GRDH_1SDV_20230523T170654_20230523T170719_048664_05DA5B_0063.zip,IW,['s3://asf-ngap2w-p-s1-grd-7d1b4348/S1A_IW_GRDH_1SDV_20230523T170654_20230523T170719_048664_05DA5B_0063.zip']
44.4438,10.0538,2023-05-27T05:28:20Z,S1A_IW_GRDH_1SDV_20230527T052755_20230527T052820_048715_05DBDD_CABC-GRD_HD,DESCENDING,168,GRD_HD,https://datapool.asf.alaska.edu/GRD_HD/SA/S1A_IW_GRDH_1SDV_20230527T052755_20230527T052820_048715_05DBDD_CABC.zip,2023-05-27 05:27:55+00:00,S1A_IW_GRDH_1SDV_20230527T052755_20230527T052820_048715_05DBDD_CABC,['https://datapool.asf.alaska.edu/BROWSE/SA/S1A_IW_GRDH_1SDV_20230527T052755_20230527T052820_048715_05DBDD_CABC.jpg'],Sentinel-1A,989181390,7863b4333695e48a9398a9aa5cf4091f,444,SENTINEL_1A_FRAME,48715,VV+VH,2023-05-27T05:27:55Z,C-SAR,S1A_IWDV_0443_0450_048715_168,003.61,S1A_IW_GRDH_1SDV_20230527T052755_20230527T052820_048715_05DBDD_CABC.zip,IW,['s3://asf-ngap2w-p-s1-grd-7d1b4348/S1A_IW_GRDH_1SDV_20230527T052755_20230527T052820_048715_05DBDD_CABC.zip']
44.1569,12.0369,2023-06-03T05:20:11Z,S1A_IW_GRDH_1SDV_20230603T051946_20230603T052011_048817_05DEE7_7478-GRD_HD,DESCENDING,95,GRD_HD,https://datapool.asf.alaska.edu/GRD_HD/SA/S1A_IW_GRDH_1SDV_20230603T051946_20230603T052011_048817_05DEE7_7478.zip,2023-06-03 05:19:46+00:00,S1A_IW_GRDH_1SDV_20230603T051946_20230603T052011_048817_05DEE7_7478,['https://datapool.asf.alaska.edu/BROWSE/SA/S1A_IW_GRDH_1SDV_20230603T051946_20230603T052011_048817_05DEE7_7478.jpg'],Sentinel-1A,970897383,fef5eb32f438f0ccb951d4b69a756da2,445,SENTINEL_1A_FRAME,48817,VV+VH,2023-06-03T05:19:46Z,C-SAR,S1A_IWDV_0444_0451_048817_095,003.61,S1A_IW_GRDH_1SDV_20230603T051946_20230603T052011_048817_05DEE7_7478.zip,IW,['s3://asf-ngap2w-p-s1-grd-7d1b4348/S1A_IW_GRDH_1SDV_20230603T051946_20230603T052011_048817_05DEE7_7478.zip']
44.8987,11.7431,2023-06-04T17:07:20Z,S1A_IW_GRDH_1SDV_20230604T170655_20230604T170720_048839_05DF8F_01F2-GRD_HD,ASCENDING,117,GRD_HD,https://datapool.asf.alaska.edu/GRD_HD/SA/S1A_IW_GRDH_1SDV_20230604T170655_20230604T170720_048839_05DF8F_01F2.zip,2023-06-04 17:06:55+00:00,S1A_IW_GRDH_1SDV_20230604T170655_20230604T170720_048839_05DF8F_01F2,['https://datapool.asf.alaska.edu/BROWSE/SA/S1A_IW_GRDH_1SDV_20230604T170655_20230604T170720_048839_05DF8F_01F2.jpg'],Sentinel-1A,972807758,5f5caef9fc026d60ef802d7ff2f38dee,143,SENTINEL_1A_FRAME,48839,VV+VH,2023-06-04T17:06:55Z,C-SAR,S1A_IWDV_0142_0149_048839_117,003.61,S1A_IW_GRDH_1SDV_20230604T170655_20230604T170720_048839_05DF8F_01F2.zip,IW,['s3://asf-ngap2w-p-s1-grd-7d1b4348/S1A_IW_GRDH_1SDV_20230604T170655_20230604T170720_048839_05DF8F_01F2.zip']
44.4438,10.0563,2023-06-08T05:28:20Z,S1A_IW_GRDH_1SDV_20230608T052755_20230608T052820_048890_05E11C_5CF2-GRD_HD,DESCENDING,168,GRD_HD,https://datapool.asf.alaska.edu/GRD_HD/SA/S1A_IW_GRDH_1SDV_20230608T052755_20230608T052820_048890_05E11C_5CF2.zip,2023-06-08 05:27:55+00:00,S1A_IW_GRDH_1SDV_20230608T052755_20230608T052820_048890_05E11C_5CF2,['https://datapool.asf.alaska.edu/BROWSE/SA/S1A_IW_GRDH_1SDV_20230608T052755_20230608T052820_048890_05E11C_5CF2.jpg'],Sentinel-1A,991738702,656bf07bc27e9f3460ef160e916cc887,444,SENTINEL_1A_FRAME,48890,VV+VH,2023-06-08T05:27:55Z,C-SAR,S1A_IWDV_0444_0449_048890_168,003.61,S1A_IW_GRDH_1SDV_20230608T052755_20230608T052820_048890_05E11C_5CF2.zip,IW,['s3://asf-ngap2w-p-s1-grd-7d1b4348/S1A_IW_GRDH_1SDV_20230608T052755_20230608T052820_048890_05E11C_5CF2.zip']
44.1569,12.0375,2023-06-15T05:20:12Z,S1A_IW_GRDH_1SDV_20230615T051947_20230615T052012_048992_05E43B_2276-GRD_HD,DESCENDING,95,GRD_HD,https://datapool.asf.alaska.edu/GRD_HD/SA/S1A_IW_GRDH_1SDV_20230615T051947_20230615T052012_048992_05E43B_2276.zip,2023-06-15 05:19:47+00:00,S1A_IW_GRDH_1SDV_20230615T051947_20230615T052012_048992_05E43B_2276,['https://datapool.asf.alaska.edu/BROWSE/SA/S1A_IW_GRDH_1SDV_20230615T051947_20230615T052012_048992_05E43B_2276.jpg'],Sentinel-1A,994349181,ba697b1d0d382965d0302df460711245,445,SENTINEL_1A_FRAME,48992,VV+VH,2023-06-15T05:19:47Z,C-SAR,S1A_IWDV_0445_0450_048992_095,003.61,S1A_IW_GRDH_1SDV_20230615T051947_20230615T052012_048992_05E43B_2276.zip,IW,['s3://asf-ngap2w-p-s1-grd-7d1b4348/S1A_IW_GRDH_1SDV_20230615T051947_20230615T052012_048992_05E43B_2276.zip']
44.8986,11.7424,2023-06-16T17:07:21Z,S1A_IW_GRDH_1SDV_20230616T170656_20230616T170721_049014_05E4E4_D41C-GRD_HD,ASCENDING,117,GRD_HD,https://datapool.asf.alaska.edu/GRD_HD/SA/S1A_IW_GRDH_1SDV_20230616T170656_20230616T170721_049014_05E4E4_D41C.zip,2023-06-16 17:06:56+00:00,S1A_IW_GRDH_1SDV_20230616T170656_20230616T170721_049014_05E4E4_D41C,['https://datapool.asf.alaska.edu/BROWSE/SA/S1A_IW_GRDH_1SDV_20230616T170656_20230616T170721_049014_05E4E4_D41C.jpg'],Sentinel-1A,961711316,d210244c7c351e740963b580c5a8f3a8,143,SENTINEL_1A_FRAME,49014,VV+VH,2023-06-16T17:06:56Z,C-SAR,S1A_IWDV_0142_0149_049014_117,003.61,S1A_IW_GRDH_1SDV_20230616T170656_20230616T170721_049014_05E4E4_D41C.zip,IW,['s3://asf-ngap2w-p-s1-grd-7d1b4348/S1A_IW_GRDH_1SDV_20230616T170656_20230616T170721_049014_05E4E4_D41C.zip']
44.4437,10.0534,2023-06-20T05:28:21Z,S1A_IW_GRDH_1SDV_20230620T052756_20230620T052821_049065_05E675_4DFC-GRD_HD,DESCENDING,168,GRD_HD,https://datapool.asf.alaska.edu/GRD_HD/SA/S1A_IW_GRDH_1SDV_20230620T052756_20230620T052821_049065_05E675_4DFC.zip,2023-06-20 05:27:56+00:00,S1A_IW_GRDH_1SDV_20230620T052756_20230620T052821_049065_05E675_4DFC,['https://datapool.asf.alaska.edu/BROWSE/SA/S1A_IW_GRDH_1SDV_20230620T052756_20230620T052821_049065_05E675_4DFC.jpg'],Sentinel-1A,989240725,5f5f81429270ae3fac2bd5c45e2e196b,444,SENTINEL_1A_FRAME,49065,VV+VH,2023-06-20T05:27:56Z,C-SAR,S1A_IWDV_0443_0450_049065_168,003.61,S1A_IW_GRDH_1SDV_20230620T052756_20230620T052821_049065_05E675_4DFC.zip,IW,['s3://asf-ngap2w-p-s1-grd-7d1b4348/S1A_IW_GRDH_1SDV_20230620T052756_20230620T052821_049065_05E675_4DFC.zip']
44.1569,12.0401,2023-06-27T05:20:12Z,S1A_IW_GRDH_1SDV_20230627T051947_20230627T052012_049167_05E991_61B7-GRD_HD,DESCENDING,95,GRD_HD,https://datapool.asf.alaska.edu/GRD_HD/SA/S1A_IW_GRDH_1SDV_20230627T051947_20230627T052012_049167_05E991_61B7.zip,2023-06-27 05:19:47+00:00,S1A_IW_GRDH_1SDV_20230627T051947_20230627T052012_049167_05E991_61B7,['https://datapool.asf.alaska.edu/BROWSE/SA/S1A_IW_GRDH_1SDV_20230627T051947_20230627T052012_049167_05E991_61B7.jpg'],Sentinel-1A,967690808,20d5915a0a6735bd5def218a09a1635f,445,SENTINEL_1A_FRAME,49167,VV+VH,2023-06-27T05:19:47Z,C-SAR,S1A_IWDV_0445_0450_049167_095,003.61,S1A_IW_GRDH_1SDV_20230627T051947_20230627T052012_049167_05E991_61B7.zip,IW,['s3://asf-ngap2w-p-s1-grd-7d1b4348/S1A_IW_GRDH_1SDV_20230627T051947_20230627T052012_049167_05E991_61B7.zip']
44.8985,11.744,2023-06-28T17:07:21Z,S1A_IW_GRDH_1SDV_20230628T170656_20230628T170721_049189_05EA39_E4FA-GRD_HD,ASCENDING,117,GRD_HD,https://datapool.asf.alaska.edu/GRD_HD/SA/S1A_IW_GRDH_1SDV_20230628T170656_20230628T170721_049189_05EA39_E4FA.zip,2023-06-28 17:06:56+00:00,S1A_IW_GRDH_1SDV_20230628T170656_20230628T170721_049189_05EA39_E4FA,['https://datapool.asf.alaska.edu/BROWSE/SA/S1A_IW_GRDH_1SDV_20230628T170656_20230628T170721_049189_05EA39_E4FA.jpg'],Sentinel-1A,962550832,3982a2b61cb8b519fbf1665083e43d3f,143,SENTINEL_1A_FRAME,49189,VV+VH,2023-06-28T17:06:56Z,C-SAR,S1A_IWDV_0142_0149_049189_117,003.61,S1A_IW_GRDH_1SDV_20230628T170656_20230628T170721_049189_05EA39_E4FA.zip,IW,['s3://asf-ngap2w-p-s1-grd-7d1b4348/S1A_IW_GRDH_1SDV_20230628T170656_20230628T170721_049189_05EA39_E4FA.zip']
44.4437,10.0533,2023-07-02T05:28:22Z,S1A_IW_GRDH_1SDV_20230702T052757_20230702T052822_049240_05EBC4_0DAD-GRD_HD,DESCENDING,168,GRD_HD,https://datapool.asf.alaska.edu/GRD_HD/SA/S1A_IW_GRDH_1SDV_20230702T052757_20230702T052822_049240_05EBC4_0DAD.zip,2023-07-02 05:27:57+00:00,S1A_IW_GRDH_1SDV_20230702T052757_20230702T052822_049240_05EBC4_0DAD,['https://datapool.asf.alaska.edu/BROWSE/SA/S1A_IW_GRDH_1SDV_20230702T052757_20230702T052822_049240_05EBC4_0DAD.jpg'],Sentinel-1A,988940351,8689d11d4e535a15aa0e8a66589f4643,444,SENTINEL_1A_FRAME,49240,VV+VH,2023-07-02T05:27:57Z,C-SAR,S1A_IWDV_0443_0450_049240_168,003.61,S1A_IW_GRDH_1SDV_20230702T052757_20230702T052822_049240_05EBC4_0DAD.zip,IW,['s3://asf-ngap2w-p-s1-grd-7d1b4348/S1A_IW_GRDH_1SDV_20230702T052757_20230702T052822_049240_05EBC4_0DAD.zip']
44.1568,12.0377,2023-07-09T05:20:13Z,S1A_IW_GRDH_1SDV_20230709T051948_20230709T052013_049342_05EEF9_D42E-GRD_HD,DESCENDING,95,GRD_HD,https://datapool.asf.alaska.edu/GRD_HD/SA/S1A_IW_GRDH_1SDV_20230709T051948_20230709T052013_049342_05EEF9_D42E.zip,2023-07-09 05:19:48+00:00,S1A_IW_GRDH_1SDV_20230709T051948_20230709T052013_049342_05EEF9_D42E,['https://datapool.asf.alaska.edu/BROWSE/SA/S1A_IW_GRDH_1SDV_20230709T051948_20230709T052013_049342_05EEF9_D42E.jpg'],Sentinel-1A,967128511,39da286cac93d8ea6ed0764553488924,445,SENTINEL_1A_FRAME,49342,VV+VH,2023-07-09T05:19:48Z,C-SAR,S1A_IWDV_0445_0450_049342_095,003.61,S1A_IW_GRDH_1SDV_20230709T051948_20230709T052013_049342_05EEF9_D42E.zip,IW,['s3://asf-ngap2w-p-s1-grd-7d1b4348/S1A_IW_GRDH_1SDV_20230709T051948_20230709T052013_049342_05EEF9_D42E.zip']
44.8986,11.7406,2023-07-10T17:07:22Z,S1A_IW_GRDH_1SDV_20230710T170657_20230710T170722_049364_05EFA1_1DCC-GRD_HD,ASCENDING,117,GRD_HD,https://datapool.asf.alaska.edu/GRD_HD/SA/S1A_IW_GRDH_1SDV_20230710T170657_20230710T170722_049364_05EFA1_1DCC.zip,2023-07-10 17:06:57+00:00,S1A_IW_GRDH_1SDV_20230710T170657_20230710T170722_049364_05EFA1_1DCC,['https://datapool.asf.alaska.edu/BROWSE/SA/S1A_IW_GRDH_1SDV_20230710T170657_20230710T170722_049364_05EFA1_1DCC.jpg'],Sentinel-1A,963217037,4386df79d81509f013ed67f19874007b,143,SENTINEL_1A_FRAME,49364,VV+VH,2023-07-10T17:06:57Z,C-SAR,S1A_IWDV_0142_0149_049364_117,003.61,S1A_IW_GRDH_1SDV_20230710T170657_20230710T170722_049364_05EFA1_1DCC.zip,IW,['s3://asf-ngap2w-p-s1-grd-7d1b4348/S1A_IW_GRDH_1SDV_20230710T170657_20230710T170722_049364_05EFA1_1DCC.zip']
44.4437,10.053,2023-07-14T05:28:23Z,S1A_IW_GRDH_1SDV_20230714T052758_20230714T052823_049415_05F130_B083-GRD_HD,DESCENDING,168,GRD_HD,https://datapool.asf.alaska.edu/GRD_HD/SA/S1A_IW_GRDH_1SDV_20230714T052758_20230714T052823_049415_05F130_B083.zip,2023-07-14 05:27:58+00:00,S1A_IW_GRDH_1SDV_20230714T052758_20230714T052823_049415_05F130_B083,['https://datapool.asf.alaska.edu/BROWSE/SA/S1A_IW_GRDH_1SDV_20230714T052758_20230714T052823_049415_05F130_B083.jpg'],Sentinel-1A,987637663,0055ffc4f5f20281cfd29a43ca107e40,444,SENTINEL_1A_FRAME,49415,VV+VH,2023-07-14T05:27:58Z,C-SAR,S1A_IWDV_0443_0450_049415_168,003.61,S1A_IW_GRDH_1SDV_20230714T052758_20230714T052823_049415_05F130_B083.zip,IW,['s3://asf-ngap2w-p-s1-grd-7d1b4348/S1A_IW_GRDH_1SDV_20230714T052758_20230714T052823_049415_05F130_B083.zip']
44.157,12.0376,2023-07-21T05:20:14Z,S1A_IW_GRDH_1SDV_20230721T051949_20230721T052014_049517_05F44B_CBA7-GRD_HD,DESCENDING,95,GRD_HD,https://datapool.asf.alaska.edu/GRD_HD/SA/S1A_IW_GRDH_1SDV_20230721T051949_20230721T052014_049517_05F44B_CBA7.zip,2023-07-21 05:19:49+00:00,S1A_IW_GRDH_1SDV_20230721T051949_20230721T052014_049517_05F44B_CBA7,['https://datapool.asf.alaska.edu/BROWSE/SA/S1A_IW_GRDH_1SDV_20230721T051949_20230721T052014_049517_05F44B_CBA7.jpg'],Sentinel-1A,974720850,2ad674ff5d685df2cd7c944b9ff7954f,445,SENTINEL_1A_FRAME,49517,VV+VH,2023-07-21T05:19:49Z,C-SAR,S1A_IWDV_0444_0451_049517_095,003.61,S1A_IW_GRDH_1SDV_20230721T051949_20230721T052014_049517_05F44B_CBA7.zip,IW,['s3://asf-ngap2w-p-s1-grd-7d1b4348/S1A_IW_GRDH_1SDV_20230721T051949_20230721T052014_049517_05F44B_CBA7.zip']
44.8986,11.7417,2023-07-22T17:07:23Z,S1A_IW_GRDH_1SDV_20230722T170658_20230722T170723_049539_05F4F3_0E04-GRD_HD,ASCENDING,117,GRD_HD,https://datapool.asf.alaska.edu/GRD_HD/SA/S1A_IW_GRDH_1SDV_20230722T170658_20230722T170723_049539_05F4F3_0E04.zip,2023-07-22 17:06:58+00:00,S1A_IW_GRDH_1SDV_20230722T170658_20230722T170723_049539_05F4F3_0E04,['https://datapool.asf.alaska.edu/BROWSE/SA/S1A_IW_GRDH_1SDV_20230722T170658_20230722T170723_049539_05F4F3_0E04.jpg'],Sentinel-1A,970396348,8c518022471dd14d21ec343292e178d2,143,SENTINEL_1A_FRAME,49539,VV+VH,2023-07-22T17:06:58Z,C-SAR,S1A_IWDV_0142_0149_049539_117,003.61,S1A_IW_GRDH_1SDV_20230722T170658_20230722T170723_049539_05F4F3_0E04.zip,IW,['s3://asf-ngap2w-p-s1-grd-7d1b4348/S1A_IW_GRDH_1SDV_20230722T170658_20230722T170723_049539_05F4F3_0E04.zip']
44.4436,10.0533,2023-07-26T05:28:23Z,S1A_IW_GRDH_1SDV_20230726T052758_20230726T052823_049590_05F68C_3A3A-GRD_HD,DESCENDING,168,GRD_HD,https://datapool.asf.alaska.edu/GRD_HD/SA/S1A_IW_GRDH_1SDV_20230726T052758_20230726T052823_049590_05F68C_3A3A.zip,2023-07-26 05:27:58+00:00,S1A_IW_GRDH_1SDV_20230726T052758_20230726T052823_049590_05F68C_3A3A,['https://datapool.asf.alaska.edu/BROWSE/SA/S1A_IW_GRDH_1SDV_20230726T052758_20230726T052823_049590_05F68C_3A3A.jpg'],Sentinel-1A,986816232,1808d563c45dc7d8f08948c04eb50743,444,SENTINEL_1A_FRAME,49590,VV+VH,2023-07-26T05:27:58Z,C-SAR,S1A_IWDV_0443_0450_049590_168,003.61,S1A_IW_GRDH_1SDV_20230726T052758_20230726T052823_049590_05F68C_3A3A.zip,IW,['s3://asf-ngap2w-p-s1-grd-7d1b4348/S1A_IW_GRDH_1SDV_20230726T052758_20230726T052823_049590_05F68C_3A3A.zip']
44.1567,12.0383,2023-08-02T05:20:14Z,S1A_IW_GRDH_1SDV_20230802T051949_20230802T052014_049692_05F9B6_3A3D-GRD_HD,DESCENDING,95,GRD_HD,https://datapool.asf.alaska.edu/GRD_HD/SA/S1A_IW_GRDH_1SDV_20230802T051949_20230802T052014_049692_05F9B6_3A3D.zip,2023-08-02 05:19:49+00:00,S1A_IW_GRDH_1SDV_20230802T051949_20230802T052014_049692_05F9B6_3A3D,['https://datapool.asf.alaska.edu/BROWSE/SA/S1A_IW_GRDH_1SDV_20230802T051949_20230802T052014_049692_05F9B6_3A3D.jpg'],Sentinel-1A,968166488,02ee0478319caae5be60aa7b0fcb5f67,445,SENTINEL_1A_FRAME,49692,VV+VH,2023-08-02T05:19:49Z,C-SAR,S1A_IWDV_0445_0450_049692_095,003.61,S1A_IW_GRDH_1SDV_20230802T051949_20230802T052014_049692_05F9B6_3A3D.zip,IW,['s3://asf-ngap2w-p-s1-grd-7d1b4348/S1A_IW_GRDH_1SDV_20230802T051949_20230802T052014_049692_05F9B6_3A3D.zip']
44.8987,11.7404,2023-08-03T17:07:24Z,S1A_IW_GRDH_1SDV_20230803T170659_20230803T170724_049714_05FA5B_E151-GRD_HD,ASCENDING,117,GRD_HD,https://datapool.asf.alaska.edu/GRD_HD/SA/S1A_IW_GRDH_1SDV_20230803T170659_20230803T170724_049714_05FA5B_E151.zip,2023-08-03 17:06:59+00:00,S1A_IW_GRDH_1SDV_20230803T170659_20230803T170724_049714_05FA5B_E151,['https://datapool.asf.alaska.edu/BROWSE/SA/S1A_IW_GRDH_1SDV_20230803T170659_20230803T170724_049714_05FA5B_E151.jpg'],Sentinel-1A,971920484,7d0af515a5919138b34da481c04800f2,143,SENTINEL_1A_FRAME,49714,VV+VH,2023-08-03T17:06:59Z,C-SAR,S1A_IWDV_0143_0148_049714_117,003.61,S1A_IW_GRDH_1SDV_20230803T170659_20230803T170724_049714_05FA5B_E151.zip,IW,['s3://asf-ngap2w-p-s1-grd-7d1b4348/S1A_IW_GRDH_1SDV_20230803T170659_20230803T170724_049714_05FA5B_E151.zip']
44.4436,10.0542,2023-08-07T05:28:24Z,S1A_IW_GRDH_1SDV_20230807T052759_20230807T052824_049765_05FBF2_2F36-GRD_HD,DESCENDING,168,GRD_HD,https://datapool.asf.alaska.edu/GRD_HD/SA/S1A_IW_GRDH_1SDV_20230807T052759_20230807T052824_049765_05FBF2_2F36.zip,2023-08-07 05:27:59+00:00,S1A_IW_GRDH_1SDV_20230807T052759_20230807T052824_049765_05FBF2_2F36,['https://datapool.asf.alaska.edu/BROWSE/SA/S1A_IW_GRDH_1SDV_20230807T052759_20230807T052824_049765_05FBF2_2F36.jpg'],Sentinel-1A,981173412,fe15f1412df93049c84a01abe5232ede,444,SENTINEL_1A_FRAME,49765,VV+VH,2023-08-07T05:27:59Z,C-SAR,S1A_IWDV_0444_0449_049765_168,003.61,S1A_IW_GRDH_1SDV_20230807T052759_20230807T052824_049765_05FBF2_2F36.zip,IW,['s3://asf-ngap2w-p-s1-grd-7d1b4348/S1A_IW_GRDH_1SDV_20230807T052759_20230807T052824_049765_05FBF2_2F36.zip']
44.1569,12.0393,2023-08-14T05:20:15Z,S1A_IW_GRDH_1SDV_20230814T051950_20230814T052015_049867_05FF6B_404B-GRD_HD,DESCENDING,95,GRD_HD,https://datapool.asf.alaska.edu/GRD_HD/SA/S1A_IW_GRDH_1SDV_20230814T051950_20230814T052015_049867_05FF6B_404B.zip,2023-08-14 05:19:50+00:00,S1A_IW_GRDH_1SDV_20230814T051950_20230814T052015_049867_05FF6B_404B,['https://datapool.asf.alaska.edu/BROWSE/SA/S1A_IW_GRDH_1SDV_20230814T051950_20230814T052015_049867_05FF6B_404B.jpg'],Sentinel-1A,966419689,e26d91bbf22c6dcc456874d07fe368b9,445,SENTINEL_1A_FRAME,49867,VV+VH,2023-08-14T05:19:50Z,C-SAR,S1A_IWDV_0444_0451_049867_095,003.61,S1A_IW_GRDH_1SDV_20230814T051950_20230814T052015_049867_05FF6B_404B.zip,IW,['s3://asf-ngap2w-p-s1-grd-7d1b4348/S1A_IW_GRDH_1SDV_20230814T051950_20230814T052015_049867_05FF6B_404B.zip']
44.8986,11.7426,2023-08-15T17:07:24Z,S1A_IW_GRDH_1SDV_20230815T170659_20230815T170724_049889_060031_5BEB-GRD_HD,ASCENDING,117,GRD_HD,https://datapool.asf.alaska.edu/GRD_HD/SA/S1A_IW_GRDH_1SDV_20230815T170659_20230815T170724_049889_060031_5BEB.zip,2023-08-15 17:06:59+00:00,S1A_IW_GRDH_1SDV_20230815T170659_20230815T170724_049889_060031_5BEB,['https://datapool.asf.alaska.edu/BROWSE/SA/S1A_IW_GRDH_1SDV_20230815T170659_20230815T170724_049889_060031_5BEB.jpg'],Sentinel-1A,957815823,2b6bb65409d6cb269f4bd6c0f43d1ed2,143,SENTINEL_1A_FRAME,49889,VV+VH,2023-08-15T17:06:59Z,C-SAR,S1A_IWDV_0142_0149_049889_117,003.61,S1A_IW_GRDH_1SDV_20230815T170659_20230815T170724_049889_060031_5BEB.zip,IW,['s3://asf-ngap2w-p-s1-grd-7d1b4348/S1A_IW_GRDH_1SDV_20230815T170659_20230815T170724_049889_060031_5BEB.zip']
44.4436,10.0532,2023-08-19T05:28:25Z,S1A_IW_GRDH_1SDV_20230819T052800_20230819T052825_049940_0601E9_5E6A-GRD_HD,DESCENDING,168,GRD_HD,https://datapool.asf.alaska.edu/GRD_HD/SA/S1A_IW_GRDH_1SDV_20230819T052800_20230819T052825_049940_0601E9_5E6A.zip,2023-08-19 05:28:00+00:00,S1A_IW_GRDH_1SDV_20230819T052800_20230819T052825_049940_0601E9_5E6A,['https://datapool.asf.alaska.edu/BROWSE/SA/S1A_IW_GRDH_1SDV_20230819T052800_20230819T052825_049940_0601E9_5E6A.jpg'],Sentinel-1A,976032996,6095928ced940a2c0d1a12b2d4af81e7,444,SENTINEL_1A_FRAME,49940,VV+VH,2023-08-19T05:28:00Z,C-SAR,S1A_IWDV_0443_0450_049940_168,003.61,S1A_IW_GRDH_1SDV_20230819T052800_20230819T052825_049940_0601E9_5E6A.zip,IW,['s3://asf-ngap2w-p-s1-grd-7d1b4348/S1A_IW_GRDH_1SDV_20230819T052800_20230819T052825_049940_0601E9_5E6A.zip']
44.1568,12.038,2023-08-26T05:20:16Z,S1A_IW_GRDH_1SDV_20230826T051951_20230826T052016_050042_060562_E0D4-GRD_HD,DESCENDING,95,GRD_HD,https://datapool.asf.alaska.edu/GRD_HD/SA/S1A_IW_GRDH_1SDV_20230826T051951_20230826T052016_050042_060562_E0D4.zip,2023-08-26 05:19:51+00:00,S1A_IW_GRDH_1SDV_20230826T051951_20230826T052016_050042_060562_E0D4,['https://datapool.asf.alaska.edu/BROWSE/SA/S1A_IW_GRDH_1SDV_20230826T051951_20230826T052016_050042_060562_E0D4.jpg'],Sentinel-1A,964446928,12cf4c9880ee62afcc8abee78b82d5c4,445,SENTINEL_1A_FRAME,50042,VV+VH,2023-08-26T05:19:51Z,C-SAR,S1A_IWDV_0444_0451_050042_095,003.61,S1A_IW_GRDH_1SDV_20230826T051951_20230826T052016_050042_060562_E0D4.zip,IW,['s3://asf-ngap2w-p-s1-grd-7d1b4348/S1A_IW_GRDH_1SDV_20230826T051951_20230826T052016_050042_060562_E0D4.zip']
44.8986,11.7405,2023-08-27T17:07:25Z,S1A_IW_GRDH_1SDV_20230827T170700_20230827T170725_050064_060630_115D-GRD_HD,ASCENDING,117,GRD_HD,https://datapool.asf.alaska.edu/GRD_HD/SA/S1A_IW_GRDH_1SDV_20230827T170700_20230827T170725_050064_060630_115D.zip,2023-08-27 17:07:00+00:00,S1A_IW_GRDH_1SDV_20230827T170700_20230827T170725_050064_060630_115D,['https://datapool.asf.alaska.edu/BROWSE/SA/S1A_IW_GRDH_1SDV_20230827T170700_20230827T170725_050064_060630_115D.jpg'],Sentinel-1A,969172683,52f84d87d73945246dbeaacee3f49b8b,143,SENTINEL_1A_FRAME,50064,VV+VH,2023-08-27T17:07:00Z,C-SAR,S1A_IWDV_0142_0149_050064_117,003.61,S1A_IW_GRDH_1SDV_20230827T170700_20230827T170725_050064_060630_115D.zip,IW,['s3://asf-ngap2w-p-s1-grd-7d1b4348/S1A_IW_GRDH_1SDV_20230827T170700_20230827T170725_050064_060630_115D.zip']
44.4436,10.0537,2023-08-31T05:28:25Z,S1A_IW_GRDH_1SDV_20230831T052800_20230831T052825_050115_0607E8_E609-GRD_HD,DESCENDING,168,GRD_HD,https://datapool.asf.alaska.edu/GRD_HD/SA/S1A_IW_GRDH_1SDV_20230831T052800_20230831T052825_050115_0607E8_E609.zip,2023-08-31 05:28:00+00:00,S1A_IW_GRDH_1SDV_20230831T052800_20230831T052825_050115_0607E8_E609,['https://datapool.asf.alaska.edu/BROWSE/SA/S1A_IW_GRDH_1SDV_20230831T052800_20230831T052825_050115_0607E8_E609.jpg'],Sentinel-1A,988834750,c7bb668f227201630c77b4b6dec33765,444,SENTINEL_1A_FRAME,50115,VV+VH,2023-08-31T05:28:00Z,C-SAR,S1A_IWDV_0444_0449_050115_168,003.61,S1A_IW_GRDH_1SDV_20230831T052800_20230831T052825_050115_0607E8_E609.zip,IW,['s3://asf-ngap2w-p-s1-grd-7d1b4348/S1A_IW_GRDH_1SDV_20230831T052800_20230831T052825_050115_0607E8_E609.zip']
44.1567,12.0392,2023-09-07T05:20:16Z,S1A_IW_GRDH_1SDV_20230907T051951_20230907T052016_050217_060B56_A22B-GRD_HD,DESCENDING,95,GRD_HD,https://datapool.asf.alaska.edu/GRD_HD/SA/S1A_IW_GRDH_1SDV_20230907T051951_20230907T052016_050217_060B56_A22B.zip,2023-09-07 05:19:51+00:00,S1A_IW_GRDH_1SDV_20230907T051951_20230907T052016_050217_060B56_A22B,['https://datapool.asf.alaska.edu/BROWSE/SA/S1A_IW_GRDH_1SDV_20230907T051951_20230907T052016_050217_060B56_A22B.jpg'],Sentinel-1A,966986345,877ac6aeb8cdaf494fdb686ce0dd319e,445,SENTINEL_1A_FRAME,50217,VV+VH,2023-09-07T05:19:51Z,C-SAR,S1A_IWDV_0444_0451_050217_095,003.61,S1A_IW_GRDH_1SDV_20230907T051951_20230907T052016_050217_060B56_A22B.zip,IW,['s3://asf-ngap2w-p-s1-grd-7d1b4348/S1A_IW_GRDH_1SDV_20230907T051951_20230907T052016_050217_060B56_A22B.zip']
44.8988,11.7406,2023-09-08T17:07:26Z,S1A_IW_GRDH_1SDV_20230908T170701_20230908T170726_050239_060C22_5EFF-GRD_HD,ASCENDING,117,GRD_HD,https://datapool.asf.alaska.edu/GRD_HD/SA/S1A_IW_GRDH_1SDV_20230908T170701_20230908T170726_050239_060C22_5EFF.zip,2023-09-08 17:07:01+00:00,S1A_IW_GRDH_1SDV_20230908T170701_20230908T170726_050239_060C22_5EFF,['https://datapool.asf.alaska.edu/BROWSE/SA/S1A_IW_GRDH_1SDV_20230908T170701_20230908T170726_050239_060C22_5EFF.jpg'],Sentinel-1A,957782262,9f954393c3a5d5b2583ea8aadd69148b,143,SENTINEL_1A_FRAME,50239,VV+VH,2023-09-08T17:07:01Z,C-SAR,S1A_IWDV_0142_0149_050239_117,003.61,S1A_IW_GRDH_1SDV_20230908T170701_20230908T170726_050239_060C22_5EFF.zip,IW,['s3://asf-ngap2w-p-s1-grd-7d1b4348/S1A_IW_GRDH_1SDV_20230908T170701_20230908T170726_050239_060C22_5EFF.zip']
44.4436,10.0541,2023-09-12T05:28:26Z,S1A_IW_GRDH_1SDV_20230912T052801_20230912T052826_050290_060DE1_6A56-GRD_HD,DESCENDING,168,GRD_HD,https://datapool.asf.alaska.edu/GRD_HD/SA/S1A_IW_GRDH_1SDV_20230912T052801_20230912T052826_050290_060DE1_6A56.zip,2023-09-12 05:28:01+00:00,S1A_IW_GRDH_1SDV_20230912T052801_20230912T052826_050290_060DE1_6A56,['https://datapool.asf.alaska.edu/BROWSE/SA/S1A_IW_GRDH_1SDV_20230912T052801_20230912T052826_050290_060DE1_6A56.jpg'],Sentinel-1A,970186399,40a3cde7ce99c618f83ec38bc608bd76,444,SENTINEL_1A_FRAME,50290,VV+VH,2023-09-12T05:28:01Z,C-SAR,S1A_IWDV_0443_0450_050290_168,003.61,S1A_IW_GRDH_1SDV_20230912T052801_20230912T052826_050290_060DE1_6A56.zip,IW,['s3://asf-ngap2w-p-s1-grd-7d1b4348/S1A_IW_GRDH_1SDV_20230912T052801_20230912T052826_050290_060DE1_6A56.zip']
44.1568,12.0377,2023-09-19T05:20:17Z,S1A_IW_GRDH_1SDV_20230919T051952_20230919T052017_050392_061156_4FE8-GRD_HD,DESCENDING,95,GRD_HD,https://datapool.asf.alaska.edu/GRD_HD/SA/S1A_IW_GRDH_1SDV_20230919T051952_20230919T052017_050392_061156_4FE8.zip,2023-09-19 05:19:52+00:00,S1A_IW_GRDH_1SDV_20230919T051952_20230919T052017_050392_061156_4FE8,['https://datapool.asf.alaska.edu/BROWSE/SA/S1A_IW_GRDH_1SDV_20230919T051952_20230919T052017_050392_061156_4FE8.jpg'],Sentinel-1A,968336133,03ef23bec1d6c3870bfcfe0125c0cd05,445,SENTINEL_1A_FRAME,50392,VV+VH,2023-09-19T05:19:52Z,C-SAR,S1A_IWDV_0444_0451_050392_095,003.61,S1A_IW_GRDH_1SDV_20230919T051952_20230919T052017_050392_061156_4FE8.zip,IW,['s3://asf-ngap2w-p-s1-grd-7d1b4348/S1A_IW_GRDH_1SDV_20230919T051952_20230919T052017_050392_061156_4FE8.zip']
44.8987,11.7418,2023-09-20T17:07:26Z,S1A_IW_GRDH_1SDV_20230920T170701_20230920T170726_050414_061219_F04B-GRD_HD,ASCENDING,117,GRD_HD,https://datapool.asf.alaska.edu/GRD_HD/SA/S1A_IW_GRDH_1SDV_20230920T170701_20230920T170726_050414_061219_F04B.zip,2023-09-20 17:07:01+00:00,S1A_IW_GRDH_1SDV_20230920T170701_20230920T170726_050414_061219_F04B,['https://datapool.asf.alaska.edu/BROWSE/SA/S1A_IW_GRDH_1SDV_20230920T170701_20230920T170726_050414_061219_F04B.jpg'],Sentinel-1A,964675053,0ccc004d6c14e5e142d0723bbf51d2a8,143,SENTINEL_1A_FRAME,50414,VV+VH,2023-09-20T17:07:01Z,C-SAR,S1A_IWDV_0143_0148_050414_117,003.61,S1A_IW_GRDH_1SDV_20230920T170701_20230920T170726_050414_061219_F04B.zip,IW,['s3://asf-ngap2w-p-s1-grd-7d1b4348/S1A_IW_GRDH_1SDV_20230920T170701_20230920T170726_050414_061219_F04B.zip']
44.4437,10.0536,2023-09-24T05:28:26Z,S1A_IW_GRDH_1SDV_20230924T052801_20230924T052826_050465_0613D4_5B9E-GRD_HD,DESCENDING,168,GRD_HD,https://datapool.asf.alaska.edu/GRD_HD/SA/S1A_IW_GRDH_1SDV_20230924T052801_20230924T052826_050465_0613D4_5B9E.zip,2023-09-24 05:28:01+00:00,S1A_IW_GRDH_1SDV_20230924T052801_20230924T052826_050465_0613D4_5B9E,['https://datapool.asf.alaska.edu/BROWSE/SA/S1A_IW_GRDH_1SDV_20230924T052801_20230924T052826_050465_0613D4_5B9E.jpg'],Sentinel-1A,987464287,efa274c7b0111677a334ef82985a5553,444,SENTINEL_1A_FRAME,50465,VV+VH,2023-09-24T05:28:01Z,C-SAR,S1A_IWDV_0444_0449_050465_168,003.61,S1A_IW_GRDH_1SDV_20230924T052801_20230924T052826_050465_0613D4_5B9E.zip,IW,['s3://asf-ngap2w-p-s1-grd-7d1b4348/S1A_IW_GRDH_1SDV_20230924T052801_20230924T052826_050465_0613D4_5B9E.zip']
44.157,12.0375,2023-10-01T05:20:17Z,S1A_IW_GRDH_1SDV_20231001T051952_20231001T052017_050567_061751_3878-GRD_HD,DESCENDING,95,GRD_HD,https://datapool.asf.alaska.edu/GRD_HD/SA/S1A_IW_GRDH_1SDV_20231001T051952_20231001T052017_050567_061751_3878.zip,2023-10-01 05:19:52+00:00,S1A_IW_GRDH_1SDV_20231001T051952_20231001T052017_050567_061751_3878,['https://datapool.asf.alaska.edu/BROWSE/SA/S1A_IW_GRDH_1SDV_20231001T051952_20231001T052017_050567_061751_3878.jpg'],Sentinel-1A,1776985574,55eba343ec5ab67782ed1980de5bc446,445,SENTINEL_1A_FRAME,50567,VV+VH,2023-10-01T05:19:52Z,C-SAR,S1A_IWDV_0445_0450_050567_095,003.61,S1A_IW_GRDH_1SDV_20231001T051952_20231001T052017_050567_061751_3878.zip,IW,['s3://asf-ngap2w-p-s1-grd-7d1b4348/S1A_IW_GRDH_1SDV_20231001T051952_20231001T052017_050567_061751_3878.zip']
44.8986,11.7413,2023-10-02T17:07:26Z,S1A_IW_GRDH_1SDV_20231002T170701_20231002T170726_050589_06181B_0150-GRD_HD,ASCENDING,117,GRD_HD,https://datapool.asf.alaska.edu/GRD_HD/SA/S1A_IW_GRDH_1SDV_20231002T170701_20231002T170726_050589_06181B_0150.zip,2023-10-02 17:07:01+00:00,S1A_IW_GRDH_1SDV_20231002T170701_20231002T170726_050589_06181B_0150,['https://datapool.asf.alaska.edu/BROWSE/SA/S1A_IW_GRDH_1SDV_20231002T170701_20231002T170726_050589_06181B_0150.jpg'],Sentinel-1A,1765878781,db1f6040753733d25f3bab0edd728d84,143,SENTINEL_1A_FRAME,50589,VV+VH,2023-10-02T17:07:01Z,C-SAR,S1A_IWDV_0142_0149_050589_117,003.61,S1A_IW_GRDH_1SDV_20231002T170701_20231002T170726_050589_06181B_0150.zip,IW,['s3://asf-ngap2w-p-s1-grd-7d1b4348/S1A_IW_GRDH_1SDV_20231002T170701_20231002T170726_050589_06181B_0150.zip']
44.4438,10.0555,2023-10-06T05:28:26Z,S1A_IW_GRDH_1SDV_20231006T052801_20231006T052826_050640_0619D2_E9A6-GRD_HD,DESCENDING,168,GRD_HD,https://datapool.asf.alaska.edu/GRD_HD/SA/S1A_IW_GRDH_1SDV_20231006T052801_20231006T052826_050640_0619D2_E9A6.zip,2023-10-06 05:28:01+00:00,S1A_IW_GRDH_1SDV_20231006T052801_20231006T052826_050640_0619D2_E9A6,['https://datapool.asf.alaska.edu/BROWSE/SA/S1A_IW_GRDH_1SDV_20231006T052801_20231006T052826_050640_0619D2_E9A6.jpg'],Sentinel-1A,1774477284,7c87015462d33c5b1ce75136408a7756,444,SENTINEL_1A_FRAME,50640,VV+VH,2023-10-06T05:28:01Z,C-SAR,S1A_IWDV_0443_0450_050640_168,003.61,S1A_IW_GRDH_1SDV_20231006T052801_20231006T052826_050640_0619D2_E9A6.zip,IW,['s3://asf-ngap2w-p-s1-grd-7d1b4348/S1A_IW_GRDH_1SDV_20231006T052801_20231006T052826_050640_0619D2_E9A6.zip']
44.1571,12.0404,2023-10-13T05:20:17Z,S1A_IW_GRDH_1SDV_20231013T051952_20231013T052017_050742_061D51_754B-GRD_HD,DESCENDING,95,GRD_HD,https://datapool.asf.alaska.edu/GRD_HD/SA/S1A_IW_GRDH_1SDV_20231013T051952_20231013T052017_050742_061D51_754B.zip,2023-10-13 05:19:52+00:00,S1A_IW_GRDH_1SDV_20231013T051952_20231013T052017_050742_061D51_754B,['https://datapool.asf.alaska.edu/BROWSE/SA/S1A_IW_GRDH_1SDV_20231013T051952_20231013T052017_050742_061D51_754B.jpg'],Sentinel-1A,1776989995,51500f7e61e1a64da207708d22b115ef,445,SENTINEL_1A_FRAME,50742,VV+VH,2023-10-13T05:19:52Z,C-SAR,S1A_IWDV_0444_0451_050742_095,003.61,S1A_IW_GRDH_1SDV_20231013T051952_20231013T052017_050742_061D51_754B.zip,IW,['s3://asf-ngap2w-p-s1-grd-7d1b4348/S1A_IW_GRDH_1SDV_20231013T051952_20231013T052017_050742_061D51_754B.zip']
44.8985,11.7427,2023-10-14T17:07:26Z,S1A_IW_GRDH_1SDV_20231014T170701_20231014T170726_050764_061E1C_FC5D-GRD_HD,ASCENDING,117,GRD_HD,https://datapool.asf.alaska.edu/GRD_HD/SA/S1A_IW_GRDH_1SDV_20231014T170701_20231014T170726_050764_061E1C_FC5D.zip,2023-10-14 17:07:01+00:00,S1A_IW_GRDH_1SDV_20231014T170701_20231014T170726_050764_061E1C_FC5D,['https://datapool.asf.alaska.edu/BROWSE/SA/S1A_IW_GRDH_1SDV_20231014T170701_20231014T170726_050764_061E1C_FC5D.jpg'],Sentinel-1A,1766000989,137eeb6d4b8fb641ecf9e266bc33ecd6,143,SENTINEL_1A_FRAME,50764,VV+VH,2023-10-14T17:07:01Z,C-SAR,S1A_IWDV_0143_0148_050764_117,003.61,S1A_IW_GRDH_1SDV_20231014T170701_20231014T170726_050764_061E1C_FC5D.zip,IW,['s3://asf-ngap2w-p-s1-grd-7d1b4348/S1A_IW_GRDH_1SDV_20231014T170701_20231014T170726_050764_061E1C_FC5D.zip']
44.4439,10.054,2023-10-18T05:28:26Z,S1A_IW_GRDH_1SDV_20231018T052801_20231018T052826_050815_061FDA_DE07-GRD_HD,DESCENDING,168,GRD_HD,https://datapool.asf.alaska.edu/GRD_HD/SA/S1A_IW_GRDH_1SDV_20231018T052801_20231018T052826_050815_061FDA_DE07.zip,2023-10-18 05:28:01+00:00,S1A_IW_GRDH_1SDV_20231018T052801_20231018T052826_050815_061FDA_DE07,['https://datapool.asf.alaska.edu/BROWSE/SA/S1A_IW_GRDH_1SDV_20231018T052801_20231018T052826_050815_061FDA_DE07.jpg'],Sentinel-1A,1774485932,7bf52af4b3c454da2ec9c028b3279b04,444,SENTINEL_1A_FRAME,50815,VV+VH,2023-10-18T05:28:01Z,C-SAR,S1A_IWDV_0444_0449_050815_168,003.61,S1A_IW_GRDH_1SDV_20231018T052801_20231018T052826_050815_061FDA_DE07.zip,IW,['s3://asf-ngap2w-p-s1-grd-7d1b4348/S1A_IW_GRDH_1SDV_20231018T052801_20231018T052826_050815_061FDA_DE07.zip']
44.1571,12.0393,2023-10-25T05:20:17Z,S1A_IW_GRDH_1SDV_20231025T051952_20231025T052017_050917_06234A_1211-GRD_HD,DESCENDING,95,GRD_HD,https://datapool.asf.alaska.edu/GRD_HD/SA/S1A_IW_GRDH_1SDV_20231025T051952_20231025T052017_050917_06234A_1211.zip,2023-10-25 05:19:52+00:00,S1A_IW_GRDH_1SDV_20231025T051952_20231025T052017_050917_06234A_1211,['https://datapool.asf.alaska.edu/BROWSE/SA/S1A_IW_GRDH_1SDV_20231025T051952_20231025T052017_050917_06234A_1211.jpg'],Sentinel-1A,1777057940,4262bb199fc92d740765e2134d884844,445,SENTINEL_1A_FRAME,50917,VV+VH,2023-10-25T05:19:52Z,C-SAR,S1A_IWDV_0444_0451_050917_095,003.71,S1A_IW_GRDH_1SDV_20231025T051952_20231025T052017_050917_06234A_1211.zip,IW,['s3://asf-ngap2w-p-s1-grd-7d1b4348/S1A_IW_GRDH_1SDV_20231025T051952_20231025T052017_050917_06234A_1211.zip']
44.4439,10.0538,2023-10-30T05:28:26Z,S1A_IW_GRDH_1SDV_20231030T052801_20231030T052826_050990_0625CB_3AFA-GRD_HD,DESCENDING,168,GRD_HD,https://datapool.asf.alaska.edu/GRD_HD/SA/S1A_IW_GRDH_1SDV_20231030T052801_20231030T052826_050990_0625CB_3AFA.zip,2023-10-30 05:28:01+00:00,S1A_IW_GRDH_1SDV_20231030T052801_20231030T052826_050990_0625CB_3AFA,['https://datapool.asf.alaska.edu/BROWSE/SA/S1A_IW_GRDH_1SDV_20231030T052801_20231030T052826_050990_0625CB_3AFA.jpg'],Sentinel-1A,1774514849,4742b0c16f337abd1ef565d1b2897f01,444,SENTINEL_1A_FRAME,50990,VV+VH,2023-10-30T05:28:01Z,C-SAR,S1A_IWDV_0443_0450_050990_168,003.71,S1A_IW_GRDH_1SDV_20231030T052801_20231030T052826_050990_0625CB_3AFA.zip,IW,['s3://asf-ngap2w-p-s1-grd-7d1b4348/S1A_IW_GRDH_1SDV_20231030T052801_20231030T052826_050990_0625CB_3AFA.zip']
44.1571,12.0388,2023-11-06T05:20:17Z,S1A_IW_GRDH_1SDV_20231106T051952_20231106T052017_051092_062947_5150-GRD_HD,DESCENDING,95,GRD_HD,https://datapool.asf.alaska.edu/GRD_HD/SA/S1A_IW_GRDH_1SDV_20231106T051952_20231106T052017_051092_062947_5150.zip,2023-11-06 05:19:52+00:00,S1A_IW_GRDH_1SDV_20231106T051952_20231106T052017_051092_062947_5150,['https://datapool.asf.alaska.edu/BROWSE/SA/S1A_IW_GRDH_1SDV_20231106T051952_20231106T052017_051092_062947_5150.jpg'],Sentinel-1A,1777026801,01b5984e621eb0c8f2d385a142e8f9a1,445,SENTINEL_1A_FRAME,51092,VV+VH,2023-11-06T05:19:52Z,C-SAR,S1A_IWDV_0445_0450_051092_095,003.71,S1A_IW_GRDH_1SDV_20231106T051952_20231106T052017_051092_062947_5150.zip,IW,['s3://asf-ngap2w-p-s1-grd-7d1b4348/S1A_IW_GRDH_1SDV_20231106T051952_20231106T052017_051092_062947_5150.zip']
44.8985,11.7426,2023-11-07T17:07:25Z,S1A_IW_GRDH_1SDV_20231107T170700_20231107T170725_051114_062A12_3A48-GRD_HD,ASCENDING,117,GRD_HD,https://datapool.asf.alaska.edu/GRD_HD/SA/S1A_IW_GRDH_1SDV_20231107T170700_20231107T170725_051114_062A12_3A48.zip,2023-11-07 17:07:00+00:00,S1A_IW_GRDH_1SDV_20231107T170700_20231107T170725_051114_062A12_3A48,['https://datapool.asf.alaska.edu/BROWSE/SA/S1A_IW_GRDH_1SDV_20231107T170700_20231107T170725_051114_062A12_3A48.jpg'],Sentinel-1A,1766011996,112ec04e00d0d8e4f3487595e32852bd,143,SENTINEL_1A_FRAME,51114,VV+VH,2023-11-07T17:07:00Z,C-SAR,S1A_IWDV_0142_0149_051114_117,003.71,S1A_IW_GRDH_1SDV_20231107T170700_20231107T170725_051114_062A12_3A48.zip,IW,['s3://asf-ngap2w-p-s1-grd-7d1b4348/S1A_IW_GRDH_1SDV_20231107T170700_20231107T170725_051114_062A12_3A48.zip']
44.4441,10.0554,2023-11-11T05:28:26Z,S1A_IW_GRDH_1SDV_20231111T052801_20231111T052826_051165_062BCE_2EA5-GRD_HD,DESCENDING,168,GRD_HD,https://datapool.asf.alaska.edu/GRD_HD/SA/S1A_IW_GRDH_1SDV_20231111T052801_20231111T052826_051165_062BCE_2EA5.zip,2023-11-11 05:28:01+00:00,S1A_IW_GRDH_1SDV_20231111T052801_20231111T052826_051165_062BCE_2EA5,['https://datapool.asf.alaska.edu/BROWSE/SA/S1A_IW_GRDH_1SDV_20231111T052801_20231111T052826_051165_062BCE_2EA5.jpg'],Sentinel-1A,1774714934,869b4441c7816528ef2af1181c1f1457,444,SENTINEL_1A_FRAME,51165,VV+VH,2023-11-11T05:28:01Z,C-SAR,S1A_IWDV_0443_0450_051165_168,003.71,S1A_IW_GRDH_1SDV_20231111T052801_20231111T052826_051165_062BCE_2EA5.zip,IW,['s3://asf-ngap2w-p-s1-grd-7d1b4348/S1A_IW_GRDH_1SDV_20231111T052801_20231111T052826_051165_062BCE_2EA5.zip']
44.1572,12.0379,2023-11-18T05:20:17Z,S1A_IW_GRDH_1SDV_20231118T051952_20231118T052017_051267_062F56_B39C-GRD_HD,DESCENDING,95,GRD_HD,https://datapool.asf.alaska.edu/GRD_HD/SA/S1A_IW_GRDH_1SDV_20231118T051952_20231118T052017_051267_062F56_B39C.zip,2023-11-18 05:19:52+00:00,S1A_IW_GRDH_1SDV_20231118T051952_20231118T052017_051267_062F56_B39C,['https://datapool.asf.alaska.edu/BROWSE/SA/S1A_IW_GRDH_1SDV_20231118T051952_20231118T052017_051267_062F56_B39C.jpg'],Sentinel-1A,1777061506,cb281a7b5ae93a3fc1cb437b17a20165,445,SENTINEL_1A_FRAME,51267,VV+VH,2023-11-18T05:19:52Z,C-SAR,S1A_IWDV_0444_0451_051267_095,003.71,S1A_IW_GRDH_1SDV_20231118T051952_20231118T052017_051267_062F56_B39C.zip,IW,['s3://asf-ngap2w-p-s1-grd-7d1b4348/S1A_IW_GRDH_1SDV_20231118T051952_20231118T052017_051267_062F56_B39C.zip']
44.8985,11.7395,2023-11-19T17:07:26Z,S1A_IW_GRDH_1SDV_20231119T170701_20231119T170726_051289_063021_AEFD-GRD_HD,ASCENDING,117,GRD_HD,https://datapool.asf.alaska.edu/GRD_HD/SA/S1A_IW_GRDH_1SDV_20231119T170701_20231119T170726_051289_063021_AEFD.zip,2023-11-19 17:07:01+00:00,S1A_IW_GRDH_1SDV_20231119T170701_20231119T170726_051289_063021_AEFD,['https://datapool.asf.alaska.edu/BROWSE/SA/S1A_IW_GRDH_1SDV_20231119T170701_20231119T170726_051289_063021_AEFD.jpg'],Sentinel-1A,1766076981,7193fd1649f2794dab20646eb06dedcb,143,SENTINEL_1A_FRAME,51289,VV+VH,2023-11-19T17:07:01Z,C-SAR,S1A_IWDV_0142_0149_051289_117,003.71,S1A_IW_GRDH_1SDV_20231119T170701_20231119T170726_051289_063021_AEFD.zip,IW,['s3://asf-ngap2w-p-s1-grd-7d1b4348/S1A_IW_GRDH_1SDV_20231119T170701_20231119T170726_051289_063021_AEFD.zip']
44.4441,10.0561,2023-11-23T05:28:25Z,S1A_IW_GRDH_1SDV_20231123T052800_20231123T052825_051340_0631DC_121A-GRD_HD,DESCENDING,168,GRD_HD,https://datapool.asf.alaska.edu/GRD_HD/SA/S1A_IW_GRDH_1SDV_20231123T052800_20231123T052825_051340_0631DC_121A.zip,2023-11-23 05:28:00+00:00,S1A_IW_GRDH_1SDV_20231123T052800_20231123T052825_051340_0631DC_121A,['https://datapool.asf.alaska.edu/BROWSE/SA/S1A_IW_GRDH_1SDV_20231123T052800_20231123T052825_051340_0631DC_121A.jpg'],Sentinel-1A,1774647858,fc87477338001b24bd944e93d4452b1d,444,SENTINEL_1A_FRAME,51340,VV+VH,2023-11-23T05:28:00Z,C-SAR,S1A_IWDV_0443_0450_051340_168,003.71,S1A_IW_GRDH_1SDV_20231123T052800_20231123T052825_051340_0631DC_121A.zip,IW,['s3://asf-ngap2w-p-s1-grd-7d1b4348/S1A_IW_GRDH_1SDV_20231123T052800_20231123T052825_051340_0631DC_121A.zip']
44.1574,12.0401,2023-11-30T05:20:16Z,S1A_IW_GRDH_1SDV_20231130T051951_20231130T052016_051442_063550_8ECE-GRD_HD,DESCENDING,95,GRD_HD,https://datapool.asf.alaska.edu/GRD_HD/SA/S1A_IW_GRDH_1SDV_20231130T051951_20231130T052016_051442_063550_8ECE.zip,2023-11-30 05:19:51+00:00,S1A_IW_GRDH_1SDV_20231130T051951_20231130T052016_051442_063550_8ECE,['https://datapool.asf.alaska.edu/BROWSE/SA/S1A_IW_GRDH_1SDV_20231130T051951_20231130T052016_051442_063550_8ECE.jpg'],Sentinel-1A,1777255281,ae96bcca86e282216c983528e718552c,445,SENTINEL_1A_FRAME,51442,VV+VH,2023-11-30T05:19:51Z,C-SAR,S1A_IWDV_0444_0451_051442_095,003.71,S1A_IW_GRDH_1SDV_20231130T051951_20231130T052016_051442_063550_8ECE.zip,IW,['s3://asf-ngap2w-p-s1-grd-7d1b4348/S1A_IW_GRDH_1SDV_20231130T051951_20231130T052016_051442_063550_8ECE.zip']
44.8982,11.7404,2023-12-01T17:07:25Z,S1A_IW_GRDH_1SDV_20231201T170700_20231201T170725_051464_06361B_88C8-GRD_HD,ASCENDING,117,GRD_HD,https://datapool.asf.alaska.edu/GRD_HD/SA/S1A_IW_GRDH_1SDV_20231201T170700_20231201T170725_051464_06361B_88C8.zip,2023-12-01 17:07:00+00:00,S1A_IW_GRDH_1SDV_20231201T170700_20231201T170725_051464_06361B_88C8,['https://datapool.asf.alaska.edu/BROWSE/SA/S1A_IW_GRDH_1SDV_20231201T170700_20231201T170725_051464_06361B_88C8.jpg'],Sentinel-1A,1766145247,a9e5df5e8fdd52728d425e2f4d2fbddb,143,SENTINEL_1A_FRAME,51464,VV+VH,2023-12-01T17:07:00Z,C-SAR,S1A_IWDV_0142_0149_051464_117,003.71,S1A_IW_GRDH_1SDV_20231201T170700_20231201T170725_051464_06361B_88C8.zip,IW,['s3://asf-ngap2w-p-s1-grd-7d1b4348/S1A_IW_GRDH_1SDV_20231201T170700_20231201T170725_051464_06361B_88C8.zip']
44.4441,10.055,2023-12-05T05:28:25Z,S1A_IW_GRDH_1SDV_20231205T052800_20231205T052825_051515_0637DD_9806-GRD_HD,DESCENDING,168,GRD_HD,https://datapool.asf.alaska.edu/GRD_HD/SA/S1A_IW_GRDH_1SDV_20231205T052800_20231205T052825_051515_0637DD_9806.zip,2023-12-05 05:28:00+00:00,S1A_IW_GRDH_1SDV_20231205T052800_20231205T052825_051515_0637DD_9806,['https://datapool.asf.alaska.edu/BROWSE/SA/S1A_IW_GRDH_1SDV_20231205T052800_20231205T052825_051515_0637DD_9806.jpg'],Sentinel-1A,1774643737,d97be05430d580aebba05f51a440fd3b,444,SENTINEL_1A_FRAME,51515,VV+VH,2023-12-05T05:28:00Z,C-SAR,S1A_IWDV_0443_0450_051515_168,003.71,S1A_IW_GRDH_1SDV_20231205T052800_20231205T052825_051515_0637DD_9806.zip,IW,['s3://asf-ngap2w-p-s1-grd-7d1b4348/S1A_IW_GRDH_1SDV_20231205T052800_20231205T052825_051515_0637DD_9806.zip']
44.1575,12.0374,2023-12-12T05:20:16Z,S1A_IW_GRDH_1SDV_20231212T051951_20231212T052016_051617_063B7D_BEFE-GRD_HD,DESCENDING,95,GRD_HD,https://datapool.asf.alaska.edu/GRD_HD/SA/S1A_IW_GRDH_1SDV_20231212T051951_20231212T052016_051617_063B7D_BEFE.zip,2023-12-12 05:19:51+00:00,S1A_IW_GRDH_1SDV_20231212T051951_20231212T052016_051617_063B7D_BEFE,['https://datapool.asf.alaska.edu/BROWSE/SA/S1A_IW_GRDH_1SDV_20231212T051951_20231212T052016_051617_063B7D_BEFE.jpg'],Sentinel-1A,1777149357,3044f225fdef3edad679310f489afee2,445,SENTINEL_1A_FRAME,51617,VV+VH,2023-12-12T05:19:51Z,C-SAR,S1A_IWDV_0444_0451_051617_095,003.71,S1A_IW_GRDH_1SDV_20231212T051951_20231212T052016_051617_063B7D_BEFE.zip,IW,['s3://asf-ngap2w-p-s1-grd-7d1b4348/S1A_IW_GRDH_1SDV_20231212T051951_20231212T052016_051617_063B7D_BEFE.zip']
44.8984,11.7413,2023-12-13T17:07:25Z,S1A_IW_GRDH_1SDV_20231213T170700_20231213T170725_051639_063C47_D3D6-GRD_HD,ASCENDING,117,GRD_HD,https://datapool.asf.alaska.edu/GRD_HD/SA/S1A_IW_GRDH_1SDV_20231213T170700_20231213T170725_051639_063C47_D3D6.zip,2023-12-13 17:07:00+00:00,S1A_IW_GRDH_1SDV_20231213T170700_20231213T170725_051639_063C47_D3D6,['https://datapool.asf.alaska.edu/BROWSE/SA/S1A_IW_GRDH_1SDV_20231213T170700_20231213T170725_051639_063C47_D3D6.jpg'],Sentinel-1A,1766148753,44e41bdd331dbb309243f90d721b1f2d,143,SENTINEL_1A_FRAME,51639,VV+VH,2023-12-13T17:07:00Z,C-SAR,S1A_IWDV_0142_0149_051639_117,003.71,S1A_IW_GRDH_1SDV_20231213T170700_20231213T170725_051639_063C47_D3D6.zip,IW,['s3://asf-ngap2w-p-s1-grd-7d1b4348/S1A_IW_GRDH_1SDV_20231213T170700_20231213T170725_051639_063C47_D3D6.zip']
44.4441,10.0543,2023-12-17T05:28:24Z,S1A_IW_GRDH_1SDV_20231217T052759_20231217T052824_051690_063DFB_902A-GRD_HD,DESCENDING,168,GRD_HD,https://datapool.asf.alaska.edu/GRD_HD/SA/S1A_IW_GRDH_1SDV_20231217T052759_20231217T052824_051690_063DFB_902A.zip,2023-12-17 05:27:59+00:00,S1A_IW_GRDH_1SDV_20231217T052759_20231217T052824_051690_063DFB_902A,['https://datapool.asf.alaska.edu/BROWSE/SA/S1A_IW_GRDH_1SDV_20231217T052759_20231217T052824_051690_063DFB_902A.jpg'],Sentinel-1A,1774556058,55da103debb716613b61ea04b431cf9e,444,SENTINEL_1A_FRAME,51690,VV+VH,2023-12-17T05:27:59Z,C-SAR,S1A_IWDV_0444_0449_051690_168,003.71,S1A_IW_GRDH_1SDV_20231217T052759_20231217T052824_051690_063DFB_902A.zip,IW,['s3://asf-ngap2w-p-s1-grd-7d1b4348/S1A_IW_GRDH_1SDV_20231217T052759_20231217T052824_051690_063DFB_902A.zip']
44.1575,12.0396,2023-12-24T05:20:15Z,S1A_IW_GRDH_1SDV_20231224T051950_20231224T052015_051792_064185_0ABD-GRD_HD,DESCENDING,95,GRD_HD,https://datapool.asf.alaska.edu/GRD_HD/SA/S1A_IW_GRDH_1SDV_20231224T051950_20231224T052015_051792_064185_0ABD.zip,2023-12-24 05:19:50+00:00,S1A_IW_GRDH_1SDV_20231224T051950_20231224T052015_051792_064185_0ABD,['https://datapool.asf.alaska.edu/BROWSE/SA/S1A_IW_GRDH_1SDV_20231224T051950_20231224T052015_051792_064185_0ABD.jpg'],Sentinel-1A,1777153489,7fa1daeda5d7d75451ecd9209e99f0d2,445,SENTINEL_1A_FRAME,51792,VV+VH,2023-12-24T05:19:50Z,C-SAR,S1A_IWDV_0445_0450_051792_095,003.71,S1A_IW_GRDH_1SDV_20231224T051950_20231224T052015_051792_064185_0ABD.zip,IW,['s3://asf-ngap2w-p-s1-grd-7d1b4348/S1A_IW_GRDH_1SDV_20231224T051950_20231224T052015_051792_064185_0ABD.zip']
44.8984,11.7429,2023-12-25T17:07:24Z,S1A_IW_GRDH_1SDV_20231225T170659_20231225T170724_051814_06424B_0831-GRD_HD,ASCENDING,117,GRD_HD,https://datapool.asf.alaska.edu/GRD_HD/SA/S1A_IW_GRDH_1SDV_20231225T170659_20231225T170724_051814_06424B_0831.zip,2023-12-25 17:06:59+00:00,S1A_IW_GRDH_1SDV_20231225T170659_20231225T170724_051814_06424B_0831,['https://datapool.asf.alaska.edu/BROWSE/SA/S1A_IW_GRDH_1SDV_20231225T170659_20231225T170724_051814_06424B_0831.jpg'],Sentinel-1A,1766007898,13189f4155a4ca5bdb299322cf255906,143,SENTINEL_1A_FRAME,51814,VV+VH,2023-12-25T17:06:59Z,C-SAR,S1A_IWDV_0143_0148_051814_117,003.71,S1A_IW_GRDH_1SDV_20231225T170659_20231225T170724_051814_06424B_0831.zip,IW,['s3://asf-ngap2w-p-s1-grd-7d1b4348/S1A_IW_GRDH_1SDV_20231225T170659_20231225T170724_051814_06424B_0831.zip']
44.4441,10.0541,2023-12-29T05:28:24Z,S1A_IW_GRDH_1SDV_20231229T052759_20231229T052824_051865_06440B_CB31-GRD_HD,DESCENDING,168,GRD_HD,https://datapool.asf.alaska.edu/GRD_HD/SA/S1A_IW_GRDH_1SDV_20231229T052759_20231229T052824_051865_06440B_CB31.zip,2023-12-29 05:27:59+00:00,S1A_IW_GRDH_1SDV_20231229T052759_20231229T052824_051865_06440B_CB31,['https://datapool.asf.alaska.edu/BROWSE/SA/S1A_IW_GRDH_1SDV_20231229T052759_20231229T052824_051865_06440B_CB31.jpg'],Sentinel-1A,1774645835,32e5669a3f7dc965f330cdd29c9d48eb,444,SENTINEL_1A_FRAME,51865,VV+VH,2023-12-29T05:27:59Z,C-SAR,S1A_IWDV_0443_0450_051865_168,003.71,S1A_IW_GRDH_1SDV_20231229T052759_20231229T052824_051865_06440B_CB31.zip,IW,['s3://asf-ngap2w-p-s1-grd-7d1b4348/S1A_IW_GRDH_1SDV_20231229T052759_20231229T052824_051865_06440B_CB31.zip']
