score,master_scene,master_time,slave_scene,slave_time,delta_days
0.2,S1A_IW_SLC__1SDV_20230603T051945_20230603T052012_048817_05DEE7_31E0,2023-06-03 05:19:45+00:00,S1A_IW_SLC__1SDV_20230615T051946_20230615T052013_048992_05E43B_5133,2023-06-15 05:19:46+00:00,12
0.2,S1A_IW_SLC__1SDV_20230615T051946_20230615T052013_048992_05E43B_5133,2023-06-15 05:19:46+00:00,S1A_IW_SLC__1SDV_20230627T051946_20230627T052013_049167_05E991_B159,2023-06-27 05:19:46+00:00,12
0.6,S1A_IW_SLC__1SDV_20230627T051946_20230627T052013_049167_05E991_B159,2023-06-27 05:19:46+00:00,S1A_IW_SLC__1SDV_20230709T051947_20230709T052014_049342_05EEF9_4CBA,2023-07-09 05:19:47+00:00,12
0.6,S1A_IW_SLC__1SDV_20230522T051944_20230522T052011_048642_05D9B6_6ED9,2023-05-22 05:19:44+00:00,S1A_IW_SLC__1SDV_20230603T051945_20230603T052012_048817_05DEE7_31E0,2023-06-03 05:19:45+00:00,12
1.0,S1A_IW_SLC__1SDV_20230709T051947_20230709T052014_049342_05EEF9_4CBA,2023-07-09 05:19:47+00:00,S1A_IW_SLC__1SDV_20230721T051948_20230721T052015_049517_05F44B_3E4F,2023-07-21 05:19:48+00:00,12
1.0,S1A_IW_SLC__1SDV_20230510T051944_20230510T052011_048467_05D488_8436,2023-05-10 05:19:44+00:00,S1A_IW_SLC__1SDV_20230522T051944_20230522T052011_048642_05D9B6_6ED9,2023-05-22 05:19:44+00:00,12
1.4,S1A_IW_SLC__1SDV_20230428T051943_20230428T052010_048292_05CEBB_F289,2023-04-28 05:19:43+00:00,S1A_IW_SLC__1SDV_20230510T051944_20230510T052011_048467_05D488_8436,2023-05-10 05:19:44+00:00,12
1.4,S1A_IW_SLC__1SDV_20230721T051948_20230721T052015_049517_05F44B_3E4F,2023-07-21 05:19:48+00:00,S1A_IW_SLC__1SDV_20230802T051948_20230802T052015_049692_05F9B6_C946,2023-08-02 05:19:48+00:00,12
1.8,S1A_IW_SLC__1SDV_20230802T051948_20230802T052015_049692_05F9B6_C946,2023-08-02 05:19:48+00:00,S1A_IW_SLC__1SDV_20230814T051949_20230814T052016_049867_05FF6B_CF23,2023-08-14 05:19:49+00:00,12
1.8,S1A_IW_SLC__1SDV_20230416T051943_20230416T052010_048117_05C8DF_46D6,2023-04-16 05:19:43+00:00,S1A_IW_SLC__1SDV_20230428T051943_20230428T052010_048292_05CEBB_F289,2023-04-28 05:19:43+00:00,12
