id,datetime,eo:cloud_cover,grid:code,assets.red.href,assets.green.href,assets.nir.href,assets.rededge1.href,assets.swir16.href,assets.scl.href
S2B_T32TQQ_20230217T101023_L2A,2023-02-17 10:18:23.210000+00:00,16.480218,MGRS-32TQQ,https://e84-earth-search-sentinel-data.s3.us-west-2.amazonaws.com/sentinel-2-c1-l2a/32/T/QQ/2023/2/S2B_T32TQQ_20230217T101023_L2A/B04.tif,https://e84-earth-search-sentinel-data.s3.us-west-2.amazonaws.com/sentinel-2-c1-l2a/32/T/QQ/2023/2/S2B_T32TQQ_20230217T101023_L2A/B03.tif,https://e84-earth-search-sentinel-data.s3.us-west-2.amazonaws.com/sentinel-2-c1-l2a/32/T/QQ/2023/2/S2B_T32TQQ_20230217T101023_L2A/B08.tif,https://e84-earth-search-sentinel-data.s3.us-west-2.amazonaws.com/sentinel-2-c1-l2a/32/T/QQ/2023/2/S2B_T32TQQ_20230217T101023_L2A/B05.tif,https://e84-earth-search-sentinel-data.s3.us-west-2.amazonaws.com/sentinel-2-c1-l2a/32/T/QQ/2023/2/S2B_T32TQQ_20230217T101023_L2A/B11.tif,https://e84-earth-search-sentinel-data.s3.us-west-2.amazonaws.com/sentinel-2-c1-l2a/32/T/QQ/2023/2/S2B_T32TQQ_20230217T101023_L2A/SCL.tif
S2B_T32TPQ_20230217T101023_L2A,2023-02-17 10:18:26.655000+00:00,4.079552,MGRS-32TPQ,https://e84-earth-search-sentinel-data.s3.us-west-2.amazonaws.com/sentinel-2-c1-l2a/32/T/PQ/2023/2/S2B_T32TPQ_20230217T101023_L2A/B04.tif,https://e84-earth-search-sentinel-data.s3.us-west-2.amazonaws.com/sentinel-2-c1-l2a/32/T/PQ/2023/2/S2B_T32TPQ_20230217T101023_L2A/B03.tif,https://e84-earth-search-sentinel-data.s3.us-west-2.amazonaws.com/sentinel-2-c1-l2a/32/T/PQ/2023/2/S2B_T32TPQ_20230217T101023_L2A/B08.tif,https://e84-earth-search-sentinel-data.s3.us-west-2.amazonaws.com/sentinel-2-c1-l2a/32/T/PQ/2023/2/S2B_T32TPQ_20230217T101023_L2A/B05.tif,https://e84-earth-search-sentinel-data.s3.us-west-2.amazonaws.com/sentinel-2-c1-l2a/32/T/PQ/2023/2/S2B_T32TPQ_20230217T101023_L2A/B11.tif,https://e84-earth-search-sentinel-data.s3.us-west-2.amazonaws.com/sentinel-2-c1-l2a/32/T/PQ/2023/2/S2B_T32TPQ_20230217T101023_L2A/SCL.tif
S2B_T32TQP_20230217T101023_L2A,2023-02-17 10:18:35.162000+00:00,19.571117,MGRS-32TQP,https://e84-earth-search-sentinel-data.s3.us-west-2.amazonaws.com/sentinel-2-c1-l2a/32/T/QP/2023/2/S2B_T32TQP_20230217T101023_L2A/B04.tif,https://e84-earth-search-sentinel-data.s3.us-west-2.amazonaws.com/sentinel-2-c1-l2a/32/T/QP/2023/2/S2B_T32TQP_20230217T101023_L2A/B03.tif,https://e84-earth-search-sentinel-data.s3.us-west-2.amazonaws.com/sentinel-2-c1-l2a/32/T/QP/2023/2/S2B_T32TQP_20230217T101023_L2A/B08.tif,https://e84-earth-search-sentinel-data.s3.us-west-2.amazonaws.com/sentinel-2-c1-l2a/32/T/QP/2023/2/S2B_T32TQP_20230217T101023_L2A/B05.tif,https://e84-earth-search-sentinel-data.s3.us-west-2.amazonaws.com/sentinel-2-c1-l2a/32/T/QP/2023/2/S2B_T32TQP_20230217T101023_L2A/B11.tif,https://e84-earth-search-sentinel-data.s3.us-west-2.amazonaws.com/sentinel-2-c1-l2a/32/T/QP/2023/2/S2B_T32TQP_20230217T101023_L2A/SCL.tif
S2A_T32TQQ_20230523T100828_L2A,2023-05-23 10:18:28.166000+00:00,8.439461,MGRS-32TQQ,https://e84-earth-search-sentinel-data.s3.us-west-2.amazonaws.com/sentinel-2-c1-l2a/32/T/QQ/2023/5/S2A_T32TQQ_20230523T100828_L2A/B04.tif,https://e84-earth-search-sentinel-data.s3.us-west-2.amazonaws.com/sentinel-2-c1-l2a/32/T/QQ/2023/5/S2A_T32TQQ_20230523T100828_L2A/B03.tif,https://e84-earth-search-sentinel-data.s3.us-west-2.amazonaws.com/sentinel-2-c1-l2a/32/T/QQ/2023/5/S2A_T32TQQ_20230523T100828_L2A/B08.tif,https://e84-earth-search-sentinel-data.s3.us-west-2.amazonaws.com/sentinel-2-c1-l2a/32/T/QQ/2023/5/S2A_T32TQQ_20230523T100828_L2A/B05.tif,https://e84-earth-search-sentinel-data.s3.us-west-2.amazonaws.com/sentinel-2-c1-l2a/32/T/QQ/2023/5/S2A_T32TQQ_20230523T100828_L2A/B11.tif,https://e84-earth-search-sentinel-data.s3.us-west-2.amazonaws.com/sentinel-2-c1-l2a/32/T/QQ/2023/5/S2A_T32TQQ_20230523T100828_L2A/SCL.tif
S2A_T32TPQ_20230523T100828_L2A,2023-05-23 10:18:31.625000+00:00,7.049811,MGRS-32TPQ,https://e84-earth-search-sentinel-data.s3.us-west-2.amazonaws.com/sentinel-2-c1-l2a/32/T/PQ/2023/5/S2A_T32TPQ_20230523T100828_L2A/B04.tif,https://e84-earth-search-sentinel-data.s3.us-west-2.amazonaws.com/sentinel-2-c1-l2a/32/T/PQ/2023/5/S2A_T32TPQ_20230523T100828_L2A/B03.tif,https://e84-earth-search-sentinel-data.s3.us-west-2.amazonaws.com/sentinel-2-c1-l2a/32/T/PQ/2023/5/S2A_T32TPQ_20230523T100828_L2A/B08.tif,https://e84-earth-search-sentinel-data.s3.us-west-2.amazonaws.com/sentinel-2-c1-l2a/32/T/PQ/2023/5/S2A_T32TPQ_20230523T100828_L2A/B05.tif,https://e84-earth-search-sentinel-data.s3.us-west-2.amazonaws.com/sentinel-2-c1-l2a/32/T/PQ/2023/5/S2A_T32TPQ_20230523T100828_L2A/B11.tif,https://e84-earth-search-sentinel-data.s3.us-west-2.amazonaws.com/sentinel-2-c1-l2a/32/T/PQ/2023/5/S2A_T32TPQ_20230523T100828_L2A/SCL.tif
S2A_T32TQP_20230523T100828_L2A,2023-05-23 10:18:42.411000+00:00,8.484079,MGRS-32TQP,https://e84-earth-search-sentinel-data.s3.us-west-2.amazonaws.com/sentinel-2-c1-l2a/32/T/QP/2023/5/S2A_T32TQP_20230523T100828_L2A/B04.tif,https://e84-earth-search-sentinel-data.s3.us-west-2.amazonaws.com/sentinel-2-c1-l2a/32/T/QP/2023/5/S2A_T32TQP_20230523T100828_L2A/B03.tif,https://e84-earth-search-sentinel-data.s3.us-west-2.amazonaws.com/sentinel-2-c1-l2a/32/T/QP/2023/5/S2A_T32TQP_20230523T100828_L2A/B08.tif,https://e84-earth-search-sentinel-data.s3.us-west-2.amazonaws.com/sentinel-2-c1-l2a/32/T/QP/2023/5/S2A_T32TQP_20230523T100828_L2A/B05.tif,https://e84-earth-search-sentinel-data.s3.us-west-2.amazonaws.com/sentinel-2-c1-l2a/32/T/QP/2023/5/S2A_T32TQP_20230523T100828_L2A/B11.tif,https://e84-earth-search-sentinel-data.s3.us-west-2.amazonaws.com/sentinel-2-c1-l2a/32/T/QP/2023/5/S2A_T32TQP_20230523T100828_L2A/SCL.tif
S2B_T32TQQ_20230717T101323_L2A,2023-07-17 10:18:30.492000+00:00,0.076247,MGRS-32TQQ,https://e84-earth-search-sentinel-data.s3.us-west-2.amazonaws.com/sentinel-2-c1-l2a/32/T/QQ/2023/7/S2B_T32TQQ_20230717T101323_L2A/B04.tif,https://e84-earth-search-sentinel-data.s3.us-west-2.amazonaws.com/sentinel-2-c1-l2a/32/T/QQ/2023/7/S2B_T32TQQ_20230717T101323_L2A/B03.tif,https://e84-earth-search-sentinel-data.s3.us-west-2.amazonaws.com/sentinel-2-c1-l2a/32/T/QQ/2023/7/S2B_T32TQQ_20230717T101323_L2A/B08.tif,https://e84-earth-search-sentinel-data.s3.us-west-2.amazonaws.com/sentinel-2-c1-l2a/32/T/QQ/2023/7/S2B_T32TQQ_20230717T101323_L2A/B05.tif,https://e84-earth-search-sentinel-data.s3.us-west-2.amazonaws.com/sentinel-2-c1-l2a/32/T/QQ/2023/7/S2B_T32TQQ_20230717T101323_L2A/B11.tif,https://e84-earth-search-sentinel-data.s3.us-west-2.amazonaws.com/sentinel-2-c1-l2a/32/T/QQ/2023/7/S2B_T32TQQ_20230717T101323_L2A/SCL.tif
S2B_T32TPQ_20230717T101323_L2A,2023-07-17 10:18:33.943000+00:00,0.001224,MGRS-32TPQ,https://e84-earth-search-sentinel-data.s3.us-west-2.amazonaws.com/sentinel-2-c1-l2a/32/T/PQ/2023/7/S2B_T32TPQ_20230717T101323_L2A/B04.tif,https://e84-earth-search-sentinel-data.s3.us-west-2.amazonaws.com/sentinel-2-c1-l2a/32/T/PQ/2023/7/S2B_T32TPQ_20230717T101323_L2A/B03.tif,https://e84-earth-search-sentinel-data.s3.us-west-2.amazonaws.com/sentinel-2-c1-l2a/32/T/PQ/2023/7/S2B_T32TPQ_20230717T101323_L2A/B08.tif,https://e84-earth-search-sentinel-data.s3.us-west-2.amazonaws.com/sentinel-2-c1-l2a/32/T/PQ/2023/7/S2B_T32TPQ_20230717T101323_L2A/B05.tif,https://e84-earth-search-sentinel-data.s3.us-west-2.amazonaws.com/sentinel-2-c1-l2a/32/T/PQ/2023/7/S2B_T32TPQ_20230717T101323_L2A/B11.tif,https://e84-earth-search-sentinel-data.s3.us-west-2.amazonaws.com/sentinel-2-c1-l2a/32/T/PQ/2023/7/S2B_T32TPQ_20230717T101323_L2A/SCL.tif
S2B_T32TQP_20230717T101323_L2A,2023-07-17 10:18:44.743000+00:00,0.00167,MGRS-32TQP,https://e84-earth-search-sentinel-data.s3.us-west-2.amazonaws.com/sentinel-2-c1-l2a/32/T/QP/2023/7/S2B_T32TQP_20230717T101323_L2A/B04.tif,https://e84-earth-search-sentinel-data.s3.us-west-2.amazonaws.com/sentinel-2-c1-l2a/32/T/QP/2023/7/S2B_T32TQP_20230717T101323_L2A/B03.tif,https://e84-earth-search-sentinel-data.s3.us-west-2.amazonaws.com/sentinel-2-c1-l2a/32/T/QP/2023/7/S2B_T32TQP_20230717T101323_L2A/B08.tif,https://e84-earth-search-sentinel-data.s3.us-west-2.amazonaws.com/sentinel-2-c1-l2a/32/T/QP/2023/7/S2B_T32TQP_20230717T101323_L2A/B05.tif,https://e84-earth-search-sentinel-data.s3.us-west-2.amazonaws.com/sentinel-2-c1-l2a/32/T/QP/2023/7/S2B_T32TQP_20230717T101323_L2A/B11.tif,https://e84-earth-search-sentinel-data.s3.us-west-2.amazonaws.com/sentinel-2-c1-l2a/32/T/QP/2023/7/S2B_T32TQP_20230717T101323_L2A/SCL.tif
S2A_T32TQQ_20230910T101420_L2A,2023-09-10 10:18:30.052000+00:00,0.001911,MGRS-32TQQ,https://e84-earth-search-sentinel-data.s3.us-west-2.amazonaws.com/sentinel-2-c1-l2a/32/T/QQ/2023/9/S2A_T32TQQ_20230910T101420_L2A/B04.tif,https://e84-earth-search-sentinel-data.s3.us-west-2.amazonaws.com/sentinel-2-c1-l2a/32/T/QQ/2023/9/S2A_T32TQQ_20230910T101420_L2A/B03.tif,https://e84-earth-search-sentinel-data.s3.us-west-2.amazonaws.com/sentinel-2-c1-l2a/32/T/QQ/2023/9/S2A_T32TQQ_20230910T101420_L2A/B08.tif,https://e84-earth-search-sentinel-data.s3.us-west-2.amazonaws.com/sentinel-2-c1-l2a/32/T/QQ/2023/9/S2A_T32TQQ_20230910T101420_L2A/B05.tif,https://e84-earth-search-sentinel-data.s3.us-west-2.amazonaws.com/sentinel-2-c1-l2a/32/T/QQ/2023/9/S2A_T32TQQ_20230910T101420_L2A/B11.tif,https://e84-earth-search-sentinel-data.s3.us-west-2.amazonaws.com/sentinel-2-c1-l2a/32/T/QQ/2023/9/S2A_T32TQQ_20230910T101420_L2A/SCL.tif
S2A_T32TPQ_20230910T101420_L2A,2023-09-10 10:18:33.514000+00:00,0.000946,MGRS-32TPQ,https://e84-earth-search-sentinel-data.s3.us-west-2.amazonaws.com/sentinel-2-c1-l2a/32/T/PQ/2023/9/S2A_T32TPQ_20230910T101420_L2A/B04.tif,https://e84-earth-search-sentinel-data.s3.us-west-2.amazonaws.com/sentinel-2-c1-l2a/32/T/PQ/2023/9/S2A_T32TPQ_20230910T101420_L2A/B03.tif,https://e84-earth-search-sentinel-data.s3.us-west-2.amazonaws.com/sentinel-2-c1-l2a/32/T/PQ/2023/9/S2A_T32TPQ_20230910T101420_L2A/B08.tif,https://e84-earth-search-sentinel-data.s3.us-west-2.amazonaws.com/sentinel-2-c1-l2a/32/T/PQ/2023/9/S2A_T32TPQ_20230910T101420_L2A/B05.tif,https://e84-earth-search-sentinel-data.s3.us-west-2.amazonaws.com/sentinel-2-c1-l2a/32/T/PQ/2023/9/S2A_T32TPQ_20230910T101420_L2A/B11.tif,https://e84-earth-search-sentinel-data.s3.us-west-2.amazonaws.com/sentinel-2-c1-l2a/32/T/PQ/2023/9/S2A_T32TPQ_20230910T101420_L2A/SCL.tif
S2A_T32TQP_20230910T101420_L2A,2023-09-10 10:18:44.087000+00:00,0.000306,MGRS-32TQP,https://e84-earth-search-sentinel-data.s3.us-west-2.amazonaws.com/sentinel-2-c1-l2a/32/T/QP/2023/9/S2A_T32TQP_20230910T101420_L2A/B04.tif,https://e84-earth-search-sentinel-data.s3.us-west-2.amazonaws.com/sentinel-2-c1-l2a/32/T/QP/2023/9/S2A_T32TQP_20230910T101420_L2A/B03.tif,https://e84-earth-search-sentinel-data.s3.us-west-2.amazonaws.com/sentinel-2-c1-l2a/32/T/QP/2023/9/S2A_T32TQP_20230910T101420_L2A/B08.tif,https://e84-earth-search-sentinel-data.s3.us-west-2.amazonaws.com/sentinel-2-c1-l2a/32/T/QP/2023/9/S2A_T32TQP_20230910T101420_L2A/B05.tif,https://e84-earth-search-sentinel-data.s3.us-west-2.amazonaws.com/sentinel-2-c1-l2a/32/T/QP/2023/9/S2A_T32TQP_20230910T101420_L2A/B11.tif,https://e84-earth-search-sentinel-data.s3.us-west-2.amazonaws.com/sentinel-2-c1-l2a/32/T/QP/2023/9/S2A_T32TQP_20230910T101420_L2A/SCL.tif
S2A_T32TQQ_20231010T100926_L2A,2023-10-10 10:18:23.962000+00:00,43.244535,MGRS-32TQQ,https://e84-earth-search-sentinel-data.s3.us-west-2.amazonaws.com/sentinel-2-c1-l2a/32/T/QQ/2023/10/S2A_T32TQQ_20231010T100926_L2A/B04.tif,https://e84-earth-search-sentinel-data.s3.us-west-2.amazonaws.com/sentinel-2-c1-l2a/32/T/QQ/2023/10/S2A_T32TQQ_20231010T100926_L2A/B03.tif,https://e84-earth-search-sentinel-data.s3.us-west-2.amazonaws.com/sentinel-2-c1-l2a/32/T/QQ/2023/10/S2A_T32TQQ_20231010T100926_L2A/B08.tif,https://e84-earth-search-sentinel-data.s3.us-west-2.amazonaws.com/sentinel-2-c1-l2a/32/T/QQ/2023/10/S2A_T32TQQ_20231010T100926_L2A/B05.tif,https://e84-earth-search-sentinel-data.s3.us-west-2.amazonaws.com/sentinel-2-c1-l2a/32/T/QQ/2023/10/S2A_T32TQQ_20231010T100926_L2A/B11.tif,https://e84-earth-search-sentinel-data.s3.us-west-2.amazonaws.com/sentinel-2-c1-l2a/32/T/QQ/2023/10/S2A_T32TQQ_20231010T100926_L2A/SCL.tif
S2A_T32TPQ_20231010T100926_L2A,2023-10-10 10:18:27.411000+00:00,2.985405,MGRS-32TPQ,https://e84-earth-search-sentinel-data.s3.us-west-2.amazonaws.com/sentinel-2-c1-l2a/32/T/PQ/2023/10/S2A_T32TPQ_20231010T100926_L2A/B04.tif,https://e84-earth-search-sentinel-data.s3.us-west-2.amazonaws.com/sentinel-2-c1-l2a/32/T/PQ/2023/10/S2A_T32TPQ_20231010T100926_L2A/B03.tif,https://e84-earth-search-sentinel-data.s3.us-west-2.amazonaws.com/sentinel-2-c1-l2a/32/T/PQ/2023/10/S2A_T32TPQ_20231010T100926_L2A/B08.tif,https://e84-earth-search-sentinel-data.s3.us-west-2.amazonaws.com/sentinel-2-c1-l2a/32/T/PQ/2023/10/S2A_T32TPQ_20231010T100926_L2A/B05.tif,https://e84-earth-search-sentinel-data.s3.us-west-2.amazonaws.com/sentinel-2-c1-l2a/32/T/PQ/2023/10/S2A_T32TPQ_20231010T100926_L2A/B11.tif,https://e84-earth-search-sentinel-data.s3.us-west-2.amazonaws.com/sentinel-2-c1-l2a/32/T/PQ/2023/10/S2A_T32TPQ_20231010T100926_L2A/SCL.tif
S2A_T32TQP_20231010T100926_L2A,2023-10-10 10:18:38.219000+00:00,0.449484,MGRS-32TQP,https://e84-earth-search-sentinel-data.s3.us-west-2.amazonaws.com/sentinel-2-c1-l2a/32/T/QP/2023/10/S2A_T32TQP_20231010T100926_L2A/B04.tif,https://e84-earth-search-sentinel-data.s3.us-west-2.amazonaws.com/sentinel-2-c1-l2a/32/T/QP/2023/10/S2A_T32TQP_20231010T100926_L2A/B03.tif,https://e84-earth-search-sentinel-data.s3.us-west-2.amazonaws.com/sentinel-2-c1-l2a/32/T/QP/2023/10/S2A_T32TQP_20231010T100926_L2A/B08.tif,https://e84-earth-search-sentinel-data.s3.us-west-2.amazonaws.com/sentinel-2-c1-l2a/32/T/QP/2023/10/S2A_T32TQP_20231010T100926_L2A/B05.tif,https://e84-earth-search-sentinel-data.s3.us-west-2.amazonaws.com/sentinel-2-c1-l2a/32/T/QP/2023/10/S2A_T32TQP_20231010T100926_L2A/B11.tif,https://e84-earth-search-sentinel-data.s3.us-west-2.amazonaws.com/sentinel-2-c1-l2a/32/T/QP/2023/10/S2A_T32TQP_20231010T100926_L2A/SCL.tif
