dataset,date_or_pair,metric,n_units,n_anomalies,anomaly_rate,acquisition_investigation_flag
S1_RTC,2023-01-10,vv_gamma0_db,47,0,0.0,False
S1_RTC,2023-01-10,vh_gamma0_db,47,0,0.0,False
S1_RTC,2023-01-10,vh_vv_ratio_db,47,1,0.02127659574468085,False
S1_RTC,2023-01-22,vv_gamma0_db,47,1,0.02127659574468085,False
S1_RTC,2023-01-22,vh_gamma0_db,47,2,0.0425531914893617,False
S1_RTC,2023-01-22,vh_vv_ratio_db,47,0,0.0,False
S1_RTC,2023-02-03,vv_gamma0_db,47,0,0.0,False
S1_RTC,2023-02-03,vh_gamma0_db,47,0,0.0,False
S1_RTC,2023-02-03,vh_vv_ratio_db,47,0,0.0,False
S1_RTC,2023-02-15,vv_gamma0_db,47,1,0.02127659574468085,False
S1_RTC,2023-02-15,vh_gamma0_db,47,3,0.06382978723404255,False
S1_RTC,2023-02-15,vh_vv_ratio_db,47,0,0.0,False
S1_RTC,2023-02-27,vv_gamma0_db,47,0,0.0,False
S1_RTC,2023-02-27,vh_gamma0_db,47,1,0.02127659574468085,False
S1_RTC,2023-02-27,vh_vv_ratio_db,47,1,0.02127659574468085,False
S1_RTC,2023-03-11,vv_gamma0_db,47,0,0.0,False
S1_RTC,2023-03-11,vh_gamma0_db,47,0,0.0,False
S1_RTC,2023-03-11,vh_vv_ratio_db,47,0,0.0,False
S1_RTC,2023-03-23,vv_gamma0_db,47,0,0.0,False
S1_RTC,2023-03-23,vh_gamma0_db,47,0,0.0,False
S1_RTC,2023-03-23,vh_vv_ratio_db,47,0,0.0,False
S1_RTC,2023-04-04,vv_gamma0_db,47,0,0.0,False
S1_RTC,2023-04-04,vh_gamma0_db,47,1,0.02127659574468085,False
S1_RTC,2023-04-04,vh_vv_ratio_db,47,2,0.0425531914893617,False
S1_RTC,2023-04-16,vv_gamma0_db,47,0,0.0,False
S1_RTC,2023-04-16,vh_gamma0_db,47,0,0.0,False
S1_RTC,2023-04-16,vh_vv_ratio_db,47,1,0.02127659574468085,False
S1_RTC,2023-04-28,vv_gamma0_db,47,0,0.0,False
S1_RTC,2023-04-28,vh_gamma0_db,47,0,0.0,False
S1_RTC,2023-04-28,vh_vv_ratio_db,47,1,0.02127659574468085,False
S1_RTC,2023-05-10,vv_gamma0_db,47,0,0.0,False
S1_RTC,2023-05-10,vh_gamma0_db,47,2,0.0425531914893617,False
S1_RTC,2023-05-10,vh_vv_ratio_db,47,1,0.02127659574468085,False
S1_RTC,2023-05-22,vv_gamma0_db,47,0,0.0,False
S1_RTC,2023-05-22,vh_gamma0_db,47,0,0.0,False
S1_RTC,2023-05-22,vh_vv_ratio_db,47,0,0.0,False
S1_RTC,2023-06-03,vv_gamma0_db,47,0,0.0,False
S1_RTC,2023-06-03,vh_gamma0_db,47,0,0.0,False
S1_RTC,2023-06-03,vh_vv_ratio_db,47,0,0.0,False
S1_RTC,2023-06-15,vv_gamma0_db,47,0,0.0,False
S1_RTC,2023-06-15,vh_gamma0_db,47,0,0.0,False
S1_RTC,2023-06-15,vh_vv_ratio_db,47,1,0.02127659574468085,False
S1_RTC,2023-06-27,vv_gamma0_db,47,0,0.0,False
S1_RTC,2023-06-27,vh_gamma0_db,47,0,0.0,False
S1_RTC,2023-06-27,vh_vv_ratio_db,47,0,0.0,False
S1_RTC,2023-07-09,vv_gamma0_db,47,0,0.0,False
S1_RTC,2023-07-09,vh_gamma0_db,47,0,0.0,False
S1_RTC,2023-07-09,vh_vv_ratio_db,47,0,0.0,False
S1_RTC,2023-07-21,vv_gamma0_db,47,0,0.0,False
S1_RTC,2023-07-21,vh_gamma0_db,47,0,0.0,False
S1_RTC,2023-07-21,vh_vv_ratio_db,47,0,0.0,False
S1_RTC,2023-08-02,vv_gamma0_db,47,0,0.0,False
S1_RTC,2023-08-02,vh_gamma0_db,47,0,0.0,False
S1_RTC,2023-08-02,vh_vv_ratio_db,47,0,0.0,False
S1_RTC,2023-08-14,vv_gamma0_db,47,0,0.0,False
S1_RTC,2023-08-14,vh_gamma0_db,47,0,0.0,False
S1_RTC,2023-08-14,vh_vv_ratio_db,47,0,0.0,False
S1_RTC,2023-08-26,vv_gamma0_db,47,0,0.0,False
S1_RTC,2023-08-26,vh_gamma0_db,47,0,0.0,False
S1_RTC,2023-08-26,vh_vv_ratio_db,47,0,0.0,False
S1_RTC,2023-09-07,vv_gamma0_db,47,0,0.0,False
S1_RTC,2023-09-07,vh_gamma0_db,47,0,0.0,False
S1_RTC,2023-09-07,vh_vv_ratio_db,47,0,0.0,False
S1_RTC,2023-09-19,vv_gamma0_db,47,0,0.0,False
S1_RTC,2023-09-19,vh_gamma0_db,47,0,0.0,False
S1_RTC,2023-09-19,vh_vv_ratio_db,47,0,0.0,False
S1_RTC,2023-10-01,vv_gamma0_db,47,0,0.0,False
S1_RTC,2023-10-01,vh_gamma0_db,47,0,0.0,False
S1_RTC,2023-10-01,vh_vv_ratio_db,47,0,0.0,False
S1_RTC,2023-10-13,vv_gamma0_db,47,0,0.0,False
S1_RTC,2023-10-13,vh_gamma0_db,47,0,0.0,False
S1_RTC,2023-10-13,vh_vv_ratio_db,47,0,0.0,False
S1_RTC,2023-10-25,vv_gamma0_db,47,1,0.02127659574468085,False
S1_RTC,2023-10-25,vh_gamma0_db,47,0,0.0,False
S1_RTC,2023-10-25,vh_vv_ratio_db,47,0,0.0,False
S1_RTC,2023-11-06,vv_gamma0_db,47,0,0.0,False
S1_RTC,2023-11-06,vh_gamma0_db,47,0,0.0,False
S1_RTC,2023-11-06,vh_vv_ratio_db,47,0,0.0,False
S1_RTC,2023-11-18,vv_gamma0_db,47,0,0.0,False
S1_RTC,2023-11-18,vh_gamma0_db,47,0,0.0,False
S1_RTC,2023-11-18,vh_vv_ratio_db,47,0,0.0,False
S1_RTC,2023-11-30,vv_gamma0_db,47,0,0.0,False
S1_RTC,2023-11-30,vh_gamma0_db,47,0,0.0,False
S1_RTC,2023-11-30,vh_vv_ratio_db,47,0,0.0,False
S1_RTC,2023-12-12,vv_gamma0_db,47,0,0.0,False
S1_RTC,2023-12-12,vh_gamma0_db,47,0,0.0,False
S1_RTC,2023-12-12,vh_vv_ratio_db,47,0,0.0,False
S1_RTC,2023-12-24,vv_gamma0_db,47,0,0.0,False
S1_RTC,2023-12-24,vh_gamma0_db,47,0,0.0,False
S1_RTC,2023-12-24,vh_vv_ratio_db,47,0,0.0,False
S2,2023-02-17,gndvi,47,0,0.0,False
S2,2023-02-17,ndmi,47,3,0.06382978723404255,False
S2,2023-02-17,ndre,47,0,0.0,False
S2,2023-02-17,ndvi,47,0,0.0,False
S2,2023-05-23,gndvi,47,0,0.0,False
S2,2023-05-23,ndmi,47,1,0.02127659574468085,False
S2,2023-05-23,ndre,47,0,0.0,False
S2,2023-05-23,ndvi,47,0,0.0,False
S2,2023-07-17,gndvi,47,4,0.0851063829787234,False
S2,2023-07-17,ndmi,47,0,0.0,False
S2,2023-07-17,ndre,47,1,0.02127659574468085,False
S2,2023-07-17,ndvi,47,2,0.0425531914893617,False
S2,2023-09-10,gndvi,47,0,0.0,False
S2,2023-09-10,ndmi,47,0,0.0,False
S2,2023-09-10,ndre,47,0,0.0,False
S2,2023-09-10,ndvi,47,0,0.0,False
S2,2023-10-10,gndvi,47,0,0.0,False
S2,2023-10-10,ndmi,47,0,0.0,False
S2,2023-10-10,ndre,47,2,0.0425531914893617,False
S2,2023-10-10,ndvi,47,3,0.06382978723404255,False
S1_COHERENCE,20230203_20230215,coherence_median,47,5,0.10638297872340426,False
S1_COHERENCE,20230404_20230416,coherence_median,47,1,0.02127659574468085,False
S1_COHERENCE,20230603_20230615,coherence_median,47,2,0.0425531914893617,False
S1_COHERENCE,20230802_20230814,coherence_median,47,2,0.0425531914893617,False
S1_COHERENCE,20231001_20231013,coherence_median,47,2,0.0425531914893617,False
S1_COHERENCE,20231130_20231212,coherence_median,47,6,0.1276595744680851,False
