dataset,date_or_pair,pilot_id,class4,metric,value,robust_z,anomaly_type,severity
S1_RTC,2023-02-15,P020,ORCHARD,vv_gamma0_db,-11.835710879333345,-4.78727472690225,temporal_robust_z,INVESTIGATE
S1_RTC,2023-01-22,P032,OLIVE,vv_gamma0_db,-7.313113598560514,3.7676261274706184,temporal_robust_z,INVESTIGATE
S1_RTC,2023-10-25,P036,ANNUAL,vv_gamma0_db,-4.1942832245118575,3.653103125520291,temporal_robust_z,INVESTIGATE
S1_RTC,2023-02-15,P009,VINEYARD,vh_gamma0_db,-17.833157901047922,-3.9498200493372986,temporal_robust_z,INVESTIGATE
S1_RTC,2023-05-10,P010,VINEYARD,vh_gamma0_db,-13.468325482667352,3.7991132908011913,temporal_robust_z,INVESTIGATE
S1_RTC,2023-02-15,P016,ORCHARD,vh_gamma0_db,-17.342049853868463,-3.6317883434963516,temporal_robust_z,INVESTIGATE
S1_RTC,2023-01-22,P018,ORCHARD,vh_gamma0_db,-11.921809787062092,3.9173901019409207,temporal_robust_z,INVESTIGATE
S1_RTC,2023-04-04,P018,ORCHARD,vh_gamma0_db,-15.681793360534986,-3.7918562064925982,temporal_robust_z,INVESTIGATE
S1_RTC,2023-05-10,P018,ORCHARD,vh_gamma0_db,-12.052242910056837,3.649957797438609,temporal_robust_z,INVESTIGATE
S1_RTC,2023-02-15,P020,ORCHARD,vh_gamma0_db,-20.18323067297104,-4.401838675049825,temporal_robust_z,INVESTIGATE
S1_RTC,2023-01-22,P036,ANNUAL,vh_gamma0_db,-10.721276659751652,4.205636440764188,temporal_robust_z,INVESTIGATE
S1_RTC,2023-02-27,P040,ANNUAL,vh_gamma0_db,-12.598229339540074,4.264135994684281,temporal_robust_z,INVESTIGATE
S1_RTC,2023-02-27,P016,ORCHARD,vh_vv_ratio_db,-8.062972762150077,-4.026043892466829,temporal_robust_z,INVESTIGATE
S1_RTC,2023-01-10,P022,ORCHARD,vh_vv_ratio_db,-4.107878430570461,4.125005411187126,temporal_robust_z,INVESTIGATE
S1_RTC,2023-04-04,P032,OLIVE,vh_vv_ratio_db,-9.500870663457093,-3.658986990616515,temporal_robust_z,INVESTIGATE
S1_RTC,2023-04-04,P038,ANNUAL,vh_vv_ratio_db,-1.961433876962254,4.982815202272002,temporal_robust_z,INVESTIGATE
S1_RTC,2023-04-16,P038,ANNUAL,vh_vv_ratio_db,-1.762583067117744,5.181842248623953,temporal_robust_z,INVESTIGATE
S1_RTC,2023-04-28,P038,ANNUAL,vh_vv_ratio_db,-2.267865987051213,4.67611150905551,temporal_robust_z,INVESTIGATE
S1_RTC,2023-05-10,P045,ANNUAL,vh_vv_ratio_db,-4.56655011153353,3.7245482917619777,temporal_robust_z,INVESTIGATE
S1_RTC,2023-06-15,P045,ANNUAL,vh_vv_ratio_db,-4.572491396872464,3.719095220738722,temporal_robust_z,INVESTIGATE
S2,2023-02-17,P043,ANNUAL,ndmi,0.1642711460590362,5.547501648383332,spatial_within_class,INVESTIGATE
S2,2023-02-17,P031,OLIVE,ndmi,-0.0711430981755256,-4.762813556928604,spatial_within_class,INVESTIGATE
S2,2023-02-17,P034,OLIVE,ndmi,0.3911768794059753,4.630612944660799,spatial_within_class,INVESTIGATE
S2,2023-05-23,P026,OLIVE,ndmi,0.0708409398794174,-4.017787286126358,spatial_within_class,INVESTIGATE
S2,2023-07-17,P021,ORCHARD,gndvi,0.2215564399957656,-3.601726562501905,spatial_within_class,INVESTIGATE
S2,2023-07-17,P003,VINEYARD,gndvi,0.694881796836853,3.5156086183528084,spatial_within_class,INVESTIGATE
S2,2023-07-17,P005,VINEYARD,gndvi,0.4510905295610428,-3.900045094512732,spatial_within_class,INVESTIGATE
S2,2023-07-17,P006,VINEYARD,gndvi,0.7149552702903748,4.1262044350491776,spatial_within_class,INVESTIGATE
S2,2023-07-17,P006,VINEYARD,ndre,0.6224458813667297,4.076734743392063,spatial_within_class,INVESTIGATE
S2,2023-07-17,P003,VINEYARD,ndvi,0.7855854034423828,4.116508650195535,spatial_within_class,INVESTIGATE
S2,2023-07-17,P006,VINEYARD,ndvi,0.7769493460655212,3.9350375296925106,spatial_within_class,INVESTIGATE
S2,2023-10-10,P040,ANNUAL,ndre,0.2709929645061493,4.001511386287094,spatial_within_class,INVESTIGATE
S2,2023-10-10,P046,ANNUAL,ndre,0.2728455066680908,4.041829964975452,spatial_within_class,INVESTIGATE
S2,2023-10-10,P002,VINEYARD,ndvi,0.3516303598880768,-3.892168741921812,spatial_within_class,INVESTIGATE
S2,2023-10-10,P003,VINEYARD,ndvi,0.5618691146373749,3.58507661416655,spatial_within_class,INVESTIGATE
S2,2023-10-10,P006,VINEYARD,ndvi,0.6741190552711487,7.577301303310745,spatial_within_class,INVESTIGATE
S1_COHERENCE,20230203_20230215,P037,ANNUAL,coherence_median,0.4041301161050796,-6.340150100881098,spatial_within_class,INVESTIGATE
S1_COHERENCE,20230203_20230215,P039,ANNUAL,coherence_median,0.4651469141244888,-5.572931001725769,spatial_within_class,INVESTIGATE
S1_COHERENCE,20230203_20230215,P040,ANNUAL,coherence_median,0.6123777627944946,-3.721665075766416,spatial_within_class,INVESTIGATE
S1_COHERENCE,20230203_20230215,P013,ORCHARD,coherence_median,0.8349096477031708,-5.884592944271516,spatial_within_class,INVESTIGATE
S1_COHERENCE,20230203_20230215,P015,ORCHARD,coherence_median,0.8776079416275024,-3.521490509280194,spatial_within_class,INVESTIGATE
S1_COHERENCE,20230404_20230416,P005,VINEYARD,coherence_median,0.2295423150062561,-4.5490716599107275,spatial_within_class,INVESTIGATE
S1_COHERENCE,20230603_20230615,P014,ORCHARD,coherence_median,0.6212860643863678,3.6784442840420493,spatial_within_class,INVESTIGATE
S1_COHERENCE,20230603_20230615,P023,ORCHARD,coherence_median,0.125315323472023,-4.002475677502173,spatial_within_class,INVESTIGATE
S1_COHERENCE,20230802_20230814,P018,ORCHARD,coherence_median,0.4698322266340256,-4.453445305409529,spatial_within_class,INVESTIGATE
S1_COHERENCE,20230802_20230814,P020,ORCHARD,coherence_median,0.5239936709403992,-3.6001169021778248,spatial_within_class,INVESTIGATE
S1_COHERENCE,20231001_20231013,P047,ANNUAL,coherence_median,0.5950744450092316,-9.32945495281504,spatial_within_class,INVESTIGATE
S1_COHERENCE,20231001_20231013,P008,VINEYARD,coherence_median,0.6078378260135651,-4.291332382771496,spatial_within_class,INVESTIGATE
S1_COHERENCE,20231130_20231212,P044,ANNUAL,coherence_median,0.41159388422966,-7.026903261080783,spatial_within_class,INVESTIGATE
S1_COHERENCE,20231130_20231212,P030,OLIVE,coherence_median,0.6731945276260376,-4.101082313321587,spatial_within_class,INVESTIGATE
S1_COHERENCE,20231130_20231212,P031,OLIVE,coherence_median,0.6165459752082825,-5.263947999228355,spatial_within_class,INVESTIGATE
S1_COHERENCE,20231130_20231212,P018,ORCHARD,coherence_median,0.5876173079013824,-6.536951812352181,spatial_within_class,INVESTIGATE
S1_COHERENCE,20231130_20231212,P002,VINEYARD,coherence_median,0.6934657692909241,-4.811315052394263,spatial_within_class,INVESTIGATE
S1_COHERENCE,20231130_20231212,P008,VINEYARD,coherence_median,0.7050657868385315,-4.444313380653823,spatial_within_class,INVESTIGATE
