date,metric,n_common_pixels,replication_rmse,replication_mae,replication_max_abs,baseline_valid_fraction,strict_valid_fraction,strict_delta_valid_fraction
2023-02-17,ndvi,6859765,0.0,0.0,0.0,0.9989513563923281,0.9981795453770996,-0.0007718110152284963
2023-02-17,gndvi,6859765,0.0,0.0,0.0,0.9989513563923281,0.9981795453770996,-0.0007718110152284963
2023-02-17,ndre,6859765,0.0,0.0,0.0,0.9989513563923281,0.9981795453770996,-0.0007718110152284963
2023-02-17,ndmi,6859765,0.0,0.0,0.0,0.9989513563923281,0.9981795453770996,-0.0007718110152284963
2023-05-23,ndvi,6861447,0.0,0.0,0.0,0.9991962971711233,0.9966765526434819,-0.0025197445276414765
2023-05-23,gndvi,6861447,0.0,0.0,0.0,0.9991962971711233,0.9966765526434819,-0.0025197445276414765
2023-05-23,ndre,6861447,0.0,0.0,0.0,0.9991962971711233,0.9966765526434819,-0.0025197445276414765
2023-05-23,ndmi,6861447,0.0,0.0,0.0,0.9991962971711233,0.9966765526434819,-0.0025197445276414765
2023-07-17,ndvi,6861484,0.0,0.0,0.0,0.9992016852857579,0.9969640158404746,-0.0022376694452833634
2023-07-17,gndvi,6861484,0.0,0.0,0.0,0.9992016852857579,0.9969640158404746,-0.0022376694452833634
2023-07-17,ndre,6861484,0.0,0.0,0.0,0.9992016852857579,0.9969640158404746,-0.0022376694452833634
2023-07-17,ndmi,6861484,0.0,0.0,0.0,0.9992016852857579,0.9969640158404746,-0.0022376694452833634
2023-09-10,ndvi,6861684,0.0,0.0,0.0,0.9992308102297288,0.996399283176879,-0.002831527052849836
2023-09-10,gndvi,6861684,0.0,0.0,0.0,0.9992308102297288,0.996399283176879,-0.002831527052849836
2023-09-10,ndre,6861684,0.0,0.0,0.0,0.9992308102297288,0.996399283176879,-0.002831527052849836
2023-09-10,ndmi,6861684,0.0,0.0,0.0,0.9992308102297288,0.996399283176879,-0.002831527052849836
2023-10-10,ndvi,5825500,0.0,0.0,0.0,0.8483368055120704,0.8482820506174051,-5.475489466522099e-05
2023-10-10,gndvi,5825500,0.0,0.0,0.0,0.8483368055120704,0.8482820506174051,-5.475489466522099e-05
2023-10-10,ndre,5825500,0.0,0.0,0.0,0.8483368055120704,0.8482820506174051,-5.475489466522099e-05
2023-10-10,ndmi,5825500,0.0,0.0,0.0,0.8483368055120704,0.8482820506174051,-5.475489466522099e-05
