dataset,date_or_pair,metric,median_value,robust_z,flag
S1_RTC,2023-01-10,vv_gamma0_db,-8.892570818598278,0.8703428825802292,False
S1_RTC,2023-01-22,vv_gamma0_db,-7.644597925549741,2.4044081904876315,False
S1_RTC,2023-02-03,vv_gamma0_db,-10.108591268379268,-0.6244450219535426,False
S1_RTC,2023-02-15,vv_gamma0_db,-10.9606322488791,-1.6718127303236032,False
S1_RTC,2023-02-27,vv_gamma0_db,-8.213020290415503,1.7056774447827765,False
S1_RTC,2023-03-11,vv_gamma0_db,-10.204189845764242,-0.7419591617786024,False
S1_RTC,2023-03-23,vv_gamma0_db,-9.542261672859151,0.07171319603978081,False
S1_RTC,2023-04-04,vv_gamma0_db,-10.349719488415856,-0.9208508486954903,False
S1_RTC,2023-04-16,vv_gamma0_db,-9.71487511654832,-0.14047113674258468,False
S1_RTC,2023-04-28,vv_gamma0_db,-10.05357096089718,-0.5568115457708293,False
S1_RTC,2023-05-10,vv_gamma0_db,-7.794656939844043,2.219948792971922,False
S1_RTC,2023-05-22,vv_gamma0_db,-8.1635120492868,1.7665352371227463,False
S1_RTC,2023-06-03,vv_gamma0_db,-9.300917639594427,0.36838431026362456,False
S1_RTC,2023-06-15,vv_gamma0_db,-8.145917593381727,1.7881631463231977,False
S1_RTC,2023-06-27,vv_gamma0_db,-9.139940306528162,0.5662650041408496,False
S1_RTC,2023-07-09,vv_gamma0_db,-9.021747764551773,0.711552677702776,False
S1_RTC,2023-07-21,vv_gamma0_db,-9.599456205258685,0.0014070632344607282,False
S1_RTC,2023-08-02,vv_gamma0_db,-9.433134830966033,0.20585689679019323,False
S1_RTC,2023-08-14,vv_gamma0_db,-9.82276802117785,-0.2730980254221985,False
S1_RTC,2023-08-26,vv_gamma0_db,-9.788245470069736,-0.2306613280464654,False
S1_RTC,2023-09-07,vv_gamma0_db,-10.066949984005891,-0.5732576523482162,False
S1_RTC,2023-09-19,vv_gamma0_db,-9.922274655320544,-0.39541612719767016,False
S1_RTC,2023-10-01,vv_gamma0_db,-10.44588003539163,-1.0390557872215054,False
S1_RTC,2023-10-13,vv_gamma0_db,-10.350859128675095,-0.9222517465795167,False
S1_RTC,2023-10-25,vv_gamma0_db,-8.245348755882244,1.6659378177390662,False
S1_RTC,2023-11-06,vv_gamma0_db,-8.749933377080477,1.0456793437004779,False
S1_RTC,2023-11-18,vv_gamma0_db,-10.119152054056627,-0.637426822297224,False
S1_RTC,2023-11-30,vv_gamma0_db,-9.60174551688885,-0.0014070632344607282,False
S1_RTC,2023-12-12,vv_gamma0_db,-9.176373105643606,0.5214801426231982,False
S1_RTC,2023-12-24,vv_gamma0_db,-10.275015925398378,-0.8290218153562786,False
S1_RTC,2023-01-10,vh_gamma0_db,-15.426176169985036,0.14397581210011537,False
S1_RTC,2023-01-22,vh_gamma0_db,-13.933353804558868,1.4137412191015304,False
S1_RTC,2023-02-03,vh_gamma0_db,-16.997863919942365,-1.192870943229669,False
S1_RTC,2023-02-15,vh_gamma0_db,-17.413368575912106,-1.546291049209783,False
S1_RTC,2023-02-27,vh_gamma0_db,-14.601112218797851,0.845759016883702,False
S1_RTC,2023-03-11,vh_gamma0_db,-16.26719574151178,-0.5713789302110719,False
S1_RTC,2023-03-23,vh_gamma0_db,-15.80744536186931,-0.18032428000885353,False
S1_RTC,2023-04-04,vh_gamma0_db,-16.810783629818417,-1.0337441199499529,False
S1_RTC,2023-04-16,vh_gamma0_db,-16.157485057606856,-0.4780611755824613,False
S1_RTC,2023-04-28,vh_gamma0_db,-16.4005998326805,-0.6848498320689381,False
S1_RTC,2023-05-10,vh_gamma0_db,-13.43482337918462,1.837781415134639,False
S1_RTC,2023-05-22,vh_gamma0_db,-14.017151861937844,1.3424642360538068,False
S1_RTC,2023-06-03,vh_gamma0_db,-14.97103632150128,0.5311088349816114,False
S1_RTC,2023-06-15,vh_gamma0_db,-13.99063573260412,1.365018335279086,False
S1_RTC,2023-06-27,vh_gamma0_db,-14.65740163130882,0.7978803472963418,False
S1_RTC,2023-07-09,vh_gamma0_db,-14.94234491797708,0.5555131797429846,False
S1_RTC,2023-07-21,vh_gamma0_db,-14.814648004888134,0.6641296679310619,False
S1_RTC,2023-08-02,vh_gamma0_db,-15.199431611411804,0.3368402837011311,False
S1_RTC,2023-08-14,vh_gamma0_db,-15.570789902295283,0.0209702094794082,False
S1_RTC,2023-08-26,vh_gamma0_db,-15.51099559338388,0.07183007516046762,False
S1_RTC,2023-09-07,vh_gamma0_db,-16.018010091047643,-0.35942650625995987,False
S1_RTC,2023-09-19,vh_gamma0_db,-16.131420698481293,-0.4558913432301349,False
S1_RTC,2023-10-01,vh_gamma0_db,-16.757885486689958,-0.9887499975448051,False
S1_RTC,2023-10-13,vh_gamma0_db,-16.86893114350856,-1.0832032539345975,False
S1_RTC,2023-10-25,vh_gamma0_db,-14.461403064159985,0.9645928819899039,False
S1_RTC,2023-11-06,vh_gamma0_db,-15.191634197855835,0.3434726106455535,False
S1_RTC,2023-11-18,vh_gamma0_db,-16.559107070692647,-0.8196729779759926,False
S1_RTC,2023-11-30,vh_gamma0_db,-16.077219474753242,-0.4097888460402733,False
S1_RTC,2023-12-12,vh_gamma0_db,-15.620097904459964,-0.02097020947940669,False
S1_RTC,2023-12-24,vh_gamma0_db,-16.492261108790622,-0.7628151146516476,False
S1_RTC,2023-01-10,vh_vv_ratio_db,-6.144446965021693,-0.2730854596586555,False
S1_RTC,2023-01-22,vh_vv_ratio_db,-6.161735661092656,-0.3370438766348769,False
S1_RTC,2023-02-03,vh_vv_ratio_db,-6.350655139624103,-1.0359393128926873,False
S1_RTC,2023-02-15,vh_vv_ratio_db,-6.257055631802699,-0.6896739655560048,False
S1_RTC,2023-02-27,vh_vv_ratio_db,-6.206166502672507,-0.5014129117954432,False
S1_RTC,2023-03-11,vh_vv_ratio_db,-5.892410950397736,0.6593055344439953,False
S1_RTC,2023-03-23,vh_vv_ratio_db,-6.104733391356337,-0.12616765315208303,False
S1_RTC,2023-04-04,vh_vv_ratio_db,-6.070887156107245,-0.0009556870066176177,False
S1_RTC,2023-04-16,vh_vv_ratio_db,-6.148574554021331,-0.28835520916791385,False
S1_RTC,2023-04-28,vh_vv_ratio_db,-6.006214560360084,0.2382964132531968,False
S1_RTC,2023-05-10,vh_vv_ratio_db,-5.715512436283715,1.3137301875085425,False
S1_RTC,2023-05-22,vh_vv_ratio_db,-5.634626907164924,1.6129609899639459,False
S1_RTC,2023-06-03,vh_vv_ratio_db,-5.498175125254714,2.117755563755965,False
S1_RTC,2023-06-15,vh_vv_ratio_db,-5.763946052901222,1.1345531440476628,False
S1_RTC,2023-06-27,vh_vv_ratio_db,-5.527524149031642,2.0091807416372256,False
S1_RTC,2023-07-09,vh_vv_ratio_db,-5.72550333233031,1.2767695114291369,False
S1_RTC,2023-07-21,vh_vv_ratio_db,-5.69407791739857,1.3930258088158847,False
S1_RTC,2023-08-02,vh_vv_ratio_db,-5.902532973180884,0.6218597634529325,False
S1_RTC,2023-08-14,vh_vv_ratio_db,-6.028084148651319,0.15739128071527717,False
S1_RTC,2023-08-26,vh_vv_ratio_db,-5.849537500972383,0.8179130976922795,False
S1_RTC,2023-09-07,vh_vv_ratio_db,-6.070370489717503,0.0009556870066176177,False
S1_RTC,2023-09-19,vh_vv_ratio_db,-5.945064285690017,0.4645179136778197,False
S1_RTC,2023-10-01,vh_vv_ratio_db,-6.327219179902318,-0.9492394901893823,False
S1_RTC,2023-10-13,vh_vv_ratio_db,-6.245734718274259,-0.6477929755130484,False
S1_RTC,2023-10-25,vh_vv_ratio_db,-6.408299986440872,-1.2491927088749017,False
S1_RTC,2023-11-06,vh_vv_ratio_db,-6.291850467904632,-0.8183952194257117,False
S1_RTC,2023-11-18,vh_vv_ratio_db,-6.083681251604702,-0.0482866188074409,False
S1_RTC,2023-11-30,vh_vv_ratio_db,-6.38698931660905,-1.1703552591591064,False
S1_RTC,2023-12-12,vh_vv_ratio_db,-6.311127692181744,-0.8897100683535282,False
S1_RTC,2023-12-24,vh_vv_ratio_db,-6.027563121139959,0.15931878841688898,False
