date,polarization,file,crs,resolution_m,width,height,nodata,valid_fraction,edge_valid_fraction,interior_valid_fraction,p01_db,median_db,p99_db,median_robust_z,status,reason
20230110,VV,S1A_IW_GRDH_1SDV_20230110T051944_20230110T052009_046717_0599A6_rtc_VV_gamma0_rtc.tif,EPSG:32633,10.0,2919,2408,-32768.0,1.0,1.0,1.0,-15.51129052913786,-8.842201344829942,-0.4189316519374114,1.0863777925258136,PASS,complete raster; positive finite gamma0; no edge validity loss; temporal distribution consistent
20230110,VH,S1A_IW_GRDH_1SDV_20230110T051944_20230110T052009_046717_0599A6_rtc_VH_gamma0_rtc.tif,EPSG:32633,10.0,2919,2408,-32768.0,1.0,1.0,1.0,-21.38291158183025,-15.137185851025887,-7.7714295351917055,0.6874745154395409,PASS,complete raster; positive finite gamma0; no edge validity loss; temporal distribution consistent
20230122,VV,S1A_IW_GRDH_1SDV_20230122T051944_20230122T052009_046892_059F8E_rtc_VV_gamma0_rtc.tif,EPSG:32633,10.0,2919,2408,-32768.0,1.0,1.0,1.0,-14.237123506715852,-7.779011539394277,0.8994558047642158,2.5166495371418813,PASS,complete raster; positive finite gamma0; no edge validity loss; temporal distribution consistent
20230122,VH,S1A_IW_GRDH_1SDV_20230122T051944_20230122T052009_046892_059F8E_rtc_VH_gamma0_rtc.tif,EPSG:32633,10.0,2919,2408,-32768.0,1.0,1.0,1.0,-20.293474882508313,-14.147206805970576,-7.163550775616735,1.6932303319042372,PASS,complete raster; positive finite gamma0; no edge validity loss; temporal distribution consistent
20230203,VV,S1A_IW_GRDH_1SDV_20230203T051944_20230203T052009_047067_05A563_rtc_VV_gamma0_rtc.tif,EPSG:32633,10.0,2919,2408,-32768.0,1.0,1.0,1.0,-16.586516181384347,-10.131069127247422,-0.8359053649004429,-0.6474905744515266,PASS,complete raster; positive finite gamma0; no edge validity loss; temporal distribution consistent
20230203,VH,S1A_IW_GRDH_1SDV_20230203T051944_20230203T052009_047067_05A563_rtc_VH_gamma0_rtc.tif,EPSG:32633,10.0,2919,2408,-32768.0,1.0,1.0,1.0,-23.350887095094592,-16.75099808884544,-8.105197685086988,-0.952056192786954,PASS,complete raster; positive finite gamma0; no edge validity loss; temporal distribution consistent
20230215,VV,S1A_IW_GRDH_1SDV_20230215T051943_20230215T052008_047242_05AB3E_rtc_VV_gamma0_rtc.tif,EPSG:32633,10.0,2919,2408,-32768.0,1.0,1.0,1.0,-17.48267403421226,-11.15668613785344,-1.203068842459964,-2.0272169634440242,PASS,complete raster; positive finite gamma0; no edge validity loss; temporal distribution consistent
20230215,VH,S1A_IW_GRDH_1SDV_20230215T051943_20230215T052008_047242_05AB3E_rtc_VH_gamma0_rtc.tif,EPSG:32633,10.0,2919,2408,-32768.0,1.0,1.0,1.0,-24.216036635287193,-17.531480379344245,-8.085817659040293,-1.744976615938948,PASS,complete raster; positive finite gamma0; no edge validity loss; temporal distribution consistent
20230227,VV,S1A_IW_GRDH_1SDV_20230227T051943_20230227T052008_047417_05B13B_rtc_VV_gamma0_rtc.tif,EPSG:32633,10.0,2919,2408,-32768.0,1.0,1.0,1.0,-14.793529906785178,-8.370282374979752,0.39322143565849044,1.7212337372256075,PASS,complete raster; positive finite gamma0; no edge validity loss; temporal distribution consistent
20230227,VH,S1A_IW_GRDH_1SDV_20230227T051943_20230227T052008_047417_05B13B_rtc_VH_gamma0_rtc.tif,EPSG:32633,10.0,2919,2408,-32768.0,1.0,1.0,1.0,-21.00212927730866,-14.665572210255949,-7.361701255776842,1.166604012874465,PASS,complete raster; positive finite gamma0; no edge validity loss; temporal distribution consistent
20230311,VV,S1A_IW_GRDH_1SDV_20230311T051943_20230311T052008_047592_05B725_rtc_VV_gamma0_rtc.tif,EPSG:32633,10.0,2919,2408,-32768.0,1.0,1.0,1.0,-16.605999848214374,-10.304759622521516,-0.953896463074619,-0.8811502713643563,PASS,complete raster; positive finite gamma0; no edge validity loss; temporal distribution consistent
20230311,VH,S1A_IW_GRDH_1SDV_20230311T051943_20230311T052008_047592_05B725_rtc_VH_gamma0_rtc.tif,EPSG:32633,10.0,2919,2408,-32768.0,1.0,1.0,1.0,-23.092559156670145,-16.30015636359774,-7.840327868063516,-0.4940296418840326,PASS,complete raster; positive finite gamma0; no edge validity loss; temporal distribution consistent
20230323,VV,S1A_IW_GRDH_1SDV_20230323T051943_20230323T052008_047767_05BD0A_rtc_VV_gamma0_rtc.tif,EPSG:32633,10.0,2919,2408,-32768.0,1.0,1.0,1.0,-16.643762412655935,-9.740653495067166,-0.7183743771437943,-0.12227819514826292,PASS,complete raster; positive finite gamma0; no edge validity loss; temporal distribution consistent
20230323,VH,S1A_IW_GRDH_1SDV_20230323T051943_20230323T052008_047767_05BD0A_rtc_VH_gamma0_rtc.tif,EPSG:32633,10.0,2919,2408,-32768.0,1.0,1.0,1.0,-22.27713764820683,-15.836721399060398,-7.79690467766816,-0.023209159910597875,PASS,complete raster; positive finite gamma0; no edge validity loss; temporal distribution consistent
20230404,VV,S1A_IW_GRDH_1SDV_20230404T051943_20230404T052008_047942_05C2F3_rtc_VV_gamma0_rtc.tif,EPSG:32633,10.0,2919,2408,-32768.0,1.0,1.0,1.0,-18.647549087850713,-11.069221095573898,-1.2514042511760666,-1.909553327116345,PASS,complete raster; positive finite gamma0; no edge validity loss; temporal distribution consistent
20230404,VH,S1A_IW_GRDH_1SDV_20230404T051943_20230404T052008_047942_05C2F3_rtc_VH_gamma0_rtc.tif,EPSG:32633,10.0,2919,2408,-32768.0,1.0,1.0,1.0,-23.432056661248915,-17.011227028692094,-8.051309620335715,-1.216432263341652,PASS,complete raster; positive finite gamma0; no edge validity loss; temporal distribution consistent
20230416,VV,S1A_IW_GRDH_1SDV_20230416T051944_20230416T052009_048117_05C8DF_rtc_VV_gamma0_rtc.tif,EPSG:32633,10.0,2919,2408,-32768.0,1.0,1.0,1.0,-18.344360292472437,-10.542388328645218,-1.1447989676087253,-1.200823788116275,PASS,complete raster; positive finite gamma0; no edge validity loss; temporal distribution consistent
20230416,VH,S1A_IW_GRDH_1SDV_20230416T051944_20230416T052009_048117_05C8DF_rtc_VH_gamma0_rtc.tif,EPSG:32633,10.0,2919,2408,-32768.0,1.0,1.0,1.0,-23.162807736184007,-16.461650607362806,-7.974483055762043,-0.6580975338293699,PASS,complete raster; positive finite gamma0; no edge validity loss; temporal distribution consistent
20230428,VV,S1A_IW_GRDH_1SDV_20230428T051944_20230428T052009_048292_05CEBB_rtc_VV_gamma0_rtc.tif,EPSG:32633,10.0,2919,2408,-32768.0,1.0,1.0,1.0,-18.096043142381575,-10.579523876238614,-1.1534521697707005,-1.2507809304554214,PASS,complete raster; positive finite gamma0; no edge validity loss; temporal distribution consistent
20230428,VH,S1A_IW_GRDH_1SDV_20230428T051944_20230428T052009_048292_05CEBB_rtc_VH_gamma0_rtc.tif,EPSG:32633,10.0,2919,2408,-32768.0,1.0,1.0,1.0,-23.370134775977437,-16.60321465270015,-7.9190200190391185,-0.8019176103364947,PASS,complete raster; positive finite gamma0; no edge validity loss; temporal distribution consistent
20230510,VV,S1A_IW_GRDH_1SDV_20230510T051945_20230510T052010_048467_05D488_rtc_VV_gamma0_rtc.tif,EPSG:32633,10.0,2919,2408,-32768.0,1.0,1.0,1.0,-15.370101532431242,-8.023009926407424,0.43183400772487446,2.1884071133596144,PASS,complete raster; positive finite gamma0; no edge validity loss; temporal distribution consistent
20230510,VH,S1A_IW_GRDH_1SDV_20230510T051945_20230510T052010_048467_05D488_rtc_VH_gamma0_rtc.tif,EPSG:32633,10.0,2919,2408,-32768.0,1.0,1.0,1.0,-20.697233173580337,-14.078465318941678,-7.30872636747211,1.7630673155829013,PASS,complete raster; positive finite gamma0; no edge validity loss; temporal distribution consistent
20230522,VV,S1A_IW_GRDH_1SDV_20230522T051946_20230522T052011_048642_05D9B6_rtc_VV_gamma0_rtc.tif,EPSG:32633,10.0,2919,2408,-32768.0,1.0,1.0,1.0,-15.78552810392525,-8.565127630062094,-0.08065847051734568,1.4591152881095644,PASS,complete raster; positive finite gamma0; no edge validity loss; temporal distribution consistent
20230522,VH,S1A_IW_GRDH_1SDV_20230522T051946_20230522T052011_048642_05D9B6_rtc_VH_gamma0_rtc.tif,EPSG:32633,10.0,2919,2408,-32768.0,1.0,1.0,1.0,-21.25587379520137,-14.35239793465988,-7.467381467892764,1.4847691809364478,PASS,complete raster; positive finite gamma0; no edge validity loss; temporal distribution consistent
20230603,VV,S1A_IW_GRDH_1SDV_20230603T051946_20230603T052011_048817_05DEE7_rtc_VV_gamma0_rtc.tif,EPSG:32633,10.0,2919,2408,-32768.0,1.0,1.0,1.0,-16.004898270013236,-9.426234257438036,-0.9328773663678275,0.30069891509631214,PASS,complete raster; positive finite gamma0; no edge validity loss; temporal distribution consistent
20230603,VH,S1A_IW_GRDH_1SDV_20230603T051946_20230603T052011_048817_05DEE7_rtc_VH_gamma0_rtc.tif,EPSG:32633,10.0,2919,2408,-32768.0,1.0,1.0,1.0,-21.650817016695655,-15.19780402806042,-7.606026636918601,0.6258902986417382,PASS,complete raster; positive finite gamma0; no edge validity loss; temporal distribution consistent
20230615,VV,S1A_IW_GRDH_1SDV_20230615T051947_20230615T052012_048992_05E43B_rtc_VV_gamma0_rtc.tif,EPSG:32633,10.0,2919,2408,-32768.0,1.0,1.0,1.0,-15.46351214671651,-8.5205068727027,-0.565293846941315,1.5191420191299563,PASS,complete raster; positive finite gamma0; no edge validity loss; temporal distribution consistent
20230615,VH,S1A_IW_GRDH_1SDV_20230615T051947_20230615T052012_048992_05E43B_rtc_VH_gamma0_rtc.tif,EPSG:32633,10.0,2919,2408,-32768.0,1.0,1.0,1.0,-20.837036485185724,-14.45512040319721,-7.597162066260913,1.3804096788550082,PASS,complete raster; positive finite gamma0; no edge validity loss; temporal distribution consistent
20230627,VV,S1A_IW_GRDH_1SDV_20230627T051947_20230627T052012_049167_05E991_rtc_VV_gamma0_rtc.tif,EPSG:32633,10.0,2919,2408,-32768.0,1.0,1.0,1.0,-16.22995576999728,-9.284378433981672,-0.8612685543391159,0.4915325508794763,PASS,complete raster; positive finite gamma0; no edge validity loss; temporal distribution consistent
20230627,VH,S1A_IW_GRDH_1SDV_20230627T051947_20230627T052012_049167_05E991_rtc_VH_gamma0_rtc.tif,EPSG:32633,10.0,2919,2408,-32768.0,1.0,1.0,1.0,-21.855129337476214,-15.162748011303098,-7.302283717589674,0.6615049845604591,PASS,complete raster; positive finite gamma0; no edge validity loss; temporal distribution consistent
20230709,VV,S1A_IW_GRDH_1SDV_20230709T051948_20230709T052013_049342_05EEF9_rtc_VV_gamma0_rtc.tif,EPSG:32633,10.0,2919,2408,-32768.0,1.0,1.0,1.0,-16.021663419649638,-9.20654391902178,-0.8394606965626132,0.5962405784902316,PASS,complete raster; positive finite gamma0; no edge validity loss; temporal distribution consistent
20230709,VH,S1A_IW_GRDH_1SDV_20230709T051948_20230709T052013_049342_05EEF9_rtc_VH_gamma0_rtc.tif,EPSG:32633,10.0,2919,2408,-32768.0,1.0,1.0,1.0,-22.515123180670265,-15.225972554325695,-7.407460435801365,0.5972728655010632,PASS,complete raster; positive finite gamma0; no edge validity loss; temporal distribution consistent
20230721,VV,S1A_IW_GRDH_1SDV_20230721T051949_20230721T052014_049517_05F44B_rtc_VV_gamma0_rtc.tif,EPSG:32633,10.0,2919,2408,-32768.0,1.0,1.0,1.0,-16.145899845019695,-9.40232467801083,-0.8282655567221452,0.33286362896541655,PASS,complete raster; positive finite gamma0; no edge validity loss; temporal distribution consistent
20230721,VH,S1A_IW_GRDH_1SDV_20230721T051949_20230721T052014_049517_05F44B_rtc_VH_gamma0_rtc.tif,EPSG:32633,10.0,2919,2408,-32768.0,1.0,1.0,1.0,-22.815985170981676,-15.328757416018732,-7.245796683566961,0.49284997593725893,PASS,complete raster; positive finite gamma0; no edge validity loss; temporal distribution consistent
20230802,VV,S1A_IW_GRDH_1SDV_20230802T051949_20230802T052014_049692_05F9B6_rtc_VV_gamma0_rtc.tif,EPSG:32633,10.0,2919,2408,-32768.0,1.0,1.0,1.0,-16.307945344647013,-9.631859602921395,-0.8497762282888668,0.02407839059715982,PASS,complete raster; positive finite gamma0; no edge validity loss; temporal distribution consistent
20230802,VH,S1A_IW_GRDH_1SDV_20230802T051949_20230802T052014_049692_05F9B6_rtc_VH_gamma0_rtc.tif,EPSG:32633,10.0,2919,2408,-32768.0,1.0,1.0,1.0,-22.790238881600313,-15.691902798927126,-7.376162236715121,0.12391733750751223,PASS,complete raster; positive finite gamma0; no edge validity loss; temporal distribution consistent
20230814,VV,S1A_IW_GRDH_1SDV_20230814T051950_20230814T052015_049867_05FF6B_rtc_VV_gamma0_rtc.tif,EPSG:32633,10.0,2919,2408,-32768.0,1.0,1.0,1.0,-16.37595722549374,-9.667656855451293,-0.9717767354955333,-0.02407839059716221,PASS,complete raster; positive finite gamma0; no edge validity loss; temporal distribution consistent
20230814,VH,S1A_IW_GRDH_1SDV_20230814T051950_20230814T052015_049867_05FF6B_rtc_VH_gamma0_rtc.tif,EPSG:32633,10.0,2919,2408,-32768.0,1.0,1.0,1.0,-22.77431895162231,-15.8783304005608,-7.545500746713456,-0.06548126201754723,PASS,complete raster; positive finite gamma0; no edge validity loss; temporal distribution consistent
20230826,VV,S1A_IW_GRDH_1SDV_20230826T051951_20230826T052016_050042_060562_rtc_VV_gamma0_rtc.tif,EPSG:32633,10.0,2919,2408,-32768.0,1.0,1.0,1.0,-16.395626426400057,-9.707499335198861,-0.8536690005603466,-0.0776770732849006,PASS,complete raster; positive finite gamma0; no edge validity loss; temporal distribution consistent
20230826,VH,S1A_IW_GRDH_1SDV_20230826T051951_20230826T052016_050042_060562_rtc_VH_gamma0_rtc.tif,EPSG:32633,10.0,2919,2408,-32768.0,1.0,1.0,1.0,-22.67408463883298,-15.791031219418993,-7.18142482751893,0.023209159910597875,PASS,complete raster; positive finite gamma0; no edge validity loss; temporal distribution consistent
20230907,VV,S1A_IW_GRDH_1SDV_20230907T051951_20230907T052016_050217_060B56_rtc_VV_gamma0_rtc.tif,EPSG:32633,10.0,2919,2408,-32768.0,1.0,1.0,1.0,-16.46862815868795,-9.770888632982693,-0.8087554583432176,-0.16295245973776226,PASS,complete raster; positive finite gamma0; no edge validity loss; temporal distribution consistent
20230907,VH,S1A_IW_GRDH_1SDV_20230907T051951_20230907T052016_050217_060B56_rtc_VH_gamma0_rtc.tif,EPSG:32633,10.0,2919,2408,-32768.0,1.0,1.0,1.0,-22.717316703720027,-16.103506665371356,-7.3016931893197325,-0.2942460416299858,PASS,complete raster; positive finite gamma0; no edge validity loss; temporal distribution consistent
20230919,VV,S1A_IW_GRDH_1SDV_20230919T051952_20230919T052017_050392_061156_rtc_VV_gamma0_rtc.tif,EPSG:32633,10.0,2919,2408,-32768.0,1.0,1.0,1.0,-16.530964221503513,-9.827749138975392,-0.9246715004730367,-0.23944489287636317,PASS,complete raster; positive finite gamma0; no edge validity loss; temporal distribution consistent
20230919,VH,S1A_IW_GRDH_1SDV_20230919T051952_20230919T052017_050392_061156_rtc_VH_gamma0_rtc.tif,EPSG:32633,10.0,2919,2408,-32768.0,1.0,1.0,1.0,-22.81984313727436,-16.141148880214963,-7.44666232164203,-0.3324881405033585,PASS,complete raster; positive finite gamma0; no edge validity loss; temporal distribution consistent
20231001,VV,S1A_IW_GRDH_1SDV_20231001T051952_20231001T052017_050567_061751_rtc_VV_gamma0_rtc.tif,EPSG:32633,10.0,2919,2408,-32768.0,1.0,1.0,1.0,-16.832927191166686,-10.119818957607784,-1.0140259661835525,-0.6323561180492494,PASS,complete raster; positive finite gamma0; no edge validity loss; temporal distribution consistent
20231001,VH,S1A_IW_GRDH_1SDV_20231001T051952_20231001T052017_050567_061751_rtc_VH_gamma0_rtc.tif,EPSG:32633,10.0,2919,2408,-32768.0,1.0,1.0,1.0,-23.13800360551124,-16.62538631239588,-7.579301739495761,-0.8244426080230971,PASS,complete raster; positive finite gamma0; no edge validity loss; temporal distribution consistent
20231013,VV,S1A_IW_GRDH_1SDV_20231013T051952_20231013T052017_050742_061D51_rtc_VV_gamma0_rtc.tif,EPSG:32633,10.0,2919,2408,-32768.0,1.0,1.0,1.0,-16.784724070051137,-9.98211627509988,-1.048912896527946,-0.4471095562952207,PASS,complete raster; positive finite gamma0; no edge validity loss; temporal distribution consistent
20231013,VH,S1A_IW_GRDH_1SDV_20231013T051952_20231013T052017_050742_061D51_rtc_VH_gamma0_rtc.tif,EPSG:32633,10.0,2919,2408,-32768.0,1.0,1.0,1.0,-23.140126969644392,-16.61963814253276,-7.774636902389832,-0.8186028326230683,PASS,complete raster; positive finite gamma0; no edge validity loss; temporal distribution consistent
20231025,VV,S1A_IW_GRDH_1SDV_20231025T051952_20231025T052017_050917_06234A_rtc_VV_gamma0_rtc.tif,EPSG:32633,10.0,2919,2408,-32768.0,1.0,1.0,1.0,-15.11859103328953,-8.223218827117021,-0.24520625273302873,1.9190731409667525,PASS,complete raster; positive finite gamma0; no edge validity loss; temporal distribution consistent
20231025,VH,S1A_IW_GRDH_1SDV_20231025T051952_20231025T052017_050917_06234A_rtc_VH_gamma0_rtc.tif,EPSG:32633,10.0,2919,2408,-32768.0,1.0,1.0,1.0,-21.08362067938467,-14.61832532893165,-7.741187994777797,1.2146038427083132,PASS,complete raster; positive finite gamma0; no edge validity loss; temporal distribution consistent
20231106,VV,S1A_IW_GRDH_1SDV_20231106T051952_20231106T052017_051092_062947_rtc_VV_gamma0_rtc.tif,EPSG:32633,10.0,2919,2408,-32768.0,1.0,1.0,1.0,-15.67088099506233,-8.656569924343207,-0.5038088997127489,1.3361011949490758,PASS,complete raster; positive finite gamma0; no edge validity loss; temporal distribution consistent
20231106,VH,S1A_IW_GRDH_1SDV_20231106T051952_20231106T052017_051092_062947_rtc_VH_gamma0_rtc.tif,EPSG:32633,10.0,2919,2408,-32768.0,1.0,1.0,1.0,-22.142226818291952,-15.222712642635921,-7.816077913714752,0.6005847286758725,PASS,complete raster; positive finite gamma0; no edge validity loss; temporal distribution consistent
20231118,VV,S1A_IW_GRDH_1SDV_20231118T051952_20231118T052017_051267_062F56_rtc_VV_gamma0_rtc.tif,EPSG:32633,10.0,2919,2408,-32768.0,1.0,1.0,1.0,-16.810005147664143,-9.950453473695939,-1.1092638837772175,-0.4045147063710436,PASS,complete raster; positive finite gamma0; no edge validity loss; temporal distribution consistent
20231118,VH,S1A_IW_GRDH_1SDV_20231118T051952_20231118T052017_051267_062F56_rtc_VH_gamma0_rtc.tif,EPSG:32633,10.0,2919,2408,-32768.0,1.0,1.0,1.0,-23.224544557854287,-16.599530540709722,-8.201911397152688,-0.7981747866056422,PASS,complete raster; positive finite gamma0; no edge validity loss; temporal distribution consistent
20231130,VV,S1A_IW_GRDH_1SDV_20231130T051951_20231130T052016_051442_063550_rtc_VV_gamma0_rtc.tif,EPSG:32633,10.0,2919,2408,-32768.0,1.0,1.0,1.0,-15.765468737289115,-9.128307758619048,-0.5407655733964142,0.7014889255484733,PASS,complete raster; positive finite gamma0; no edge validity loss; temporal distribution consistent
20231130,VH,S1A_IW_GRDH_1SDV_20231130T051951_20231130T052016_051442_063550_rtc_VH_gamma0_rtc.tif,EPSG:32633,10.0,2919,2408,-32768.0,1.0,1.0,1.0,-22.31803408775019,-15.913975501061756,-8.066121043589956,-0.10169441959534413,PASS,complete raster; positive finite gamma0; no edge validity loss; temporal distribution consistent
20231212,VV,S1A_IW_GRDH_1SDV_20231212T051951_20231212T052016_051617_063B7D_rtc_VV_gamma0_rtc.tif,EPSG:32633,10.0,2919,2408,-32768.0,1.0,1.0,1.0,-15.618595701649777,-8.895840241097561,-0.43042797545304823,1.0142192773183323,PASS,complete raster; positive finite gamma0; no edge validity loss; temporal distribution consistent
20231212,VH,S1A_IW_GRDH_1SDV_20231212T051951_20231212T052016_051617_063B7D_rtc_VH_gamma0_rtc.tif,EPSG:32633,10.0,2919,2408,-32768.0,1.0,1.0,1.0,-21.88143181166323,-15.53524656148144,-8.006618117827621,0.2830701223906211,PASS,complete raster; positive finite gamma0; no edge validity loss; temporal distribution consistent
20231224,VV,S1A_IW_GRDH_1SDV_20231224T051950_20231224T052015_051792_064185_rtc_VV_gamma0_rtc.tif,EPSG:32633,10.0,2919,2408,-32768.0,1.0,1.0,1.0,-16.708122566829623,-10.116522553792786,-0.8596420627193904,-0.6279215822670855,PASS,complete raster; positive finite gamma0; no edge validity loss; temporal distribution consistent
20231224,VH,S1A_IW_GRDH_1SDV_20231224T051950_20231224T052015_051792_064185_rtc_VH_gamma0_rtc.tif,EPSG:32633,10.0,2919,2408,-32768.0,1.0,1.0,1.0,-23.616121792012883,-16.52717116135981,-7.964797719356788,-0.7246622541733184,PASS,complete raster; positive finite gamma0; no edge validity loss; temporal distribution consistent
