date,pilot_id,class4,zone,n_scl_pixels,valid_fraction,cloud_fraction,shadow_fraction,saturated_defective_fraction,nodata_fraction,dark_area_fraction,unclassified_fraction,status
2023-02-17,P001,VINEYARD,Imola,51,1.0,0.0,0.0,0.0,0.0,0.0,0.0,PASS
2023-02-17,P002,VINEYARD,Imola,67,1.0,0.0,0.0,0.0,0.0,0.0,0.0,PASS
2023-02-17,P003,VINEYARD,Imola,78,1.0,0.0,0.0,0.0,0.0,0.0,0.0,PASS
2023-02-17,P004,VINEYARD,Imola,58,1.0,0.0,0.0,0.0,0.0,0.0,0.0,PASS
2023-02-17,P005,VINEYARD,Castel_Bolognese,32,1.0,0.0,0.0,0.0,0.0,0.0,0.0,PASS
2023-02-17,P006,VINEYARD,Castel_Bolognese,81,1.0,0.0,0.0,0.0,0.0,0.0,0.0,PASS
2023-02-17,P007,VINEYARD,Castel_Bolognese,40,1.0,0.0,0.0,0.0,0.0,0.0,0.0,PASS
2023-02-17,P008,VINEYARD,Castel_Bolognese,76,1.0,0.0,0.0,0.0,0.0,0.0,0.0,PASS
2023-02-17,P009,VINEYARD,Faenza,31,1.0,0.0,0.0,0.0,0.0,0.0,0.0,PASS
2023-02-17,P010,VINEYARD,Faenza,77,1.0,0.0,0.0,0.0,0.0,0.0,0.0,PASS
2023-02-17,P011,VINEYARD,Faenza,57,1.0,0.0,0.0,0.0,0.0,0.0,0.0,PASS
2023-02-17,P012,VINEYARD,Faenza,41,1.0,0.0,0.0,0.0,0.0,0.0,0.0,PASS
2023-02-17,P013,ORCHARD,Imola,28,1.0,0.0,0.0,0.0,0.0,0.0,0.0,PASS
2023-02-17,P014,ORCHARD,Imola,24,1.0,0.0,0.0,0.0,0.0,0.0,0.0,PASS
2023-02-17,P015,ORCHARD,Imola,43,1.0,0.0,0.0,0.0,0.0,0.0,0.0,PASS
2023-02-17,P016,ORCHARD,Imola,35,1.0,0.0,0.0,0.0,0.0,0.0,0.0,PASS
2023-02-17,P017,ORCHARD,Castel_Bolognese,122,1.0,0.0,0.0,0.0,0.0,0.0,0.0,PASS
2023-02-17,P018,ORCHARD,Castel_Bolognese,49,1.0,0.0,0.0,0.0,0.0,0.0,0.0,PASS
2023-02-17,P019,ORCHARD,Castel_Bolognese,33,1.0,0.0,0.0,0.0,0.0,0.0,0.0,PASS
2023-02-17,P020,ORCHARD,Castel_Bolognese,99,1.0,0.0,0.0,0.0,0.0,0.0,0.0,PASS
2023-02-17,P021,ORCHARD,Faenza,61,1.0,0.0,0.0,0.0,0.0,0.0,0.0,PASS
2023-02-17,P022,ORCHARD,Faenza,62,1.0,0.0,0.0,0.0,0.0,0.0,0.0,PASS
2023-02-17,P023,ORCHARD,Faenza,38,1.0,0.0,0.0,0.0,0.0,0.0,0.0,PASS
2023-02-17,P024,ORCHARD,Faenza,30,1.0,0.0,0.0,0.0,0.0,0.0,0.0,PASS
2023-02-17,P025,OLIVE,Imola,46,1.0,0.0,0.0,0.0,0.0,0.0,0.0,PASS
2023-02-17,P026,OLIVE,Imola,30,1.0,0.0,0.0,0.0,0.0,0.0,0.0,PASS
2023-02-17,P027,OLIVE,Imola,122,1.0,0.0,0.0,0.0,0.0,0.0,0.0,PASS
2023-02-17,P028,OLIVE,Imola,107,1.0,0.0,0.0,0.0,0.0,0.0,0.0,PASS
2023-02-17,P029,OLIVE,Castel_Bolognese,30,1.0,0.0,0.0,0.0,0.0,0.0,0.0,PASS
2023-02-17,P030,OLIVE,Castel_Bolognese,23,1.0,0.0,0.0,0.0,0.0,0.0,0.0,PASS
2023-02-17,P031,OLIVE,Castel_Bolognese,18,1.0,0.0,0.0,0.0,0.0,0.0,0.0,PASS
2023-02-17,P032,OLIVE,Faenza,43,1.0,0.0,0.0,0.0,0.0,0.0,0.0,PASS
2023-02-17,P033,OLIVE,Faenza,44,1.0,0.0,0.0,0.0,0.0,0.0,0.0,PASS
2023-02-17,P034,OLIVE,Faenza,45,1.0,0.0,0.0,0.0,0.0,0.0,0.0,PASS
2023-02-17,P035,OLIVE,Faenza,83,1.0,0.0,0.0,0.0,0.0,0.0,0.0,PASS
2023-02-17,P036,ANNUAL,Imola,47,1.0,0.0,0.0,0.0,0.0,0.0,0.0,PASS
2023-02-17,P037,ANNUAL,Imola,44,1.0,0.0,0.0,0.0,0.0,0.0,0.0,PASS
2023-02-17,P038,ANNUAL,Imola,41,1.0,0.0,0.0,0.0,0.0,0.0,0.0,PASS
2023-02-17,P039,ANNUAL,Imola,93,1.0,0.0,0.0,0.0,0.0,0.0,0.0,PASS
2023-02-17,P040,ANNUAL,Castel_Bolognese,37,1.0,0.0,0.0,0.0,0.0,0.0,0.0,PASS
2023-02-17,P041,ANNUAL,Castel_Bolognese,37,1.0,0.0,0.0,0.0,0.0,0.0,0.0,PASS
2023-02-17,P042,ANNUAL,Castel_Bolognese,59,1.0,0.0,0.0,0.0,0.0,0.0,0.0,PASS
2023-02-17,P043,ANNUAL,Castel_Bolognese,88,1.0,0.0,0.0,0.0,0.0,0.0,0.0,PASS
2023-02-17,P044,ANNUAL,Faenza,42,1.0,0.0,0.0,0.0,0.0,0.0,0.0,PASS
2023-02-17,P045,ANNUAL,Faenza,65,1.0,0.0,0.0,0.0,0.0,0.0,0.0,PASS
2023-02-17,P046,ANNUAL,Faenza,40,1.0,0.0,0.0,0.0,0.0,0.0,0.0,PASS
2023-02-17,P047,ANNUAL,Faenza,57,1.0,0.0,0.0,0.0,0.0,0.0,0.0,PASS
2023-05-23,P001,VINEYARD,Imola,51,1.0,0.0,0.0,0.0,0.0,0.0,0.0,PASS
2023-05-23,P002,VINEYARD,Imola,67,1.0,0.0,0.0,0.0,0.0,0.0,0.0,PASS
2023-05-23,P003,VINEYARD,Imola,78,1.0,0.0,0.0,0.0,0.0,0.0,0.0,PASS
2023-05-23,P004,VINEYARD,Imola,58,1.0,0.0,0.0,0.0,0.0,0.0,0.0,PASS
2023-05-23,P005,VINEYARD,Castel_Bolognese,32,1.0,0.0,0.0,0.0,0.0,0.0,0.0,PASS
2023-05-23,P006,VINEYARD,Castel_Bolognese,81,1.0,0.0,0.0,0.0,0.0,0.0,0.0,PASS
2023-05-23,P007,VINEYARD,Castel_Bolognese,40,1.0,0.0,0.0,0.0,0.0,0.0,0.0,PASS
2023-05-23,P008,VINEYARD,Castel_Bolognese,76,1.0,0.0,0.0,0.0,0.0,0.0,0.0,PASS
2023-05-23,P009,VINEYARD,Faenza,31,1.0,0.0,0.0,0.0,0.0,0.0,0.0,PASS
2023-05-23,P010,VINEYARD,Faenza,77,1.0,0.0,0.0,0.0,0.0,0.0,0.0,PASS
2023-05-23,P011,VINEYARD,Faenza,57,1.0,0.0,0.0,0.0,0.0,0.0,0.0,PASS
2023-05-23,P012,VINEYARD,Faenza,41,1.0,0.0,0.0,0.0,0.0,0.0,0.0,PASS
2023-05-23,P013,ORCHARD,Imola,28,1.0,0.0,0.0,0.0,0.0,0.0,0.0,PASS
2023-05-23,P014,ORCHARD,Imola,24,1.0,0.0,0.0,0.0,0.0,0.0,0.0,PASS
2023-05-23,P015,ORCHARD,Imola,43,1.0,0.0,0.0,0.0,0.0,0.0,0.0,PASS
2023-05-23,P016,ORCHARD,Imola,35,1.0,0.0,0.0,0.0,0.0,0.0,0.0,PASS
2023-05-23,P017,ORCHARD,Castel_Bolognese,122,1.0,0.0,0.0,0.0,0.0,0.0,0.0,PASS
2023-05-23,P018,ORCHARD,Castel_Bolognese,49,1.0,0.0,0.0,0.0,0.0,0.0,0.0,PASS
2023-05-23,P019,ORCHARD,Castel_Bolognese,33,1.0,0.0,0.0,0.0,0.0,0.0,0.0,PASS
2023-05-23,P020,ORCHARD,Castel_Bolognese,99,1.0,0.0,0.0,0.0,0.0,0.0,0.0,PASS
2023-05-23,P021,ORCHARD,Faenza,61,1.0,0.0,0.0,0.0,0.0,0.0,0.0,PASS
2023-05-23,P022,ORCHARD,Faenza,62,1.0,0.0,0.0,0.0,0.0,0.0,0.0,PASS
2023-05-23,P023,ORCHARD,Faenza,38,1.0,0.0,0.0,0.0,0.0,0.0,0.0,PASS
2023-05-23,P024,ORCHARD,Faenza,30,1.0,0.0,0.0,0.0,0.0,0.0,0.0,PASS
2023-05-23,P025,OLIVE,Imola,46,1.0,0.0,0.0,0.0,0.0,0.0,0.0,PASS
2023-05-23,P026,OLIVE,Imola,30,1.0,0.0,0.0,0.0,0.0,0.0,0.0,PASS
2023-05-23,P027,OLIVE,Imola,122,1.0,0.0,0.0,0.0,0.0,0.0,0.0,PASS
2023-05-23,P028,OLIVE,Imola,107,1.0,0.0,0.0,0.0,0.0,0.0,0.0,PASS
2023-05-23,P029,OLIVE,Castel_Bolognese,30,1.0,0.0,0.0,0.0,0.0,0.0,0.0,PASS
2023-05-23,P030,OLIVE,Castel_Bolognese,23,1.0,0.0,0.0,0.0,0.0,0.0,0.0,PASS
2023-05-23,P031,OLIVE,Castel_Bolognese,18,1.0,0.0,0.0,0.0,0.0,0.0,0.0,PASS
2023-05-23,P032,OLIVE,Faenza,43,1.0,0.0,0.0,0.0,0.0,0.0,0.0,PASS
2023-05-23,P033,OLIVE,Faenza,44,1.0,0.0,0.0,0.0,0.0,0.0,0.0,PASS
2023-05-23,P034,OLIVE,Faenza,45,1.0,0.0,0.0,0.0,0.0,0.0,0.0,PASS
2023-05-23,P035,OLIVE,Faenza,83,1.0,0.0,0.0,0.0,0.0,0.0,0.0,PASS
2023-05-23,P036,ANNUAL,Imola,47,1.0,0.0,0.0,0.0,0.0,0.0,0.0,PASS
2023-05-23,P037,ANNUAL,Imola,44,1.0,0.0,0.0,0.0,0.0,0.0,0.0,PASS
2023-05-23,P038,ANNUAL,Imola,41,1.0,0.0,0.0,0.0,0.0,0.0,0.0,PASS
2023-05-23,P039,ANNUAL,Imola,93,1.0,0.0,0.0,0.0,0.0,0.0,0.0,PASS
2023-05-23,P040,ANNUAL,Castel_Bolognese,37,1.0,0.0,0.0,0.0,0.0,0.0,0.0,PASS
2023-05-23,P041,ANNUAL,Castel_Bolognese,37,1.0,0.0,0.0,0.0,0.0,0.0,0.0,PASS
2023-05-23,P042,ANNUAL,Castel_Bolognese,59,1.0,0.0,0.0,0.0,0.0,0.0,0.0,PASS
2023-05-23,P043,ANNUAL,Castel_Bolognese,88,1.0,0.0,0.0,0.0,0.0,0.0,0.0,PASS
2023-05-23,P044,ANNUAL,Faenza,42,1.0,0.0,0.0,0.0,0.0,0.0,0.0,PASS
2023-05-23,P045,ANNUAL,Faenza,65,1.0,0.0,0.0,0.0,0.0,0.0,0.0,PASS
2023-05-23,P046,ANNUAL,Faenza,40,1.0,0.0,0.0,0.0,0.0,0.0,0.0,PASS
2023-05-23,P047,ANNUAL,Faenza,57,1.0,0.0,0.0,0.0,0.0,0.0,0.0,PASS
2023-07-17,P001,VINEYARD,Imola,51,1.0,0.0,0.0,0.0,0.0,0.0,0.0,PASS
2023-07-17,P002,VINEYARD,Imola,67,1.0,0.0,0.0,0.0,0.0,0.0,0.0,PASS
2023-07-17,P003,VINEYARD,Imola,78,1.0,0.0,0.0,0.0,0.0,0.0,0.0,PASS
2023-07-17,P004,VINEYARD,Imola,58,1.0,0.0,0.0,0.0,0.0,0.0,0.0,PASS
2023-07-17,P005,VINEYARD,Castel_Bolognese,32,1.0,0.0,0.0,0.0,0.0,0.0,0.0,PASS
2023-07-17,P006,VINEYARD,Castel_Bolognese,81,1.0,0.0,0.0,0.0,0.0,0.0,0.0,PASS
2023-07-17,P007,VINEYARD,Castel_Bolognese,40,1.0,0.0,0.0,0.0,0.0,0.0,0.0,PASS
2023-07-17,P008,VINEYARD,Castel_Bolognese,76,1.0,0.0,0.0,0.0,0.0,0.0,0.0,PASS
2023-07-17,P009,VINEYARD,Faenza,31,1.0,0.0,0.0,0.0,0.0,0.0,0.0,PASS
2023-07-17,P010,VINEYARD,Faenza,77,1.0,0.0,0.0,0.0,0.0,0.0,0.0,PASS
2023-07-17,P011,VINEYARD,Faenza,57,1.0,0.0,0.0,0.0,0.0,0.0,0.0,PASS
2023-07-17,P012,VINEYARD,Faenza,41,1.0,0.0,0.0,0.0,0.0,0.0,0.0,PASS
2023-07-17,P013,ORCHARD,Imola,28,1.0,0.0,0.0,0.0,0.0,0.0,0.0,PASS
2023-07-17,P014,ORCHARD,Imola,24,1.0,0.0,0.0,0.0,0.0,0.0,0.0,PASS
2023-07-17,P015,ORCHARD,Imola,43,1.0,0.0,0.0,0.0,0.0,0.0,0.0,PASS
2023-07-17,P016,ORCHARD,Imola,35,1.0,0.0,0.0,0.0,0.0,0.0,0.0,PASS
2023-07-17,P017,ORCHARD,Castel_Bolognese,122,1.0,0.0,0.0,0.0,0.0,0.0,0.0,PASS
2023-07-17,P018,ORCHARD,Castel_Bolognese,49,1.0,0.0,0.0,0.0,0.0,0.0,0.0,PASS
2023-07-17,P019,ORCHARD,Castel_Bolognese,33,1.0,0.0,0.0,0.0,0.0,0.0,0.0,PASS
2023-07-17,P020,ORCHARD,Castel_Bolognese,99,1.0,0.0,0.0,0.0,0.0,0.0,0.0,PASS
2023-07-17,P021,ORCHARD,Faenza,61,1.0,0.0,0.0,0.0,0.0,0.0,0.0,PASS
2023-07-17,P022,ORCHARD,Faenza,62,1.0,0.0,0.0,0.0,0.0,0.0,0.0,PASS
2023-07-17,P023,ORCHARD,Faenza,38,1.0,0.0,0.0,0.0,0.0,0.0,0.0,PASS
2023-07-17,P024,ORCHARD,Faenza,30,1.0,0.0,0.0,0.0,0.0,0.0,0.0,PASS
2023-07-17,P025,OLIVE,Imola,46,1.0,0.0,0.0,0.0,0.0,0.0,0.0,PASS
2023-07-17,P026,OLIVE,Imola,30,1.0,0.0,0.0,0.0,0.0,0.0,0.0,PASS
2023-07-17,P027,OLIVE,Imola,122,1.0,0.0,0.0,0.0,0.0,0.0,0.0,PASS
2023-07-17,P028,OLIVE,Imola,107,1.0,0.0,0.0,0.0,0.0,0.0,0.0,PASS
2023-07-17,P029,OLIVE,Castel_Bolognese,30,1.0,0.0,0.0,0.0,0.0,0.0,0.0,PASS
2023-07-17,P030,OLIVE,Castel_Bolognese,23,1.0,0.0,0.0,0.0,0.0,0.0,0.0,PASS
2023-07-17,P031,OLIVE,Castel_Bolognese,18,1.0,0.0,0.0,0.0,0.0,0.0,0.0,PASS
2023-07-17,P032,OLIVE,Faenza,43,1.0,0.0,0.0,0.0,0.0,0.0,0.0,PASS
2023-07-17,P033,OLIVE,Faenza,44,1.0,0.0,0.0,0.0,0.0,0.0,0.0,PASS
2023-07-17,P034,OLIVE,Faenza,45,1.0,0.0,0.0,0.0,0.0,0.0,0.0,PASS
2023-07-17,P035,OLIVE,Faenza,83,1.0,0.0,0.0,0.0,0.0,0.0,0.0,PASS
2023-07-17,P036,ANNUAL,Imola,47,1.0,0.0,0.0,0.0,0.0,0.0,0.0,PASS
2023-07-17,P037,ANNUAL,Imola,44,1.0,0.0,0.0,0.0,0.0,0.0,0.0,PASS
2023-07-17,P038,ANNUAL,Imola,41,1.0,0.0,0.0,0.0,0.0,0.0,0.0,PASS
2023-07-17,P039,ANNUAL,Imola,93,1.0,0.0,0.0,0.0,0.0,0.0,0.0,PASS
2023-07-17,P040,ANNUAL,Castel_Bolognese,37,1.0,0.0,0.0,0.0,0.0,0.0,0.0,PASS
2023-07-17,P041,ANNUAL,Castel_Bolognese,37,1.0,0.0,0.0,0.0,0.0,0.0,0.0,PASS
2023-07-17,P042,ANNUAL,Castel_Bolognese,59,1.0,0.0,0.0,0.0,0.0,0.0,0.0,PASS
2023-07-17,P043,ANNUAL,Castel_Bolognese,88,1.0,0.0,0.0,0.0,0.0,0.0,0.0,PASS
2023-07-17,P044,ANNUAL,Faenza,42,1.0,0.0,0.0,0.0,0.0,0.0,0.0,PASS
2023-07-17,P045,ANNUAL,Faenza,65,1.0,0.0,0.0,0.0,0.0,0.0,0.0,PASS
2023-07-17,P046,ANNUAL,Faenza,40,1.0,0.0,0.0,0.0,0.0,0.0,0.0,PASS
2023-07-17,P047,ANNUAL,Faenza,57,1.0,0.0,0.0,0.0,0.0,0.0,0.0,PASS
2023-09-10,P001,VINEYARD,Imola,51,1.0,0.0,0.0,0.0,0.0,0.0,0.0,PASS
2023-09-10,P002,VINEYARD,Imola,67,1.0,0.0,0.0,0.0,0.0,0.0,0.0,PASS
2023-09-10,P003,VINEYARD,Imola,78,1.0,0.0,0.0,0.0,0.0,0.0,0.0,PASS
2023-09-10,P004,VINEYARD,Imola,58,1.0,0.0,0.0,0.0,0.0,0.0,0.0,PASS
2023-09-10,P005,VINEYARD,Castel_Bolognese,32,1.0,0.0,0.0,0.0,0.0,0.0,0.0,PASS
2023-09-10,P006,VINEYARD,Castel_Bolognese,81,1.0,0.0,0.0,0.0,0.0,0.0,0.0,PASS
2023-09-10,P007,VINEYARD,Castel_Bolognese,40,1.0,0.0,0.0,0.0,0.0,0.0,0.0,PASS
2023-09-10,P008,VINEYARD,Castel_Bolognese,76,1.0,0.0,0.0,0.0,0.0,0.0,0.0,PASS
2023-09-10,P009,VINEYARD,Faenza,31,1.0,0.0,0.0,0.0,0.0,0.0,0.0,PASS
2023-09-10,P010,VINEYARD,Faenza,77,1.0,0.0,0.0,0.0,0.0,0.0,0.0,PASS
2023-09-10,P011,VINEYARD,Faenza,57,1.0,0.0,0.0,0.0,0.0,0.0,0.0,PASS
2023-09-10,P012,VINEYARD,Faenza,41,1.0,0.0,0.0,0.0,0.0,0.0,0.0,PASS
2023-09-10,P013,ORCHARD,Imola,28,1.0,0.0,0.0,0.0,0.0,0.0,0.0,PASS
2023-09-10,P014,ORCHARD,Imola,24,1.0,0.0,0.0,0.0,0.0,0.0,0.0,PASS
2023-09-10,P015,ORCHARD,Imola,43,1.0,0.0,0.0,0.0,0.0,0.0,0.0,PASS
2023-09-10,P016,ORCHARD,Imola,35,1.0,0.0,0.0,0.0,0.0,0.0,0.0,PASS
2023-09-10,P017,ORCHARD,Castel_Bolognese,122,1.0,0.0,0.0,0.0,0.0,0.0,0.0,PASS
2023-09-10,P018,ORCHARD,Castel_Bolognese,49,1.0,0.0,0.0,0.0,0.0,0.0,0.0,PASS
2023-09-10,P019,ORCHARD,Castel_Bolognese,33,1.0,0.0,0.0,0.0,0.0,0.0,0.0,PASS
2023-09-10,P020,ORCHARD,Castel_Bolognese,99,1.0,0.0,0.0,0.0,0.0,0.0,0.0,PASS
2023-09-10,P021,ORCHARD,Faenza,61,1.0,0.0,0.0,0.0,0.0,0.0,0.0,PASS
2023-09-10,P022,ORCHARD,Faenza,62,1.0,0.0,0.0,0.0,0.0,0.0,0.0,PASS
2023-09-10,P023,ORCHARD,Faenza,38,1.0,0.0,0.0,0.0,0.0,0.0,0.0,PASS
2023-09-10,P024,ORCHARD,Faenza,30,1.0,0.0,0.0,0.0,0.0,0.0,0.0,PASS
2023-09-10,P025,OLIVE,Imola,46,1.0,0.0,0.0,0.0,0.0,0.0,0.0,PASS
2023-09-10,P026,OLIVE,Imola,30,1.0,0.0,0.0,0.0,0.0,0.0,0.0,PASS
2023-09-10,P027,OLIVE,Imola,122,1.0,0.0,0.0,0.0,0.0,0.0,0.0,PASS
2023-09-10,P028,OLIVE,Imola,107,1.0,0.0,0.0,0.0,0.0,0.0,0.0,PASS
2023-09-10,P029,OLIVE,Castel_Bolognese,30,1.0,0.0,0.0,0.0,0.0,0.0,0.0,PASS
2023-09-10,P030,OLIVE,Castel_Bolognese,23,1.0,0.0,0.0,0.0,0.0,0.0,0.0,PASS
2023-09-10,P031,OLIVE,Castel_Bolognese,18,1.0,0.0,0.0,0.0,0.0,0.0,0.0,PASS
2023-09-10,P032,OLIVE,Faenza,43,1.0,0.0,0.0,0.0,0.0,0.0,0.0,PASS
2023-09-10,P033,OLIVE,Faenza,44,1.0,0.0,0.0,0.0,0.0,0.0,0.0,PASS
2023-09-10,P034,OLIVE,Faenza,45,1.0,0.0,0.0,0.0,0.0,0.0,0.0,PASS
2023-09-10,P035,OLIVE,Faenza,83,1.0,0.0,0.0,0.0,0.0,0.0,0.0,PASS
2023-09-10,P036,ANNUAL,Imola,47,1.0,0.0,0.0,0.0,0.0,0.0,0.0,PASS
2023-09-10,P037,ANNUAL,Imola,44,1.0,0.0,0.0,0.0,0.0,0.0,0.0,PASS
2023-09-10,P038,ANNUAL,Imola,41,1.0,0.0,0.0,0.0,0.0,0.0,0.0,PASS
2023-09-10,P039,ANNUAL,Imola,93,1.0,0.0,0.0,0.0,0.0,0.0,0.0,PASS
2023-09-10,P040,ANNUAL,Castel_Bolognese,37,1.0,0.0,0.0,0.0,0.0,0.0,0.0,PASS
2023-09-10,P041,ANNUAL,Castel_Bolognese,37,1.0,0.0,0.0,0.0,0.0,0.0,0.0,PASS
2023-09-10,P042,ANNUAL,Castel_Bolognese,59,1.0,0.0,0.0,0.0,0.0,0.0,0.0,PASS
2023-09-10,P043,ANNUAL,Castel_Bolognese,88,1.0,0.0,0.0,0.0,0.0,0.0,0.0,PASS
2023-09-10,P044,ANNUAL,Faenza,42,1.0,0.0,0.0,0.0,0.0,0.0,0.0,PASS
2023-09-10,P045,ANNUAL,Faenza,65,1.0,0.0,0.0,0.0,0.0,0.0,0.0,PASS
2023-09-10,P046,ANNUAL,Faenza,40,1.0,0.0,0.0,0.0,0.0,0.0,0.0,PASS
2023-09-10,P047,ANNUAL,Faenza,57,1.0,0.0,0.0,0.0,0.0,0.0,0.0,PASS
2023-10-10,P001,VINEYARD,Imola,51,0.9215686274509803,0.0784313725490196,0.0,0.0,0.0,0.0,0.0,PASS
2023-10-10,P002,VINEYARD,Imola,67,1.0,0.0,0.0,0.0,0.0,0.0,0.0,PASS
2023-10-10,P003,VINEYARD,Imola,78,0.7307692307692307,0.2692307692307692,0.0,0.0,0.0,0.0,0.0,WARNING
2023-10-10,P004,VINEYARD,Imola,58,1.0,0.0,0.0,0.0,0.0,0.0,0.0,PASS
2023-10-10,P005,VINEYARD,Castel_Bolognese,32,1.0,0.0,0.0,0.0,0.0,0.0,0.0,PASS
2023-10-10,P006,VINEYARD,Castel_Bolognese,81,1.0,0.0,0.0,0.0,0.0,0.0,0.0,PASS
2023-10-10,P007,VINEYARD,Castel_Bolognese,40,0.0,1.0,0.0,0.0,0.0,0.0,0.0,FAIL
2023-10-10,P008,VINEYARD,Castel_Bolognese,76,0.0,1.0,0.0,0.0,0.0,0.0,0.0,FAIL
2023-10-10,P009,VINEYARD,Faenza,31,1.0,0.0,0.0,0.0,0.0,0.0,0.0,PASS
2023-10-10,P010,VINEYARD,Faenza,77,1.0,0.0,0.0,0.0,0.0,0.0,0.0,PASS
2023-10-10,P011,VINEYARD,Faenza,57,1.0,0.0,0.0,0.0,0.0,0.0,0.0,PASS
2023-10-10,P012,VINEYARD,Faenza,41,1.0,0.0,0.0,0.0,0.0,0.0,0.0,PASS
2023-10-10,P013,ORCHARD,Imola,28,0.6428571428571429,0.35714285714285715,0.0,0.0,0.0,0.0,0.0,WARNING
2023-10-10,P014,ORCHARD,Imola,24,1.0,0.0,0.0,0.0,0.0,0.0,0.0,PASS
2023-10-10,P015,ORCHARD,Imola,43,1.0,0.0,0.0,0.0,0.0,0.0,0.0,PASS
2023-10-10,P016,ORCHARD,Imola,35,0.0,1.0,0.0,0.0,0.0,0.0,0.0,FAIL
2023-10-10,P017,ORCHARD,Castel_Bolognese,122,1.0,0.0,0.0,0.0,0.0,0.0,0.0,PASS
2023-10-10,P018,ORCHARD,Castel_Bolognese,49,1.0,0.0,0.0,0.0,0.0,0.0,0.0,PASS
2023-10-10,P019,ORCHARD,Castel_Bolognese,33,1.0,0.0,0.0,0.0,0.0,0.0,0.0,PASS
2023-10-10,P020,ORCHARD,Castel_Bolognese,99,1.0,0.0,0.0,0.0,0.0,0.0,0.0,PASS
2023-10-10,P021,ORCHARD,Faenza,61,1.0,0.0,0.0,0.0,0.0,0.0,0.0,PASS
2023-10-10,P022,ORCHARD,Faenza,62,1.0,0.0,0.0,0.0,0.0,0.0,0.0,PASS
2023-10-10,P023,ORCHARD,Faenza,38,1.0,0.0,0.0,0.0,0.0,0.0,0.0,PASS
2023-10-10,P024,ORCHARD,Faenza,30,1.0,0.0,0.0,0.0,0.0,0.0,0.0,PASS
2023-10-10,P025,OLIVE,Imola,46,1.0,0.0,0.0,0.0,0.0,0.0,0.0,PASS
2023-10-10,P026,OLIVE,Imola,30,1.0,0.0,0.0,0.0,0.0,0.0,0.0,PASS
2023-10-10,P027,OLIVE,Imola,122,1.0,0.0,0.0,0.0,0.0,0.0,0.0,PASS
2023-10-10,P028,OLIVE,Imola,107,1.0,0.0,0.0,0.0,0.0,0.0,0.0,PASS
2023-10-10,P029,OLIVE,Castel_Bolognese,30,1.0,0.0,0.0,0.0,0.0,0.0,0.0,PASS
2023-10-10,P030,OLIVE,Castel_Bolognese,23,1.0,0.0,0.0,0.0,0.0,0.0,0.0,PASS
2023-10-10,P031,OLIVE,Castel_Bolognese,18,1.0,0.0,0.0,0.0,0.0,0.0,0.0,PASS
2023-10-10,P032,OLIVE,Faenza,43,1.0,0.0,0.0,0.0,0.0,0.0,0.0,PASS
2023-10-10,P033,OLIVE,Faenza,44,1.0,0.0,0.0,0.0,0.0,0.0,0.0,PASS
2023-10-10,P034,OLIVE,Faenza,45,1.0,0.0,0.0,0.0,0.0,0.0,0.0,PASS
2023-10-10,P035,OLIVE,Faenza,83,1.0,0.0,0.0,0.0,0.0,0.0,0.0,PASS
2023-10-10,P036,ANNUAL,Imola,47,1.0,0.0,0.0,0.0,0.0,0.0,0.0,PASS
2023-10-10,P037,ANNUAL,Imola,44,1.0,0.0,0.0,0.0,0.0,0.0,0.0,PASS
2023-10-10,P038,ANNUAL,Imola,41,1.0,0.0,0.0,0.0,0.0,0.0,0.0,PASS
2023-10-10,P039,ANNUAL,Imola,93,1.0,0.0,0.0,0.0,0.0,0.0,0.0,PASS
2023-10-10,P040,ANNUAL,Castel_Bolognese,37,1.0,0.0,0.0,0.0,0.0,0.0,0.0,PASS
2023-10-10,P041,ANNUAL,Castel_Bolognese,37,1.0,0.0,0.0,0.0,0.0,0.0,0.0,PASS
2023-10-10,P042,ANNUAL,Castel_Bolognese,59,1.0,0.0,0.0,0.0,0.0,0.0,0.0,PASS
2023-10-10,P043,ANNUAL,Castel_Bolognese,88,1.0,0.0,0.0,0.0,0.0,0.0,0.0,PASS
2023-10-10,P044,ANNUAL,Faenza,42,1.0,0.0,0.0,0.0,0.0,0.0,0.0,PASS
2023-10-10,P045,ANNUAL,Faenza,65,1.0,0.0,0.0,0.0,0.0,0.0,0.0,PASS
2023-10-10,P046,ANNUAL,Faenza,40,1.0,0.0,0.0,0.0,0.0,0.0,0.0,PASS
2023-10-10,P047,ANNUAL,Faenza,57,1.0,0.0,0.0,0.0,0.0,0.0,0.0,PASS
